-- phpMyAdmin SQL Dump
-- version 4.0.10.16
-- http://www.phpmyadmin.net
--
-- Хост: localhost
-- Час створення: Лют 03 2017 р., 21:29
-- Версія сервера: 5.5.54-0+deb7u1-log
-- Версія PHP: 5.4.45-0+deb7u6

SET SQL_MODE = "NO_AUTO_VALUE_ON_ZERO";
SET time_zone = "+00:00";


/*!40101 SET @OLD_CHARACTER_SET_CLIENT=@@CHARACTER_SET_CLIENT */;
/*!40101 SET @OLD_CHARACTER_SET_RESULTS=@@CHARACTER_SET_RESULTS */;
/*!40101 SET @OLD_COLLATION_CONNECTION=@@COLLATION_CONNECTION */;
/*!40101 SET NAMES utf8 */;

--
-- База даних: `porukam`
--

-- --------------------------------------------------------

--
-- Структура таблиці `oc_t_admin`
--

CREATE TABLE IF NOT EXISTS `oc_t_admin` (
  `pk_i_id` int(10) unsigned NOT NULL AUTO_INCREMENT,
  `s_name` varchar(100) NOT NULL,
  `s_username` varchar(40) NOT NULL,
  `s_password` char(60) NOT NULL,
  `s_email` varchar(100) DEFAULT NULL,
  `s_secret` varchar(40) DEFAULT NULL,
  `b_moderator` tinyint(1) NOT NULL DEFAULT '0',
  PRIMARY KEY (`pk_i_id`),
  UNIQUE KEY `s_username` (`s_username`),
  UNIQUE KEY `s_email` (`s_email`)
) ENGINE=InnoDB  DEFAULT CHARSET=utf8 AUTO_INCREMENT=2 ;

--
-- Дамп даних таблиці `oc_t_admin`
--

INSERT INTO `oc_t_admin` (`pk_i_id`, `s_name`, `s_username`, `s_password`, `s_email`, `s_secret`, `b_moderator`) VALUES
(1, 'Administrator', 'admin', '$2y$15$DJY2zfRiVROgCAeYf4Y3EOEB1iZY9xkPF8lwWH.OJBZhaWIXh3cI6', 'mikola.tolok@gmail.com', 'cV9C5TtQ', 0);

-- --------------------------------------------------------

--
-- Структура таблиці `oc_t_alerts`
--

CREATE TABLE IF NOT EXISTS `oc_t_alerts` (
  `pk_i_id` int(10) unsigned NOT NULL AUTO_INCREMENT,
  `s_email` varchar(100) DEFAULT NULL,
  `fk_i_user_id` int(10) unsigned DEFAULT NULL,
  `s_search` longtext,
  `s_secret` varchar(40) DEFAULT NULL,
  `b_active` tinyint(1) NOT NULL DEFAULT '0',
  `e_type` enum('INSTANT','HOURLY','DAILY','WEEKLY','CUSTOM') NOT NULL,
  `dt_date` datetime DEFAULT NULL,
  `dt_unsub_date` datetime DEFAULT NULL,
  PRIMARY KEY (`pk_i_id`)
) ENGINE=InnoDB  DEFAULT CHARSET=utf8 AUTO_INCREMENT=9 ;

--
-- Дамп даних таблиці `oc_t_alerts`
--

INSERT INTO `oc_t_alerts` (`pk_i_id`, `s_email`, `fk_i_user_id`, `s_search`, `s_secret`, `b_active`, `e_type`, `dt_date`, `dt_unsub_date`) VALUES
(1, 'main@design-plus.kiev.ua', 2, '{"price_min":0,"price_max":0,"aCategories":["130","131","132","133","134","135","136","137"],"city_areas":[],"cities":["oc_t_item_location.s_city LIKE ''\\u0424\\u0430\\u0441\\u0442\\u0456\\u0432'' "],"regions":["oc_t_item_location.s_region LIKE ''\\u041a\\u0438\\u0457\\u0432\\u0441\\u044c\\u043a\\u0430 \\u043e\\u0431\\u043b\\u0430\\u0441\\u0442\\u044c'' "],"countries":["oc_t_item_location.fk_c_country_code = ''ua'' "],"withPattern":false,"sPattern":null,"tables":[],"tables_join":[],"no_catched_tables":[],"no_catched_conditions":[],"user_ids":null,"order_column":"dt_pub_date","order_direction":"desc","limit_init":0,"results_per_page":"12"}', 'SYWVS2Zj', 1, 'DAILY', '2016-03-09 01:42:58', '2016-03-09 01:58:09'),
(2, 'main@design-plus.kiev.ua', 2, '{"price_min":0,"price_max":0,"aCategories":["133"],"city_areas":[],"cities":[],"regions":[],"countries":["oc_t_item_location.fk_c_country_code = ''ua'' "],"withPattern":false,"sPattern":null,"tables":[],"tables_join":[],"no_catched_tables":[],"no_catched_conditions":[],"user_ids":null,"order_column":"dt_pub_date","order_direction":"desc","limit_init":0,"results_per_page":"12"}', 'g7wDfKqb', 1, 'DAILY', '2016-03-09 01:58:38', NULL),
(3, 'main@design-plus.kiev.ua', 2, '{"price_min":0,"price_max":0,"aCategories":[],"city_areas":[],"cities":[],"regions":["oc_t_item_location.fk_i_region_id = 1 "],"countries":["oc_t_item_location.fk_c_country_code = ''ua'' "],"withPattern":true,"sPattern":"\\u0414\\u043e\\u043c","tables":[],"tables_join":[],"no_catched_tables":[],"no_catched_conditions":[],"user_ids":null,"order_column":"dt_pub_date","order_direction":"desc","limit_init":0,"results_per_page":"12"}', 'WZ9FBZyF', 1, 'DAILY', '2016-03-09 15:17:19', '2016-03-09 19:20:13'),
(4, 'anjemay@stolyca.com.ua', 6, '{"price_min":0,"price_max":0,"aCategories":["484","485","486","487","488","489","490","491","492","493","494","495","496","497","498","499","500","501","502","503","504","505","506","507","508","509","510","511","512","513","514","515","516","517"],"city_areas":[],"cities":[],"regions":[],"countries":[],"withPattern":true,"sPattern":"\\u0416\\u0435\\u043b\\u0435\\u0437\\u043e\\u0431\\u0435\\u0442\\u043e\\u043d","tables":[],"tables_join":{"pk_i_id":["oc_t_user","oc_t_item.fk_i_user_id = oc_t_user.pk_i_id","LEFT OUTER"]},"no_catched_tables":[],"no_catched_conditions":["coalesce(oc_t_user.b_company, 0) <> 1"],"user_ids":null,"order_column":"dt_pub_date","order_direction":"desc","limit_init":0,"results_per_page":"12"}', 'LdAG2liL', 1, 'DAILY', '2016-03-12 23:14:28', '2016-03-12 23:17:58'),
(5, 'anjemay@stolyca.com.ua', 6, '{"price_min":0,"price_max":0,"aCategories":[],"city_areas":[],"cities":[],"regions":[],"countries":[],"withPattern":false,"sPattern":null,"tables":[],"tables_join":{"pk_i_id":["oc_t_user","oc_t_item.fk_i_user_id = oc_t_user.pk_i_id","LEFT OUTER"]},"no_catched_tables":[],"no_catched_conditions":["oc_t_user.b_company = 1"],"user_ids":null,"order_column":"dt_pub_date","order_direction":"desc","limit_init":0,"results_per_page":"12"}', 'Raa7311m', 1, 'DAILY', '2016-03-12 23:16:52', '2016-03-12 23:17:16'),
(6, 'anjemay@stolyca.com.ua', 6, '{"price_min":0,"price_max":0,"aCategories":[],"city_areas":[],"cities":[],"regions":[],"countries":[],"withPattern":true,"sPattern":"\\u0416\\u0435\\u043b\\u0435\\u0437\\u043e\\u0431\\u0435\\u0442\\u043e\\u043d","tables":[],"tables_join":[],"no_catched_tables":[],"no_catched_conditions":[],"user_ids":null,"order_column":"dt_pub_date","order_direction":"desc","limit_init":0,"results_per_page":"12"}', 'KzJgLa1B', 1, 'DAILY', '2016-03-12 23:34:41', NULL),
(7, 'vish_vish@list.ru', 1, '{"price_min":0,"price_max":0,"aCategories":["484","485","486","487","488","489","490","491","492","493","494","495","496","497","498","499","500","501","502","503","504","505","506","507","508","509","510","511","512","513","514","515","516","517"],"city_areas":[],"cities":[],"regions":[],"countries":[],"withPattern":false,"sPattern":null,"tables":[],"tables_join":{"pk_i_id":["oc_t_user","oc_t_item.fk_i_user_id = oc_t_user.pk_i_id","LEFT OUTER"]},"no_catched_tables":[],"no_catched_conditions":["oc_t_user.b_company = 1"],"user_ids":null,"order_column":"dt_pub_date","order_direction":"desc","limit_init":0,"results_per_page":"12"}', '34qJQdMO', 1, 'DAILY', '2016-11-23 16:50:27', NULL),
(8, 'vish_vish@list.ru', 1, '{"price_min":0,"price_max":0,"aCategories":["141"],"city_areas":[],"cities":[],"regions":[],"countries":[],"withPattern":false,"sPattern":null,"tables":[],"tables_join":[],"no_catched_tables":[],"no_catched_conditions":[],"user_ids":null,"order_column":"dt_pub_date","order_direction":"desc","limit_init":0,"results_per_page":"12"}', 'iceF9aAG', 1, 'DAILY', '2017-01-27 15:24:39', NULL);

-- --------------------------------------------------------

--
-- Структура таблиці `oc_t_alerts_sent`
--

CREATE TABLE IF NOT EXISTS `oc_t_alerts_sent` (
  `d_date` date NOT NULL,
  `i_num_alerts_sent` int(10) unsigned NOT NULL DEFAULT '0',
  PRIMARY KEY (`d_date`)
) ENGINE=InnoDB DEFAULT CHARSET=utf8;

--
-- Дамп даних таблиці `oc_t_alerts_sent`
--

INSERT INTO `oc_t_alerts_sent` (`d_date`, `i_num_alerts_sent`) VALUES
('2016-03-19', 1);

-- --------------------------------------------------------

--
-- Структура таблиці `oc_t_ban_rule`
--

CREATE TABLE IF NOT EXISTS `oc_t_ban_rule` (
  `pk_i_id` int(10) unsigned NOT NULL AUTO_INCREMENT,
  `s_name` varchar(250) NOT NULL DEFAULT '',
  `s_ip` varchar(50) NOT NULL DEFAULT '',
  `s_email` varchar(250) NOT NULL DEFAULT '',
  PRIMARY KEY (`pk_i_id`)
) ENGINE=InnoDB DEFAULT CHARSET=utf8 AUTO_INCREMENT=1 ;

-- --------------------------------------------------------

--
-- Структура таблиці `oc_t_category`
--

CREATE TABLE IF NOT EXISTS `oc_t_category` (
  `pk_i_id` int(10) unsigned NOT NULL AUTO_INCREMENT,
  `fk_i_parent_id` int(10) unsigned DEFAULT NULL,
  `i_expiration_days` int(3) unsigned NOT NULL DEFAULT '0',
  `i_position` int(2) unsigned NOT NULL DEFAULT '0',
  `b_enabled` tinyint(1) NOT NULL DEFAULT '1',
  `b_price_enabled` tinyint(1) NOT NULL DEFAULT '1',
  `s_icon` varchar(250) DEFAULT NULL,
  `s_color` varchar(50) DEFAULT NULL,
  PRIMARY KEY (`pk_i_id`),
  KEY `fk_i_parent_id` (`fk_i_parent_id`),
  KEY `i_position` (`i_position`)
) ENGINE=InnoDB  DEFAULT CHARSET=utf8 AUTO_INCREMENT=519 ;

--
-- Дамп даних таблиці `oc_t_category`
--

INSERT INTO `oc_t_category` (`pk_i_id`, `fk_i_parent_id`, `i_expiration_days`, `i_position`, `b_enabled`, `b_price_enabled`, `s_icon`, `s_color`) VALUES
(1, NULL, 0, 11, 0, 1, NULL, NULL),
(2, NULL, 0, 2, 1, 1, NULL, '#F44336'),
(3, NULL, 0, 12, 0, 1, NULL, NULL),
(4, NULL, 0, 4, 1, 1, NULL, '#F44336'),
(5, NULL, 0, 7, 1, 1, NULL, '#F44336'),
(6, NULL, 0, 13, 0, 1, NULL, NULL),
(7, NULL, 0, 14, 0, 1, NULL, NULL),
(8, NULL, 0, 5, 1, 1, NULL, '#F44336'),
(9, 1, 0, 0, 0, 1, NULL, NULL),
(10, 1, 0, 1, 0, 1, NULL, NULL),
(11, 1, 0, 2, 0, 1, NULL, NULL),
(12, 1, 0, 3, 0, 1, NULL, NULL),
(13, 1, 0, 4, 0, 1, NULL, NULL),
(14, 1, 0, 5, 0, 1, NULL, NULL),
(15, 1, 0, 6, 0, 1, NULL, NULL),
(16, 1, 0, 7, 0, 1, NULL, NULL),
(17, 1, 0, 8, 0, 1, NULL, NULL),
(18, 1, 0, 9, 0, 1, NULL, NULL),
(19, 1, 0, 10, 0, 1, NULL, NULL),
(20, 1, 0, 11, 0, 1, NULL, NULL),
(21, 1, 0, 12, 0, 1, NULL, NULL),
(22, 1, 0, 13, 0, 1, NULL, NULL),
(23, 1, 0, 14, 0, 1, NULL, NULL),
(24, 1, 0, 15, 0, 1, NULL, NULL),
(25, 1, 0, 16, 0, 1, NULL, NULL),
(26, 1, 0, 17, 0, 1, NULL, NULL),
(27, 129, 0, 5, 1, 1, NULL, NULL),
(28, 1, 0, 18, 0, 1, NULL, NULL),
(29, 1, 0, 19, 0, 1, NULL, NULL),
(30, 1, 0, 20, 0, 1, NULL, NULL),
(31, 2, 0, 0, 1, 1, NULL, NULL),
(32, 2, 0, 16, 1, 1, NULL, NULL),
(33, 2, 0, 2, 1, 1, NULL, NULL),
(34, 2, 0, 17, 1, 1, NULL, NULL),
(35, 2, 0, 1, 1, 1, NULL, NULL),
(36, 2, 0, 18, 1, 1, NULL, NULL),
(37, 2, 0, 20, 1, 1, NULL, NULL),
(38, 3, 0, 0, 0, 1, NULL, NULL),
(39, 3, 0, 1, 0, 1, NULL, NULL),
(40, 3, 0, 2, 0, 1, NULL, NULL),
(41, 3, 0, 3, 0, 1, NULL, NULL),
(42, 3, 0, 4, 0, 1, NULL, NULL),
(43, 4, 0, 3, 1, 1, NULL, NULL),
(44, 4, 0, 0, 1, 1, NULL, NULL),
(45, 44, 0, 0, 1, 1, NULL, NULL),
(46, 44, 0, 1, 1, 1, NULL, NULL),
(47, 4, 0, 1, 1, 1, NULL, NULL),
(48, 47, 0, 0, 1, 1, NULL, NULL),
(49, 47, 0, 1, 1, 1, NULL, NULL),
(50, 4, 0, 2, 1, 1, NULL, NULL),
(51, 4, 0, 3, 1, 1, NULL, NULL),
(52, 5, 0, 17, 1, 1, NULL, NULL),
(53, 5, 0, 1, 1, 1, NULL, NULL),
(54, 5, 0, 33, 1, 1, NULL, NULL),
(55, 5, 0, 2, 1, 1, NULL, NULL),
(56, 5, 0, 3, 1, 1, NULL, NULL),
(57, 5, 0, 4, 1, 1, NULL, NULL),
(58, 5, 0, 34, 1, 1, NULL, NULL),
(59, 5, 0, 36, 1, 1, NULL, NULL),
(60, 5, 0, 0, 1, 1, NULL, NULL),
(61, 5, 0, 35, 1, 1, NULL, NULL),
(62, 5, 0, 36, 1, 1, NULL, NULL),
(63, 6, 0, 0, 0, 1, NULL, NULL),
(64, 6, 0, 1, 0, 1, NULL, NULL),
(65, 6, 0, 2, 0, 1, NULL, NULL),
(66, 6, 0, 3, 0, 1, NULL, NULL),
(67, 6, 0, 4, 0, 1, NULL, NULL),
(68, 6, 0, 5, 0, 1, NULL, NULL),
(69, 7, 0, 0, 0, 1, NULL, NULL),
(70, 7, 0, 1, 0, 1, NULL, NULL),
(71, 7, 0, 2, 0, 1, NULL, NULL),
(72, 7, 0, 3, 0, 1, NULL, NULL),
(73, 7, 0, 4, 0, 1, NULL, NULL),
(74, 7, 0, 5, 0, 1, NULL, NULL),
(75, 8, 0, 25, 1, 1, NULL, NULL),
(76, 8, 0, 19, 1, 1, NULL, NULL),
(77, 8, 0, 20, 1, 1, NULL, NULL),
(78, 8, 0, 4, 1, 1, NULL, NULL),
(79, 8, 0, 3, 1, 1, NULL, NULL),
(80, 8, 0, 9, 1, 1, NULL, NULL),
(81, 8, 0, 21, 1, 1, NULL, NULL),
(82, 8, 0, 23, 1, 1, NULL, NULL),
(83, 8, 0, 7, 1, 1, NULL, NULL),
(84, 8, 0, 26, 1, 1, NULL, NULL),
(85, 8, 0, 22, 1, 1, NULL, NULL),
(86, 8, 0, 5, 1, 1, NULL, NULL),
(87, 8, 0, 1, 1, 1, NULL, NULL),
(88, 8, 0, 27, 1, 1, NULL, NULL),
(89, 8, 0, 28, 1, 1, NULL, NULL),
(90, 8, 0, 24, 1, 1, NULL, NULL),
(91, 8, 0, 8, 1, 1, NULL, NULL),
(92, 8, 0, 0, 1, 1, NULL, NULL),
(93, 8, 0, 18, 1, 1, NULL, NULL),
(94, 8, 0, 17, 1, 1, NULL, NULL),
(95, 8, 0, 29, 1, 1, NULL, NULL),
(96, NULL, 0, 6, 1, 1, 'fa-shirtsinbulk', '#F44336'),
(97, 96, 0, 0, 1, 1, NULL, NULL),
(98, 96, 0, 1, 1, 1, NULL, NULL),
(99, 97, 0, 0, 1, 1, NULL, NULL),
(100, 97, 0, 1, 1, 1, NULL, NULL),
(102, 97, 0, 2, 1, 1, NULL, NULL),
(103, 97, 0, 3, 1, 1, NULL, NULL),
(104, 103, 0, 0, 1, 1, NULL, NULL),
(105, 97, 0, 4, 1, 1, NULL, NULL),
(106, 97, 0, 5, 1, 1, NULL, NULL),
(107, 97, 0, 6, 1, 1, NULL, NULL),
(108, 97, 0, 7, 1, 1, NULL, NULL),
(109, 97, 0, 8, 1, 1, NULL, NULL),
(110, 97, 0, 9, 1, 1, NULL, NULL),
(111, 97, 0, 10, 1, 1, NULL, NULL),
(112, 97, 0, 11, 1, 1, NULL, NULL),
(113, 97, 0, 13, 1, 1, NULL, NULL),
(114, 98, 0, 0, 1, 1, NULL, NULL),
(115, 98, 0, 1, 1, 1, NULL, NULL),
(116, 98, 0, 2, 1, 1, NULL, NULL),
(117, 98, 0, 3, 1, 1, NULL, NULL),
(118, 98, 0, 4, 1, 1, NULL, NULL),
(119, 96, 0, 2, 1, 1, NULL, NULL),
(120, 119, 0, 0, 1, 1, NULL, NULL),
(121, 119, 0, 1, 1, 1, NULL, NULL),
(122, 119, 0, 2, 1, 1, NULL, NULL),
(123, 96, 0, 3, 1, 1, NULL, NULL),
(124, 123, 0, 0, 1, 1, NULL, NULL),
(125, 123, 0, 1, 1, 1, NULL, NULL),
(126, 123, 0, 2, 1, 1, NULL, NULL),
(127, 123, 0, 3, 1, 1, NULL, NULL),
(128, 97, 0, 12, 1, 1, NULL, NULL),
(129, NULL, 0, 10, 1, 1, NULL, NULL),
(130, 129, 0, 0, 1, 1, NULL, NULL),
(131, 130, 0, 0, 1, 1, NULL, NULL),
(132, 130, 0, 1, 1, 1, NULL, NULL),
(133, 130, 0, 2, 1, 1, NULL, NULL),
(134, 130, 0, 3, 1, 1, NULL, NULL),
(135, 130, 0, 4, 1, 1, NULL, NULL),
(136, 130, 0, 5, 1, 1, NULL, NULL),
(137, 130, 0, 6, 1, 1, NULL, NULL),
(138, 129, 0, 1, 1, 1, NULL, NULL),
(139, 138, 0, 0, 1, 1, NULL, NULL),
(140, 138, 0, 1, 1, 1, NULL, NULL),
(141, 138, 0, 2, 1, 1, NULL, NULL),
(142, 138, 0, 3, 1, 1, NULL, NULL),
(143, 138, 0, 4, 1, 1, NULL, NULL),
(144, 138, 0, 5, 1, 1, NULL, NULL),
(145, 138, 0, 6, 1, 1, NULL, NULL),
(146, 138, 0, 7, 1, 1, NULL, NULL),
(147, 138, 0, 8, 1, 1, NULL, NULL),
(148, 138, 0, 9, 1, 1, NULL, NULL),
(149, 138, 0, 10, 1, 1, NULL, NULL),
(150, 138, 0, 11, 1, 1, NULL, NULL),
(151, 138, 0, 12, 1, 1, NULL, NULL),
(152, 138, 0, 13, 1, 1, NULL, NULL),
(153, 129, 0, 4, 1, 1, NULL, NULL),
(154, 129, 0, 2, 1, 1, NULL, NULL),
(155, 154, 0, 0, 1, 1, NULL, NULL),
(156, 154, 0, 1, 1, 1, NULL, NULL),
(157, 154, 0, 2, 1, 1, NULL, NULL),
(158, 154, 0, 3, 1, 1, NULL, NULL),
(159, 154, 0, 4, 1, 1, NULL, NULL),
(160, 154, 0, 5, 1, 1, NULL, NULL),
(161, 154, 0, 6, 1, 1, NULL, NULL),
(162, 154, 0, 7, 1, 1, NULL, NULL),
(163, 154, 0, 8, 1, 1, NULL, NULL),
(164, 154, 0, 9, 1, 1, NULL, NULL),
(165, 154, 0, 10, 1, 1, NULL, NULL),
(166, 165, 0, 0, 1, 1, NULL, NULL),
(167, 129, 0, 6, 1, 1, NULL, NULL),
(168, 129, 0, 7, 1, 1, NULL, NULL),
(169, 129, 0, 9, 1, 1, NULL, NULL),
(170, NULL, 0, 8, 1, 1, 'fa-paw', '#F44336'),
(171, 170, 0, 0, 1, 1, NULL, NULL),
(172, 170, 0, 1, 1, 1, NULL, NULL),
(173, 170, 0, 2, 1, 1, NULL, NULL),
(174, 170, 0, 3, 1, 1, NULL, NULL),
(175, 170, 0, 4, 1, 1, NULL, NULL),
(176, 170, 0, 5, 1, 1, NULL, NULL),
(177, 170, 0, 6, 1, 1, NULL, NULL),
(178, 170, 0, 8, 1, 1, NULL, NULL),
(179, 170, 0, 7, 1, 1, NULL, NULL),
(180, 170, 0, 9, 1, 1, NULL, NULL),
(181, 170, 0, 10, 1, 1, NULL, NULL),
(182, 170, 0, 11, 1, 1, NULL, NULL),
(183, 129, 0, 3, 1, 1, NULL, NULL),
(184, 8, 0, 6, 1, 1, NULL, NULL),
(185, 8, 0, 2, 1, 1, NULL, NULL),
(186, 5, 0, 5, 1, 1, NULL, NULL),
(187, 5, 0, 6, 1, 1, NULL, NULL),
(188, 5, 0, 7, 1, 1, NULL, NULL),
(189, 5, 0, 8, 1, 1, NULL, NULL),
(190, 5, 0, 9, 1, 1, NULL, NULL),
(191, 5, 0, 10, 1, 1, NULL, NULL),
(192, 5, 0, 12, 1, 1, NULL, NULL),
(193, 5, 0, 13, 1, 1, NULL, NULL),
(194, 5, 0, 14, 1, 1, NULL, NULL),
(195, 5, 0, 15, 1, 1, NULL, NULL),
(196, 5, 0, 16, 1, 1, NULL, NULL),
(197, 5, 0, 18, 1, 1, NULL, NULL),
(198, 5, 0, 19, 1, 1, NULL, NULL),
(199, 5, 0, 20, 1, 1, NULL, NULL),
(200, 5, 0, 21, 1, 1, NULL, NULL),
(201, 5, 0, 22, 1, 1, NULL, NULL),
(202, 5, 0, 23, 1, 1, NULL, NULL),
(203, 5, 0, 24, 1, 1, NULL, NULL),
(204, 5, 0, 25, 1, 1, NULL, NULL),
(205, 5, 0, 26, 1, 1, NULL, NULL),
(206, 5, 0, 27, 1, 1, NULL, NULL),
(207, 5, 0, 28, 1, 1, NULL, NULL),
(208, 5, 0, 29, 1, 1, NULL, NULL),
(209, 5, 0, 30, 1, 1, NULL, NULL),
(210, 5, 0, 31, 1, 1, NULL, NULL),
(211, 5, 0, 32, 1, 1, NULL, NULL),
(212, 8, 0, 10, 1, 1, NULL, NULL),
(213, 8, 0, 11, 1, 1, NULL, NULL),
(214, 8, 0, 12, 1, 1, NULL, NULL),
(215, 8, 0, 13, 1, 1, NULL, NULL),
(216, 8, 0, 14, 1, 1, NULL, NULL),
(217, 8, 0, 15, 1, 1, NULL, NULL),
(218, 8, 0, 16, 1, 1, NULL, NULL),
(219, NULL, 0, 9, 1, 1, ' fa-child', '#F44336'),
(220, 219, 0, 0, 1, 1, NULL, NULL),
(221, 219, 0, 1, 1, 1, NULL, NULL),
(222, 219, 0, 2, 1, 1, NULL, NULL),
(223, 219, 0, 3, 1, 1, NULL, NULL),
(224, 219, 0, 4, 1, 1, NULL, NULL),
(225, 219, 0, 5, 1, 1, NULL, NULL),
(226, 219, 0, 6, 1, 1, NULL, NULL),
(227, 219, 0, 7, 1, 1, NULL, NULL),
(228, 219, 0, 8, 1, 1, NULL, NULL),
(229, 219, 0, 9, 1, 1, NULL, NULL),
(230, 219, 0, 10, 1, 1, NULL, NULL),
(231, 219, 0, 11, 1, 1, NULL, NULL),
(232, 4, 0, 4, 1, 1, NULL, NULL),
(233, 232, 0, 0, 1, 1, NULL, NULL),
(234, 232, 0, 1, 1, 1, NULL, NULL),
(235, 232, 0, 2, 1, 1, NULL, NULL),
(236, 232, 0, 3, 1, 1, NULL, NULL),
(237, 4, 0, 5, 1, 1, NULL, NULL),
(238, 237, 0, 0, 1, 1, NULL, NULL),
(239, 237, 0, 1, 1, 1, NULL, NULL),
(240, 4, 0, 6, 1, 1, NULL, NULL),
(241, 240, 0, 0, 1, 1, NULL, NULL),
(242, 240, 0, 1, 1, 1, NULL, NULL),
(243, 240, 0, 2, 1, 1, NULL, NULL),
(244, 4, 0, 7, 1, 1, NULL, NULL),
(245, 4, 0, 8, 1, 1, NULL, NULL),
(246, 4, 0, 9, 1, 1, NULL, NULL),
(247, 246, 0, 0, 1, 1, NULL, NULL),
(248, 246, 0, 1, 1, 1, NULL, NULL),
(249, 246, 0, 2, 1, 1, NULL, NULL),
(250, 246, 0, 3, 1, 1, NULL, NULL),
(251, 4, 0, 10, 1, 1, NULL, NULL),
(252, 251, 0, 0, 1, 1, NULL, NULL),
(253, 251, 0, 1, 1, 1, NULL, NULL),
(254, 251, 0, 2, 1, 1, NULL, NULL),
(255, 251, 0, 3, 1, 1, NULL, NULL),
(256, 251, 0, 4, 1, 1, NULL, NULL),
(257, 251, 0, 5, 1, 1, NULL, NULL),
(258, 251, 0, 6, 1, 1, NULL, NULL),
(259, 251, 0, 7, 1, 1, NULL, NULL),
(260, 251, 0, 8, 1, 1, NULL, NULL),
(261, 251, 0, 9, 1, 1, NULL, NULL),
(262, 4, 0, 11, 1, 1, NULL, NULL),
(263, 262, 0, 0, 1, 1, NULL, NULL),
(264, 262, 0, 1, 1, 1, NULL, NULL),
(265, 262, 0, 2, 1, 1, NULL, NULL),
(266, 262, 0, 3, 1, 1, NULL, NULL),
(267, 262, 0, 4, 1, 1, NULL, NULL),
(268, 262, 0, 5, 1, 1, NULL, NULL),
(269, 262, 0, 6, 1, 1, NULL, NULL),
(270, 262, 0, 7, 1, 1, NULL, NULL),
(271, 262, 0, 8, 1, 1, NULL, NULL),
(272, 262, 0, 9, 1, 1, NULL, NULL),
(273, 4, 0, 12, 1, 1, NULL, NULL),
(274, 4, 0, 13, 1, 1, NULL, NULL),
(275, 4, 0, 14, 1, 1, NULL, NULL),
(276, 4, 0, 15, 1, 1, NULL, NULL),
(277, 4, 0, 16, 1, 1, NULL, NULL),
(278, 4, 0, 17, 1, 1, NULL, NULL),
(279, 5, 0, 11, 1, 1, NULL, NULL),
(280, 279, 0, 0, 1, 1, NULL, NULL),
(281, 279, 0, 1, 1, 1, NULL, NULL),
(282, 31, 0, 0, 1, 1, NULL, NULL),
(283, 31, 0, 1, 1, 1, NULL, NULL),
(284, 31, 0, 2, 1, 1, NULL, NULL),
(285, 31, 0, 3, 1, 1, NULL, NULL),
(286, 31, 0, 4, 1, 1, NULL, NULL),
(287, 31, 0, 5, 1, 1, NULL, NULL),
(288, 31, 0, 6, 1, 1, NULL, NULL),
(289, 31, 0, 7, 1, 1, NULL, NULL),
(290, 31, 0, 8, 1, 1, NULL, NULL),
(291, 31, 0, 9, 1, 1, NULL, NULL),
(292, 31, 0, 10, 1, 1, NULL, NULL),
(293, 31, 0, 11, 1, 1, NULL, NULL),
(294, 31, 0, 12, 1, 1, NULL, NULL),
(295, 31, 0, 13, 1, 1, NULL, NULL),
(296, 31, 0, 14, 1, 1, NULL, NULL),
(297, 31, 0, 15, 1, 1, NULL, NULL),
(298, 31, 0, 16, 1, 1, NULL, NULL),
(299, 31, 0, 17, 1, 1, NULL, NULL),
(300, 31, 0, 18, 1, 1, NULL, NULL),
(301, 31, 0, 19, 1, 1, NULL, NULL),
(302, 31, 0, 20, 1, 1, NULL, NULL),
(303, 31, 0, 21, 1, 1, NULL, NULL),
(304, 31, 0, 22, 1, 1, NULL, NULL),
(305, 31, 0, 23, 1, 1, NULL, NULL),
(306, 31, 0, 24, 1, 1, NULL, NULL),
(307, 31, 0, 25, 1, 1, NULL, NULL),
(308, 31, 0, 26, 1, 1, NULL, NULL),
(309, 31, 0, 27, 1, 1, NULL, NULL),
(310, 31, 0, 28, 1, 1, NULL, NULL),
(311, 31, 0, 29, 1, 1, NULL, NULL),
(312, 31, 0, 30, 1, 1, NULL, NULL),
(313, 31, 0, 31, 1, 1, NULL, NULL),
(314, 31, 0, 32, 1, 1, NULL, NULL),
(315, 31, 0, 33, 1, 1, NULL, NULL),
(316, 31, 0, 34, 1, 1, NULL, NULL),
(317, 31, 0, 35, 1, 1, NULL, NULL),
(318, 31, 0, 36, 1, 1, NULL, NULL),
(319, 31, 0, 37, 1, 1, NULL, NULL),
(320, 31, 0, 38, 1, 1, NULL, NULL),
(321, 31, 0, 39, 1, 1, NULL, NULL),
(322, 31, 0, 40, 1, 1, NULL, NULL),
(323, 31, 0, 41, 1, 1, NULL, NULL),
(324, 31, 0, 42, 1, 1, NULL, NULL),
(325, 31, 0, 43, 1, 1, NULL, NULL),
(326, 31, 0, 44, 1, 1, NULL, NULL),
(327, 31, 0, 45, 1, 1, NULL, NULL),
(328, 33, 0, 0, 1, 1, NULL, NULL),
(329, 33, 0, 1, 1, 1, NULL, NULL),
(330, 33, 0, 2, 1, 1, NULL, NULL),
(331, 33, 0, 3, 1, 1, NULL, NULL),
(332, 2, 0, 3, 1, 1, NULL, NULL),
(333, 332, 0, 0, 1, 1, NULL, NULL),
(334, 2, 0, 4, 1, 1, NULL, NULL),
(335, 2, 0, 5, 1, 1, NULL, NULL),
(336, 2, 0, 6, 1, 1, NULL, NULL),
(337, 2, 0, 7, 1, 1, NULL, NULL),
(338, 2, 0, 8, 1, 1, NULL, NULL),
(339, 2, 0, 9, 1, 1, NULL, NULL),
(340, 2, 0, 10, 1, 1, NULL, NULL),
(341, 2, 0, 11, 1, 1, NULL, NULL),
(342, 2, 0, 12, 1, 1, NULL, NULL),
(343, 2, 0, 13, 1, 1, NULL, NULL),
(344, 2, 0, 14, 1, 1, NULL, NULL),
(345, 2, 0, 15, 1, 1, NULL, NULL),
(346, 345, 0, 0, 1, 1, NULL, NULL),
(347, 345, 0, 1, 1, 1, NULL, NULL),
(348, 345, 0, 2, 1, 1, NULL, NULL),
(349, 345, 0, 3, 1, 1, NULL, NULL),
(350, 345, 0, 4, 1, 1, NULL, NULL),
(351, 345, 0, 5, 1, 1, NULL, NULL),
(352, 345, 0, 6, 1, 1, NULL, NULL),
(353, 2, 0, 19, 1, 1, NULL, NULL),
(354, NULL, 0, 3, 1, 1, 'fa-pagelines', '#F44336'),
(355, 354, 0, 0, 1, 1, NULL, NULL),
(356, 355, 0, 1, 1, 1, NULL, NULL),
(357, 355, 0, 0, 1, 1, NULL, NULL),
(358, 355, 0, 2, 1, 1, NULL, NULL),
(359, 355, 0, 3, 1, 1, NULL, NULL),
(360, 355, 0, 4, 1, 1, NULL, NULL),
(361, 355, 0, 5, 1, 1, NULL, NULL),
(362, 355, 0, 6, 1, 1, NULL, NULL),
(363, 355, 0, 7, 1, 1, NULL, NULL),
(364, 355, 0, 8, 1, 1, NULL, NULL),
(365, 355, 0, 9, 1, 1, NULL, NULL),
(366, 355, 0, 10, 1, 1, NULL, NULL),
(367, 355, 0, 11, 1, 1, NULL, NULL),
(368, 355, 0, 12, 1, 1, NULL, NULL),
(369, 355, 0, 13, 1, 1, NULL, NULL),
(370, 355, 0, 14, 1, 1, NULL, NULL),
(371, 355, 0, 15, 1, 1, NULL, NULL),
(372, 355, 0, 16, 1, 1, NULL, NULL),
(373, 354, 0, 1, 1, 1, NULL, NULL),
(374, 373, 0, 0, 1, 1, NULL, NULL),
(375, 373, 0, 1, 1, 1, NULL, NULL),
(376, 373, 0, 2, 1, 1, NULL, NULL),
(377, 373, 0, 3, 1, 1, NULL, NULL),
(378, 373, 0, 4, 1, 1, NULL, NULL),
(379, 373, 0, 5, 1, 1, NULL, NULL),
(380, 373, 0, 6, 1, 1, NULL, NULL),
(381, 354, 0, 2, 1, 1, NULL, NULL),
(382, 354, 0, 3, 1, 1, NULL, NULL),
(383, 354, 0, 4, 1, 1, NULL, NULL),
(384, 383, 0, 0, 1, 1, NULL, NULL),
(385, 383, 0, 1, 1, 1, NULL, NULL),
(386, 383, 0, 2, 1, 1, NULL, NULL),
(387, 383, 0, 3, 1, 1, NULL, NULL),
(388, 383, 0, 4, 1, 1, NULL, NULL),
(389, 354, 0, 5, 1, 1, NULL, NULL),
(390, 389, 0, 0, 1, 1, NULL, NULL),
(391, 389, 0, 1, 1, 1, NULL, NULL),
(392, 389, 0, 2, 1, 1, NULL, NULL),
(393, 354, 0, 6, 1, 1, NULL, NULL),
(394, 354, 0, 7, 1, 1, NULL, NULL),
(395, 394, 0, 0, 1, 1, NULL, NULL),
(396, 394, 0, 1, 1, 1, NULL, NULL),
(397, 394, 0, 2, 1, 1, NULL, NULL),
(398, 394, 0, 3, 1, 1, NULL, NULL),
(399, NULL, 0, 1, 1, 1, 'fa-plug', '#F44336'),
(400, 399, 0, 0, 1, 1, NULL, NULL),
(401, 400, 0, 0, 1, 1, NULL, NULL),
(402, 400, 0, 1, 1, 1, NULL, NULL),
(403, 400, 0, 2, 1, 1, NULL, NULL),
(404, 400, 0, 3, 1, 1, NULL, NULL),
(405, 400, 0, 4, 1, 1, NULL, NULL),
(406, 400, 0, 5, 1, 1, NULL, NULL),
(407, 399, 0, 1, 1, 1, NULL, NULL),
(408, 407, 0, 0, 1, 1, NULL, NULL),
(409, 407, 0, 1, 1, 1, NULL, NULL),
(410, 407, 0, 2, 1, 1, NULL, NULL),
(411, 407, 0, 3, 1, 1, NULL, NULL),
(412, 407, 0, 4, 1, 1, NULL, NULL),
(413, 407, 0, 5, 1, 1, NULL, NULL),
(414, 407, 0, 6, 1, 1, NULL, NULL),
(415, 407, 0, 7, 1, 1, NULL, NULL),
(416, 407, 0, 8, 1, 1, NULL, NULL),
(417, 407, 0, 9, 1, 1, NULL, NULL),
(418, 407, 0, 10, 1, 1, NULL, NULL),
(419, 399, 0, 2, 1, 1, NULL, NULL),
(420, 419, 0, 0, 1, 1, NULL, NULL),
(421, 419, 0, 1, 1, 1, NULL, NULL),
(422, 419, 0, 2, 1, 1, NULL, NULL),
(423, 419, 0, 3, 1, 1, NULL, NULL),
(424, 419, 0, 4, 1, 1, NULL, NULL),
(425, 419, 0, 5, 1, 1, NULL, NULL),
(426, 419, 0, 6, 1, 1, NULL, NULL),
(427, 419, 0, 7, 1, 1, NULL, NULL),
(428, 419, 0, 8, 1, 1, NULL, NULL),
(429, 419, 0, 9, 1, 1, NULL, NULL),
(430, 399, 0, 3, 1, 1, NULL, NULL),
(431, 430, 0, 0, 1, 1, NULL, NULL),
(432, 430, 0, 1, 1, 1, NULL, NULL),
(433, 430, 0, 2, 1, 1, NULL, NULL),
(434, 430, 0, 3, 1, 1, NULL, NULL),
(435, 430, 0, 4, 1, 1, NULL, NULL),
(436, 430, 0, 5, 1, 1, NULL, NULL),
(437, 430, 0, 6, 1, 1, NULL, NULL),
(438, 430, 0, 7, 1, 1, NULL, NULL),
(439, 430, 0, 8, 1, 1, NULL, NULL),
(440, 430, 0, 9, 1, 1, NULL, NULL),
(441, 399, 0, 4, 1, 1, NULL, NULL),
(442, 441, 0, 0, 1, 1, NULL, NULL),
(443, 441, 0, 1, 1, 1, NULL, NULL),
(444, 441, 0, 2, 1, 1, NULL, NULL),
(445, 441, 0, 3, 1, 1, NULL, NULL),
(446, 441, 0, 4, 1, 1, NULL, NULL),
(447, 441, 0, 5, 1, 1, NULL, NULL),
(448, 399, 0, 5, 1, 1, NULL, NULL),
(449, 448, 0, 0, 1, 1, NULL, NULL),
(450, 448, 0, 1, 1, 1, NULL, NULL),
(451, 448, 0, 2, 1, 1, NULL, NULL),
(452, 448, 0, 3, 1, 1, NULL, NULL),
(453, 448, 0, 4, 1, 1, NULL, NULL),
(454, 448, 0, 5, 1, 1, NULL, NULL),
(455, 448, 0, 6, 1, 1, NULL, NULL),
(456, 448, 0, 7, 1, 1, NULL, NULL),
(457, 448, 0, 8, 1, 1, NULL, NULL),
(458, 448, 0, 9, 1, 1, NULL, NULL),
(459, 448, 0, 10, 1, 1, NULL, NULL),
(460, 399, 0, 6, 1, 1, NULL, NULL),
(461, 460, 0, 0, 1, 1, NULL, NULL),
(462, 460, 0, 1, 1, 1, NULL, NULL),
(463, 460, 0, 2, 1, 1, NULL, NULL),
(464, 460, 0, 3, 1, 1, NULL, NULL),
(465, 460, 0, 4, 1, 1, NULL, NULL),
(466, 460, 0, 5, 1, 1, NULL, NULL),
(467, 460, 0, 6, 1, 1, NULL, NULL),
(468, 399, 0, 7, 1, 1, NULL, NULL),
(469, 468, 0, 0, 1, 1, NULL, NULL),
(470, 468, 0, 1, 1, 1, NULL, NULL),
(471, 468, 0, 2, 1, 1, NULL, NULL),
(472, 399, 0, 8, 1, 1, NULL, NULL),
(473, 399, 0, 9, 1, 1, NULL, NULL),
(474, 473, 0, 0, 1, 1, NULL, NULL),
(475, 473, 0, 1, 1, 1, NULL, NULL),
(476, 473, 0, 2, 1, 1, NULL, NULL),
(477, 473, 0, 3, 1, 1, NULL, NULL),
(478, 473, 0, 4, 1, 1, NULL, NULL),
(479, 399, 0, 10, 1, 1, NULL, NULL),
(480, 479, 0, 0, 1, 1, NULL, NULL),
(481, 479, 0, 1, 1, 1, NULL, NULL),
(482, 479, 0, 2, 1, 1, NULL, NULL),
(483, 399, 0, 11, 1, 1, NULL, NULL),
(484, NULL, 0, 0, 1, 1, 'fa-cutlery', '#F44336'),
(485, 484, 0, 0, 1, 1, NULL, ''),
(486, 485, 0, 0, 1, 1, NULL, ''),
(487, 485, 0, 1, 1, 1, NULL, NULL),
(490, 485, 0, 4, 1, 1, NULL, NULL),
(491, 484, 0, 1, 1, 1, NULL, NULL),
(492, 491, 0, 0, 1, 1, NULL, NULL),
(493, 491, 0, 1, 1, 1, NULL, NULL),
(494, 491, 0, 2, 1, 1, NULL, NULL),
(495, 491, 0, 3, 1, 1, NULL, NULL),
(496, 491, 0, 4, 1, 1, NULL, NULL),
(497, 491, 0, 5, 1, 1, NULL, NULL),
(498, 491, 0, 6, 1, 1, NULL, NULL),
(499, 491, 0, 7, 1, 1, NULL, NULL),
(500, 491, 0, 8, 1, 1, NULL, NULL),
(501, 491, 0, 9, 1, 1, NULL, NULL),
(502, 491, 0, 10, 1, 1, NULL, NULL),
(503, 491, 0, 11, 1, 1, NULL, NULL),
(504, 491, 0, 12, 1, 1, NULL, NULL),
(505, 491, 0, 13, 1, 1, NULL, NULL),
(506, 491, 0, 14, 1, 1, NULL, NULL),
(507, 491, 0, 15, 1, 1, NULL, NULL),
(508, 491, 0, 16, 1, 1, NULL, NULL),
(509, 491, 0, 17, 1, 1, NULL, NULL),
(510, 491, 0, 18, 1, 1, NULL, NULL),
(511, 491, 0, 19, 1, 1, NULL, NULL),
(512, 491, 0, 20, 1, 1, NULL, NULL),
(513, 491, 0, 21, 1, 1, NULL, NULL),
(514, 491, 0, 22, 1, 1, NULL, NULL),
(515, 491, 0, 23, 1, 1, NULL, NULL),
(516, 491, 0, 24, 1, 1, NULL, NULL),
(518, 129, 0, 8, 1, 1, NULL, NULL);

-- --------------------------------------------------------

--
-- Структура таблиці `oc_t_category_description`
--

CREATE TABLE IF NOT EXISTS `oc_t_category_description` (
  `fk_i_category_id` int(10) unsigned NOT NULL,
  `fk_c_locale_code` char(5) NOT NULL,
  `s_name` varchar(100) DEFAULT NULL,
  `s_description` text,
  `s_slug` varchar(100) NOT NULL,
  PRIMARY KEY (`fk_i_category_id`,`fk_c_locale_code`),
  KEY `idx_s_slug` (`s_slug`),
  KEY `fk_c_locale_code` (`fk_c_locale_code`)
) ENGINE=InnoDB DEFAULT CHARSET=utf8;

--
-- Дамп даних таблиці `oc_t_category_description`
--

INSERT INTO `oc_t_category_description` (`fk_i_category_id`, `fk_c_locale_code`, `s_name`, `s_description`, `s_slug`) VALUES
(1, 'en_US', 'For sale', NULL, 'for-sale'),
(1, 'ru_RU', 'Продажа', '', '%d0%9f%d1%80%d0%be%d0%b4%d0%b0%d0%b6%d0%b0'),
(1, 'uk_UK', 'Продаж', '', '%d0%9f%d1%80%d0%be%d0%b4%d0%b0%d0%b6'),
(2, 'en_US', 'Transport', '', 'transport'),
(2, 'ru_RU', 'Транспорт', '', '%d0%a2%d1%80%d0%b0%d0%bd%d1%81%d0%bf%d0%be%d1%80%d1%82'),
(2, 'uk_UK', 'Транспорт', '', '%d0%a2%d1%80%d0%b0%d0%bd%d1%81%d0%bf%d0%be%d1%80%d1%82'),
(3, 'en_US', ' teaching', '', 'teaching'),
(3, 'ru_RU', 'Обучение', '', '%d0%9e%d0%b1%d1%83%d1%87%d0%b5%d0%bd%d0%b8%d0%b5'),
(3, 'uk_UK', ' teaching', '', 'teaching_1'),
(4, 'en_US', 'Property', '', 'property'),
(4, 'ru_RU', 'Недвижимость', '', '%d0%9d%d0%b5%d0%b4%d0%b2%d0%b8%d0%b6%d0%b8%d0%bc%d0%be%d1%81%d1%82%d1%8c'),
(4, 'uk_UK', 'Нерухомість', '', '%d0%9d%d0%b5%d1%80%d1%83%d1%85%d0%be%d0%bc%d1%96%d1%81%d1%82%d1%8c'),
(5, 'en_US', 'Business/Services', '', 'businessservices'),
(5, 'ru_RU', 'Бизнес/Услуги', '', '%d0%91%d0%b8%d0%b7%d0%bd%d0%b5%d1%81%d0%a3%d1%81%d0%bb%d1%83%d0%b3%d0%b8'),
(5, 'uk_UK', 'Бізнес/Послуги', '', '%d0%91%d1%96%d0%b7%d0%bd%d0%b5%d1%81%d0%9f%d0%be%d1%81%d0%bb%d1%83%d0%b3%d0%b8'),
(6, 'en_US', 'Community', '', 'community'),
(6, 'ru_RU', 'Сообщества', '', '%d0%a1%d0%be%d0%be%d0%b1%d1%89%d0%b5%d1%81%d1%82%d0%b2%d0%b0'),
(6, 'uk_UK', 'Спільнота', '', '%d0%a1%d0%bf%d1%96%d0%bb%d1%8c%d0%bd%d0%be%d1%82%d0%b0'),
(7, 'en_US', 'Personals', NULL, 'personals'),
(7, 'ru_RU', 'Знакомства', '', '%d0%97%d0%bd%d0%b0%d0%ba%d0%be%d0%bc%d1%81%d1%82%d0%b2%d0%b0'),
(7, 'uk_UK', 'Знайомства', '', '%d0%97%d0%bd%d0%b0%d0%b9%d0%be%d0%bc%d1%81%d1%82%d0%b2%d0%b0'),
(8, 'en_US', 'Jobs/Study', '', 'jobsstudy'),
(8, 'ru_RU', 'Работа/Учеба', '', '%d0%a0%d0%b0%d0%b1%d0%be%d1%82%d0%b0%d0%a3%d1%87%d0%b5%d0%b1%d0%b0'),
(8, 'uk_UK', 'Робота/Навчання', '', '%d0%a0%d0%be%d0%b1%d0%be%d1%82%d0%b0%d0%9d%d0%b0%d0%b2%d1%87%d0%b0%d0%bd%d0%bd%d1%8f'),
(9, 'en_US', 'Animals', NULL, 'animals'),
(9, 'ru_RU', 'Животные', '', '%d0%96%d0%b8%d0%b2%d0%be%d1%82%d0%bd%d1%8b%d0%b5'),
(9, 'uk_UK', 'Тварини', '', '%d0%a2%d0%b2%d0%b0%d1%80%d0%b8%d0%bd%d0%b8'),
(10, 'en_US', 'Art - Collectibles', '', 'art-collectibles'),
(10, 'ru_RU', 'Искусство - Коллекционирование', '', '%d0%98%d1%81%d0%ba%d1%83%d1%81%d1%81%d1%82%d0%b2%d0%be-%d0%9a%d0%be%d0%bb%d0%bb%d0%b5%d0%ba%d1%86%d0'),
(10, 'uk_UK', 'Мистецтво - Колекціонування', '', '%d0%9c%d0%b8%d1%81%d1%82%d0%b5%d1%86%d1%82%d0%b2%d0%be-%d0%9a%d0%be%d0%bb%d0%b5%d0%ba%d1%86%d1%96%d0'),
(11, 'en_US', 'Barter', NULL, 'barter'),
(11, 'ru_RU', 'Обмен', '', '%d0%9e%d0%b1%d0%bc%d0%b5%d0%bd'),
(11, 'uk_UK', 'Обмін', '', '%d0%9e%d0%b1%d0%bc%d1%96%d0%bd'),
(12, 'en_US', 'Books - Magazines', NULL, 'books-magazines'),
(12, 'ru_RU', 'Книги - Журналы', '', '%d0%9a%d0%bd%d0%b8%d0%b3%d0%b8-%d0%96%d1%83%d1%80%d0%bd%d0%b0%d0%bb%d1%8b'),
(12, 'uk_UK', 'Книги - Журналы', '', '%d0%9a%d0%bd%d0%b8%d0%b3%d0%b8-%d0%96%d1%83%d1%80%d0%bd%d0%b0%d0%bb%d1%8b'),
(13, 'en_US', 'Cameras - Camera Accessories', NULL, 'cameras-camera-accessories'),
(13, 'ru_RU', 'Камеры - Аксессуары', '', '%d0%9a%d0%b0%d0%bc%d0%b5%d1%80%d1%8b-%d0%90%d0%ba%d1%81%d0%b5%d1%81%d1%81%d1%83%d0%b0%d1%80%d1%8b'),
(13, 'uk_UK', 'Камери - Аксесуари', '', '%d0%9a%d0%b0%d0%bc%d0%b5%d1%80%d0%b8-%d0%90%d0%ba%d1%81%d0%b5%d1%81%d1%83%d0%b0%d1%80%d0%b8'),
(14, 'en_US', 'CDs - Records', NULL, 'cds-records'),
(14, 'ru_RU', 'CDs - Рекордеры', '', 'cds-%d0%a0%d0%b5%d0%ba%d0%be%d1%80%d0%b4%d0%b5%d1%80%d1%8b'),
(14, 'uk_UK', 'CD - Рекордери', '', 'cd-%d0%a0%d0%b5%d0%ba%d0%be%d1%80%d0%b4%d0%b5%d1%80%d0%b8'),
(15, 'en_US', 'Cell Phones - Accessories', NULL, 'cell-phones-accessories'),
(15, 'ru_RU', 'Мобильные телефоны - Аксессуары', '', '%d0%9c%d0%be%d0%b1%d0%b8%d0%bb%d1%8c%d0%bd%d1%8b%d0%b5-%d1%82%d0%b5%d0%bb%d0%b5%d1%84%d0%be%d0%bd%d1'),
(15, 'uk_UK', 'Мобільні Телефони - Аксесуари', '', '%d0%9c%d0%be%d0%b1%d1%96%d0%bb%d1%8c%d0%bd%d1%96-%d0%a2%d0%b5%d0%bb%d0%b5%d1%84%d0%be%d0%bd%d0%b8-%d'),
(16, 'en_US', 'Clothing', NULL, 'clothing'),
(16, 'ru_RU', 'Одежда', '', '%d0%9e%d0%b4%d0%b5%d0%b6%d0%b4%d0%b0'),
(16, 'uk_UK', 'Одяг', '', '%d0%9e%d0%b4%d1%8f%d0%b3'),
(17, 'en_US', 'Computers - Hardware', NULL, 'computers-hardware'),
(17, 'ru_RU', 'Компьютеры - Комплектующие', '', '%d0%9a%d0%be%d0%bc%d0%bf%d1%8c%d1%8e%d1%82%d0%b5%d1%80%d1%8b-%d0%9a%d0%be%d0%bc%d0%bf%d0%bb%d0%b5%d0'),
(17, 'uk_UK', 'Комп''ютери, Комплектуючі', '', '%d0%9a%d0%be%d0%bc%d0%bf-%d1%8e%d1%82%d0%b5%d1%80%d0%b8-%d0%9a%d0%be%d0%bc%d0%bf%d0%bb%d0%b5%d0%ba%d'),
(18, 'en_US', 'DVD', NULL, 'dvd'),
(18, 'ru_RU', 'DVD', '', 'dvd_1'),
(18, 'uk_UK', 'DVD', '', 'dvd_2'),
(19, 'en_US', 'Electronics', NULL, 'electronics'),
(19, 'ru_RU', 'Электроника', '', '%d0%ad%d0%bb%d0%b5%d0%ba%d1%82%d1%80%d0%be%d0%bd%d0%b8%d0%ba%d0%b0'),
(19, 'uk_UK', 'Електроніка', '', '%d0%95%d0%bb%d0%b5%d0%ba%d1%82%d1%80%d0%be%d0%bd%d1%96%d0%ba%d0%b0'),
(20, 'en_US', 'For Babies - Infants', NULL, 'for-babies-infants'),
(20, 'ru_RU', 'Детские товары', '', '%d0%94%d0%b5%d1%82%d1%81%d0%ba%d0%b8%d0%b5-%d1%82%d0%be%d0%b2%d0%b0%d1%80%d1%8b'),
(20, 'uk_UK', 'Дитячі товари', '', '%d0%94%d0%b8%d1%82%d1%8f%d1%87%d1%96-%d1%82%d0%be%d0%b2%d0%b0%d1%80%d0%b8'),
(21, 'en_US', 'Garage Sale', NULL, 'garage-sale'),
(21, 'ru_RU', 'Гаражная распродажа', '', '%d0%93%d0%b0%d1%80%d0%b0%d0%b6%d0%bd%d0%b0%d1%8f-%d1%80%d0%b0%d1%81%d0%bf%d1%80%d0%be%d0%b4%d0%b0%d0'),
(21, 'uk_UK', 'Гаражний розпродаж', '', '%d0%93%d0%b0%d1%80%d0%b0%d0%b6%d0%bd%d0%b8%d0%b9-%d1%80%d0%be%d0%b7%d0%bf%d1%80%d0%be%d0%b4%d0%b0%d0'),
(22, 'en_US', 'Health - Beauty', NULL, 'health-beauty'),
(22, 'ru_RU', 'Красота и здоровье', '', '%d0%9a%d1%80%d0%b0%d1%81%d0%be%d1%82%d0%b0-%d0%b8-%d0%b7%d0%b4%d0%be%d1%80%d0%be%d0%b2%d1%8c%d0%b5'),
(22, 'uk_UK', 'Здоров''я - Фітнес', '', '%d0%97%d0%b4%d0%be%d1%80%d0%be%d0%b2-%d1%8f-%d0%a4%d1%96%d1%82%d0%bd%d0%b5%d1%81'),
(23, 'en_US', 'Home - Furniture - Garden Supplies', NULL, 'home-furniture-garden-supplies'),
(23, 'ru_RU', 'Дом - Мебель - Для дома и сада', '', '%d0%94%d0%be%d0%bc-%d0%9c%d0%b5%d0%b1%d0%b5%d0%bb%d1%8c-%d0%94%d0%bb%d1%8f-%d0%b4%d0%be%d0%bc%d0%b0-'),
(23, 'uk_UK', 'Будинок - Меблі - Для дому і саду', '', '%d0%91%d1%83%d0%b4%d0%b8%d0%bd%d0%be%d0%ba-%d0%9c%d0%b5%d0%b1%d0%bb%d1%96-%d0%94%d0%bb%d1%8f-%d0%b4%'),
(24, 'en_US', 'Jewelry - Watches', NULL, 'jewelry-watches'),
(24, 'ru_RU', 'Ювелирные изделия - Часы', '', '%d0%ae%d0%b2%d0%b5%d0%bb%d0%b8%d1%80%d0%bd%d1%8b%d0%b5-%d0%b8%d0%b7%d0%b4%d0%b5%d0%bb%d0%b8%d1%8f-%d'),
(24, 'uk_UK', 'Ювелірні вироби - Годинник', '', '%d0%ae%d0%b2%d0%b5%d0%bb%d1%96%d1%80%d0%bd%d1%96-%d0%b2%d0%b8%d1%80%d0%be%d0%b1%d0%b8-%d0%93%d0%be%d'),
(25, 'en_US', 'Musical Instruments', NULL, 'musical-instruments'),
(25, 'ru_RU', 'Музыкальные инструменты', '', '%d0%9c%d1%83%d0%b7%d1%8b%d0%ba%d0%b0%d0%bb%d1%8c%d0%bd%d1%8b%d0%b5-%d0%b8%d0%bd%d1%81%d1%82%d1%80%d1'),
(25, 'uk_UK', 'Музичні інструменти', '', '%d0%9c%d1%83%d0%b7%d0%b8%d1%87%d0%bd%d1%96-%d1%96%d0%bd%d1%81%d1%82%d1%80%d1%83%d0%bc%d0%b5%d0%bd%d1'),
(26, 'en_US', 'Sporting Goods - Bicycles', NULL, 'sporting-goods-bicycles'),
(26, 'ru_RU', 'Товары для спорта - велосипеды', '', '%d0%a2%d0%be%d0%b2%d0%b0%d1%80%d1%8b-%d0%b4%d0%bb%d1%8f-%d1%81%d0%bf%d0%be%d1%80%d1%82%d0%b0-%d0%b2%'),
(26, 'uk_UK', 'Товари для спорту - велосипеди', '', '%d0%a2%d0%be%d0%b2%d0%b0%d1%80%d0%b8-%d0%b4%d0%bb%d1%8f-%d1%81%d0%bf%d0%be%d1%80%d1%82%d1%83-%d0%b2%'),
(27, 'en_US', 'Tickets', NULL, 'tickets'),
(27, 'ru_RU', 'Билеты', '', '%d0%91%d0%b8%d0%bb%d0%b5%d1%82%d1%8b'),
(27, 'uk_UK', 'Квитки', '', '%d0%9a%d0%b2%d0%b8%d1%82%d0%ba%d0%b8'),
(28, 'en_US', 'Toys - Games - Hobbies', NULL, 'toys-games-hobbies'),
(28, 'ru_RU', 'Игрушки - Игры - Хобби', '', '%d0%98%d0%b3%d1%80%d1%83%d1%88%d0%ba%d0%b8-%d0%98%d0%b3%d1%80%d1%8b-%d0%a5%d0%be%d0%b1%d0%b1%d0%b8'),
(28, 'uk_UK', 'Іграшки - Ігри - Хобі', '', '%d0%86%d0%b3%d1%80%d0%b0%d1%88%d0%ba%d0%b8-%d0%86%d0%b3%d1%80%d0%b8-%d0%a5%d0%be%d0%b1%d1%96'),
(29, 'en_US', 'Video Games - Consoles', NULL, 'video-games-consoles'),
(29, 'ru_RU', 'Видеоигры', '', '%d0%92%d0%b8%d0%b4%d0%b5%d0%be%d0%b8%d0%b3%d1%80%d1%8b'),
(29, 'uk_UK', 'Відеоігри', '', '%d0%92%d1%96%d0%b4%d0%b5%d0%be%d1%96%d0%b3%d1%80%d0%b8'),
(30, 'en_US', 'Everything Else', NULL, 'everything-else'),
(30, 'ru_RU', 'Что-то еще', '', '%d0%a7%d1%82%d0%be-%d1%82%d0%be-%d0%b5%d1%89%d0%b5'),
(30, 'uk_UK', 'Що-то ще', '', '%d0%a9%d0%be-%d1%82%d0%be-%d1%89%d0%b5'),
(31, 'en_US', 'Cars', '', 'cars'),
(31, 'ru_RU', 'Легковые', '', '%d0%9b%d0%b5%d0%b3%d0%ba%d0%be%d0%b2%d1%8b%d0%b5'),
(31, 'uk_UK', 'Легкові', '', '%d0%9b%d0%b5%d0%b3%d0%ba%d0%be%d0%b2%d1%96'),
(32, 'en_US', 'Car Parts', NULL, 'car-parts'),
(32, 'ru_RU', 'Автозапчасти', '', '%d0%90%d0%b2%d1%82%d0%be%d0%b7%d0%b0%d0%bf%d1%87%d0%b0%d1%81%d1%82%d0%b8'),
(32, 'uk_UK', 'Автозапчастини', '', '%d0%90%d0%b2%d1%82%d0%be%d0%b7%d0%b0%d0%bf%d1%87%d0%b0%d1%81%d1%82%d0%b8%d0%bd%d0%b8'),
(33, 'en_US', 'Motorcycles', NULL, 'motorcycles'),
(33, 'ru_RU', 'Мотоциклы', '', '%d0%9c%d0%be%d1%82%d0%be%d1%86%d0%b8%d0%ba%d0%bb%d1%8b'),
(33, 'uk_UK', 'Мотоцикли', '', '%d0%9c%d0%be%d1%82%d0%be%d1%86%d0%b8%d0%ba%d0%bb%d0%b8'),
(34, 'en_US', 'Transport for parts', '', 'transport-for-parts'),
(34, 'ru_RU', 'Транспорт на запчасти', '', '%d0%a2%d1%80%d0%b0%d0%bd%d1%81%d0%bf%d0%be%d1%80%d1%82-%d0%bd%d0%b0-%d0%b7%d0%b0%d0%bf%d1%87%d0%b0%d'),
(34, 'uk_UK', 'Транспорт на запчастини', '', '%d0%a2%d1%80%d0%b0%d0%bd%d1%81%d0%bf%d0%be%d1%80%d1%82-%d0%bd%d0%b0-%d0%b7%d0%b0%d0%bf%d1%87%d0%b0%d'),
(35, 'en_US', 'Agricultural machinery ', '', 'agricultural-machinery'),
(35, 'ru_RU', 'Сельхозтехника', '', '%d0%a1%d0%b5%d0%bb%d1%8c%d1%85%d0%be%d0%b7%d1%82%d0%b5%d1%85%d0%bd%d0%b8%d0%ba%d0%b0'),
(35, 'uk_UK', 'Сільгосптехніка', '', '%d0%a1%d1%96%d0%bb%d1%8c%d0%b3%d0%be%d1%81%d0%bf%d1%82%d0%b5%d1%85%d0%bd%d1%96%d0%ba%d0%b0'),
(36, 'en_US', 'Moto Accessories', '', 'moto-accessories'),
(36, 'ru_RU', 'Мотоаксессуары', '', '%d0%9c%d0%be%d1%82%d0%be%d0%b0%d0%ba%d1%81%d0%b5%d1%81%d1%81%d1%83%d0%b0%d1%80%d1%8b'),
(36, 'uk_UK', 'Мотоаксесуари', '', '%d0%9c%d0%be%d1%82%d0%be%d0%b0%d0%ba%d1%81%d0%b5%d1%81%d1%83%d0%b0%d1%80%d0%b8'),
(37, 'en_US', 'Other transport', '', 'other-transport'),
(37, 'ru_RU', 'Другой транспорт ', '', '%d0%94%d1%80%d1%83%d0%b3%d0%be%d0%b9-%d1%82%d1%80%d0%b0%d0%bd%d1%81%d0%bf%d0%be%d1%80%d1%82'),
(37, 'uk_UK', 'Інший транспорт', '', '%d0%86%d0%bd%d1%88%d0%b8%d0%b9-%d1%82%d1%80%d0%b0%d0%bd%d1%81%d0%bf%d0%be%d1%80%d1%82'),
(38, 'en_US', 'Computer - Multimedia Classes', NULL, 'computer-multimedia-classes'),
(38, 'ru_RU', 'Обучения компьютерам', '', '%d0%9e%d0%b1%d1%83%d1%87%d0%b5%d0%bd%d0%b8%d1%8f-%d0%ba%d0%be%d0%bc%d0%bf%d1%8c%d1%8e%d1%82%d0%b5%d1'),
(38, 'uk_UK', 'Комп''ютер', '', '%d0%9a%d0%be%d0%bc%d0%bf-%d1%8e%d1%82%d0%b5%d1%80'),
(39, 'en_US', 'Language Classes', NULL, 'language-classes'),
(39, 'ru_RU', 'Обучение языкам', '', '%d0%9e%d0%b1%d1%83%d1%87%d0%b5%d0%bd%d0%b8%d0%b5-%d1%8f%d0%b7%d1%8b%d0%ba%d0%b0%d0%bc'),
(39, 'uk_UK', 'Навчання мовам', '', '%d0%9d%d0%b0%d0%b2%d1%87%d0%b0%d0%bd%d0%bd%d1%8f-%d0%bc%d0%be%d0%b2%d0%b0%d0%bc'),
(40, 'en_US', 'Music - Theatre - Dance Classes', '', 'music-theatre-dance-classes'),
(40, 'ru_RU', 'Обучение Музыка - Театр - Танцы', '', '%d0%9e%d0%b1%d1%83%d1%87%d0%b5%d0%bd%d0%b8%d0%b5-%d0%9c%d1%83%d0%b7%d1%8b%d0%ba%d0%b0-%d0%a2%d0%b5%d'),
(40, 'uk_UK', 'Музика - Театр - Танці', '', '%d0%9c%d1%83%d0%b7%d0%b8%d0%ba%d0%b0-%d0%a2%d0%b5%d0%b0%d1%82%d1%80-%d0%a2%d0%b0%d0%bd%d1%86%d1%96'),
(41, 'en_US', 'Tutoring - Private Lessons', NULL, 'tutoring-private-lessons'),
(41, 'ru_RU', 'Репетиторы - Частные уроки', '', '%d0%a0%d0%b5%d0%bf%d0%b5%d1%82%d0%b8%d1%82%d0%be%d1%80%d1%8b-%d0%a7%d0%b0%d1%81%d1%82%d0%bd%d1%8b%d0'),
(41, 'uk_UK', 'Репетитори - Приватні уроки', '', '%d0%a0%d0%b5%d0%bf%d0%b5%d1%82%d0%b8%d1%82%d0%be%d1%80%d0%b8-%d0%9f%d1%80%d0%b8%d0%b2%d0%b0%d1%82%d0'),
(42, 'en_US', 'Other Classes', NULL, 'other-classes'),
(42, 'ru_RU', 'Другие тренинги', '', '%d0%94%d1%80%d1%83%d0%b3%d0%b8%d0%b5-%d1%82%d1%80%d0%b5%d0%bd%d0%b8%d0%bd%d0%b3%d0%b8'),
(42, 'uk_UK', 'Інші тренінги', '', '%d0%86%d0%bd%d1%88%d1%96-%d1%82%d1%80%d0%b5%d0%bd%d1%96%d0%bd%d0%b3%d0%b8'),
(44, 'en_US', 'Apartments for sale', '', 'apartments-for-sale'),
(44, 'ru_RU', 'Продажа квартир', '', '%d0%9f%d1%80%d0%be%d0%b4%d0%b0%d0%b6%d0%b0-%d0%ba%d0%b2%d0%b0%d1%80%d1%82%d0%b8%d1%80'),
(44, 'uk_UK', 'Продаж квартир', '', '%d0%9f%d1%80%d0%be%d0%b4%d0%b0%d0%b6-%d0%ba%d0%b2%d0%b0%d1%80%d1%82%d0%b8%d1%80'),
(45, 'en_US', 'Secondary market', '', 'secondary-market'),
(45, 'ru_RU', 'Вторичный рынок ', '', '%d0%92%d1%82%d0%be%d1%80%d0%b8%d1%87%d0%bd%d1%8b%d0%b9-%d1%80%d1%8b%d0%bd%d0%be%d0%ba'),
(45, 'uk_UK', 'Вторинний ринок', '', '%d0%92%d1%82%d0%be%d1%80%d0%b8%d0%bd%d0%bd%d0%b8%d0%b9-%d1%80%d0%b8%d0%bd%d0%be%d0%ba'),
(46, 'en_US', 'New building', '', 'new-building'),
(46, 'ru_RU', 'Новостройки ', '', '%d0%9d%d0%be%d0%b2%d0%be%d1%81%d1%82%d1%80%d0%be%d0%b9%d0%ba%d0%b8'),
(46, 'uk_UK', 'Новобудови', '', '%d0%9d%d0%be%d0%b2%d0%be%d0%b1%d1%83%d0%b4%d0%be%d0%b2%d0%b8'),
(47, 'en_US', 'Houses for sale', '', 'houses-for-sale'),
(47, 'ru_RU', 'Продажа домов', '', '%d0%9f%d1%80%d0%be%d0%b4%d0%b0%d0%b6%d0%b0-%d0%b4%d0%be%d0%bc%d0%be%d0%b2'),
(47, 'uk_UK', 'Продаж будинків', '', '%d0%9f%d1%80%d0%be%d0%b4%d0%b0%d0%b6-%d0%b1%d1%83%d0%b4%d0%b8%d0%bd%d0%ba%d1%96%d0%b2'),
(48, 'en_US', 'Country houses', '', 'country-houses'),
(48, 'ru_RU', 'Продажа загородных домов ', '', '%d0%9f%d1%80%d0%be%d0%b4%d0%b0%d0%b6%d0%b0-%d0%b7%d0%b0%d0%b3%d0%be%d1%80%d0%be%d0%b4%d0%bd%d1%8b%d1'),
(48, 'uk_UK', 'Продаж заміських будинків', '', '%d0%9f%d1%80%d0%be%d0%b4%d0%b0%d0%b6-%d0%b7%d0%b0%d0%bc%d1%96%d1%81%d1%8c%d0%ba%d0%b8%d1%85-%d0%b1%d'),
(49, 'en_US', 'Houses in the city', '', 'houses-in-the-city'),
(49, 'ru_RU', 'Продажа домов в городе ', '', '%d0%9f%d1%80%d0%be%d0%b4%d0%b0%d0%b6%d0%b0-%d0%b4%d0%be%d0%bc%d0%be%d0%b2-%d0%b2-%d0%b3%d0%be%d1%80%'),
(49, 'uk_UK', 'Продаж будинків в місті', '', '%d0%9f%d1%80%d0%be%d0%b4%d0%b0%d0%b6-%d0%b1%d1%83%d0%b4%d0%b8%d0%bd%d0%ba%d1%96%d0%b2-%d0%b2-%d0%bc%'),
(50, 'en_US', 'Office/Commercial Space', '', 'officecommercial-space'),
(50, 'ru_RU', 'Офисы/Коммерческая недвижимость', '', '%d0%9e%d1%84%d0%b8%d1%81%d1%8b%d0%9a%d0%be%d0%bc%d0%bc%d0%b5%d1%80%d1%87%d0%b5%d1%81%d0%ba%d0%b0%d1%'),
(50, 'uk_UK', 'Офіси/Комерційна нерухомість', '', '%d0%9e%d1%84%d1%96%d1%81%d0%b8%d0%9a%d0%be%d0%bc%d0%b5%d1%80%d1%86%d1%96%d0%b9%d0%bd%d0%b0-%d0%bd%d0'),
(51, 'en_US', 'Room Sale', '', 'room-sale'),
(51, 'ru_RU', 'Продажа комнат', '', '%d0%9f%d1%80%d0%be%d0%b4%d0%b0%d0%b6%d0%b0-%d0%ba%d0%be%d0%bc%d0%bd%d0%b0%d1%82'),
(51, 'uk_UK', 'Продаж кімнат', '', '%d0%9f%d1%80%d0%be%d0%b4%d0%b0%d0%b6-%d0%ba%d1%96%d0%bc%d0%bd%d0%b0%d1%82'),
(52, 'en_US', 'Caregivers/Babysitters', '', 'caregiversbabysitters'),
(52, 'ru_RU', 'Сиделки/Няни', '', '%d0%a1%d0%b8%d0%b4%d0%b5%d0%bb%d0%ba%d0%b8%d0%9d%d1%8f%d0%bd%d0%b8'),
(52, 'uk_UK', 'Доглядальниці/Няні', '', '%d0%94%d0%be%d0%b3%d0%bb%d1%8f%d0%b4%d0%b0%d0%bb%d1%8c%d0%bd%d0%b8%d1%86%d1%96%d0%9d%d1%8f%d0%bd%d1%'),
(53, 'en_US', 'Electrical services', '', 'electrical-services'),
(53, 'ru_RU', 'Электрика', '', '%d0%ad%d0%bb%d0%b5%d0%ba%d1%82%d1%80%d0%b8%d0%ba%d0%b0'),
(53, 'uk_UK', 'Електрика', '', '%d0%95%d0%bb%d0%b5%d0%ba%d1%82%d1%80%d0%b8%d0%ba%d0%b0'),
(54, 'en_US', 'Veterinary Services/Animal services', '', 'veterinary-servicesanimal-services'),
(54, 'ru_RU', 'Услуги ветеринара/Сервис для животных', '', '%d0%a3%d1%81%d0%bb%d1%83%d0%b3%d0%b8-%d0%b2%d0%b5%d1%82%d0%b5%d1%80%d0%b8%d0%bd%d0%b0%d1%80%d0%b0%d0'),
(54, 'uk_UK', 'Послуги ветеринара/Сервіс для тварин', '', '%d0%9f%d0%be%d1%81%d0%bb%d1%83%d0%b3%d0%b8-%d0%b2%d0%b5%d1%82%d0%b5%d1%80%d0%b8%d0%bd%d0%b0%d1%80%d0'),
(55, 'en_US', 'Finishing/Painting works', '', 'finishingpainting-works'),
(55, 'ru_RU', 'Отделка/Малярка', '', '%d0%9e%d1%82%d0%b4%d0%b5%d0%bb%d0%ba%d0%b0%d0%9c%d0%b0%d0%bb%d1%8f%d1%80%d0%ba%d0%b0'),
(55, 'uk_UK', 'Оздоблення/Малярка', '', '%d0%9e%d0%b7%d0%b4%d0%be%d0%b1%d0%bb%d0%b5%d0%bd%d0%bd%d1%8f%d0%9c%d0%b0%d0%bb%d1%8f%d1%80%d0%ba%d0%'),
(56, 'en_US', 'Construction services', '', 'construction-services'),
(56, 'ru_RU', 'Cтроительные услуги ', '', 'c%d1%82%d1%80%d0%be%d0%b8%d1%82%d0%b5%d0%bb%d1%8c%d0%bd%d1%8b%d0%b5-%d1%83%d1%81%d0%bb%d1%83%d0%b3%d'),
(56, 'uk_UK', 'Будівельні послуги', '', '%d0%91%d1%83%d0%b4%d1%96%d0%b2%d0%b5%d0%bb%d1%8c%d0%bd%d1%96-%d0%bf%d0%be%d1%81%d0%bb%d1%83%d0%b3%d0'),
(57, 'en_US', 'Minor repairs/Cleaning', '', 'minor-repairscleaning'),
(57, 'ru_RU', 'Мелкий ремонт/Уборка ', '', '%d0%9c%d0%b5%d0%bb%d0%ba%d0%b8%d0%b9-%d1%80%d0%b5%d0%bc%d0%be%d0%bd%d1%82%d0%a3%d0%b1%d0%be%d1%80%d0'),
(57, 'uk_UK', 'Дрібний ремонт/Прибирання', '', '%d0%94%d1%80%d1%96%d0%b1%d0%bd%d0%b8%d0%b9-%d1%80%d0%b5%d0%bc%d0%be%d0%bd%d1%82%d0%9f%d1%80%d0%b8%d0'),
(58, 'en_US', 'Entertainment/Leisure', '', 'entertainmentleisure'),
(58, 'ru_RU', 'Развлечения/Досуг', '', '%d0%a0%d0%b0%d0%b7%d0%b2%d0%bb%d0%b5%d1%87%d0%b5%d0%bd%d0%b8%d1%8f%d0%94%d0%be%d1%81%d1%83%d0%b3'),
(58, 'uk_UK', 'Розваги/Дозвілля', '', '%d0%a0%d0%be%d0%b7%d0%b2%d0%b0%d0%b3%d0%b8%d0%94%d0%be%d0%b7%d0%b2%d1%96%d0%bb%d0%bb%d1%8f'),
(59, 'en_US', 'Rent', '', 'rent'),
(59, 'ru_RU', 'Прокат', '', '%d0%9f%d1%80%d0%be%d0%ba%d0%b0%d1%82'),
(59, 'uk_UK', 'Прокат', '', '%d0%9f%d1%80%d0%be%d0%ba%d0%b0%d1%82'),
(60, 'en_US', 'Construction/Repair', '', 'constructionrepair'),
(60, 'ru_RU', 'Строительство/Ремонт', '', '%d0%a1%d1%82%d1%80%d0%be%d0%b8%d1%82%d0%b5%d0%bb%d1%8c%d1%81%d1%82%d0%b2%d0%be%d0%a0%d0%b5%d0%bc%d0%'),
(60, 'uk_UK', 'Будівництво/Ремонт', '', '%d0%91%d1%83%d0%b4%d1%96%d0%b2%d0%bd%d0%b8%d1%86%d1%82%d0%b2%d0%be%d0%a0%d0%b5%d0%bc%d0%be%d0%bd%d1%'),
(61, 'en_US', 'Business Sales', '', 'business-sales'),
(61, 'ru_RU', 'Продажа бизнеса ', '', '%d0%9f%d1%80%d0%be%d0%b4%d0%b0%d0%b6%d0%b0-%d0%b1%d0%b8%d0%b7%d0%bd%d0%b5%d1%81%d0%b0'),
(61, 'uk_UK', 'Продаж бізнесу', '', '%d0%9f%d1%80%d0%be%d0%b4%d0%b0%d0%b6-%d0%b1%d1%96%d0%b7%d0%bd%d0%b5%d1%81%d1%83'),
(63, 'en_US', 'Carpool', NULL, 'carpool'),
(63, 'ru_RU', 'Карпул', '', '%d0%9a%d0%b0%d1%80%d0%bf%d1%83%d0%bb'),
(63, 'uk_UK', 'Автомобілі в оренду', '', '%d0%90%d0%b2%d1%82%d0%be%d0%bc%d0%be%d0%b1%d1%96%d0%bb%d1%96-%d0%b2-%d0%be%d1%80%d0%b5%d0%bd%d0%b4%d'),
(64, 'en_US', 'Community Activities', NULL, 'community-activities'),
(64, 'ru_RU', 'Общественная деятельность', '', '%d0%9e%d0%b1%d1%89%d0%b5%d1%81%d1%82%d0%b2%d0%b5%d0%bd%d0%bd%d0%b0%d1%8f-%d0%b4%d0%b5%d1%8f%d1%82%d0'),
(64, 'uk_UK', 'Громадська діяльність', '', '%d0%93%d1%80%d0%be%d0%bc%d0%b0%d0%b4%d1%81%d1%8c%d0%ba%d0%b0-%d0%b4%d1%96%d1%8f%d0%bb%d1%8c%d0%bd%d1'),
(65, 'en_US', 'Events', NULL, 'events'),
(65, 'ru_RU', 'События', '', '%d0%a1%d0%be%d0%b1%d1%8b%d1%82%d0%b8%d1%8f'),
(65, 'uk_UK', 'Події', '', '%d0%9f%d0%be%d0%b4%d1%96%d1%97'),
(66, 'en_US', 'Musicians - Artists - Bands', NULL, 'musicians-artists-bands'),
(66, 'ru_RU', 'Музыканты - Артисты - Группы', '', '%d0%9c%d1%83%d0%b7%d1%8b%d0%ba%d0%b0%d0%bd%d1%82%d1%8b-%d0%90%d1%80%d1%82%d0%b8%d1%81%d1%82%d1%8b-%d'),
(66, 'uk_UK', 'Музиканти - Художники - Групи', '', '%d0%9c%d1%83%d0%b7%d0%b8%d0%ba%d0%b0%d0%bd%d1%82%d0%b8-%d0%a5%d1%83%d0%b4%d0%be%d0%b6%d0%bd%d0%b8%d0'),
(67, 'en_US', 'Volunteers', NULL, 'volunteers'),
(67, 'ru_RU', 'Волонтеры', '', '%d0%92%d0%be%d0%bb%d0%be%d0%bd%d1%82%d0%b5%d1%80%d1%8b'),
(67, 'uk_UK', 'Волонтери', '', '%d0%92%d0%be%d0%bb%d0%be%d0%bd%d1%82%d0%b5%d1%80%d0%b8'),
(68, 'en_US', 'Lost And Found', NULL, 'lost-and-found'),
(68, 'ru_RU', 'Потери и Находки', '', '%d0%9f%d0%be%d1%82%d0%b5%d1%80%d0%b8-%d0%b8-%d0%9d%d0%b0%d1%85%d0%be%d0%b4%d0%ba%d0%b8'),
(68, 'uk_UK', 'Втрачені Та Знайдені', '', '%d0%92%d1%82%d1%80%d0%b0%d1%87%d0%b5%d0%bd%d1%96-%d0%a2%d0%b0-%d0%97%d0%bd%d0%b0%d0%b9%d0%b4%d0%b5%d'),
(69, 'en_US', 'Women looking for Men', NULL, 'women-looking-for-men'),
(69, 'ru_RU', 'Женщина ищет Мужчину', '', '%d0%96%d0%b5%d0%bd%d1%89%d0%b8%d0%bd%d0%b0-%d0%b8%d1%89%d0%b5%d1%82-%d0%9c%d1%83%d0%b6%d1%87%d0%b8%d'),
(69, 'uk_UK', 'Жінки шукають Чоловіків', '', '%d0%96%d1%96%d0%bd%d0%ba%d0%b8-%d1%88%d1%83%d0%ba%d0%b0%d1%8e%d1%82%d1%8c-%d0%a7%d0%be%d0%bb%d0%be%d'),
(70, 'en_US', 'Men looking for Women', NULL, 'men-looking-for-women'),
(70, 'ru_RU', 'Мужчина ищет Женщину', '', '%d0%9c%d1%83%d0%b6%d1%87%d0%b8%d0%bd%d0%b0-%d0%b8%d1%89%d0%b5%d1%82-%d0%96%d0%b5%d0%bd%d1%89%d0%b8%d'),
(70, 'uk_UK', 'Чоловіки шукають Жінок', '', '%d0%a7%d0%be%d0%bb%d0%be%d0%b2%d1%96%d0%ba%d0%b8-%d1%88%d1%83%d0%ba%d0%b0%d1%8e%d1%82%d1%8c-%d0%96%d'),
(71, 'en_US', 'Men looking for Men', NULL, 'men-looking-for-men'),
(71, 'ru_RU', 'Мужчина ищет Мужчину', '', '%d0%9c%d1%83%d0%b6%d1%87%d0%b8%d0%bd%d0%b0-%d0%b8%d1%89%d0%b5%d1%82-%d0%9c%d1%83%d0%b6%d1%87%d0%b8%d'),
(71, 'uk_UK', 'Чоловіки шукають Чоловіків', '', '%d0%a7%d0%be%d0%bb%d0%be%d0%b2%d1%96%d0%ba%d0%b8-%d1%88%d1%83%d0%ba%d0%b0%d1%8e%d1%82%d1%8c-%d0%a7%d'),
(72, 'en_US', 'Women looking for Women', NULL, 'women-looking-for-women'),
(72, 'ru_RU', 'Женщина ищет Женщину', '', '%d0%96%d0%b5%d0%bd%d1%89%d0%b8%d0%bd%d0%b0-%d0%b8%d1%89%d0%b5%d1%82-%d0%96%d0%b5%d0%bd%d1%89%d0%b8%d'),
(72, 'uk_UK', 'Жінки, які шукають Жінок', '', '%d0%96%d1%96%d0%bd%d0%ba%d0%b8-%d1%8f%d0%ba%d1%96-%d1%88%d1%83%d0%ba%d0%b0%d1%8e%d1%82%d1%8c-%d0%96%'),
(73, 'en_US', 'Friendship - Activity Partners', NULL, 'friendship-activity-partners'),
(73, 'ru_RU', 'Дружба', '', '%d0%94%d1%80%d1%83%d0%b6%d0%b1%d0%b0'),
(73, 'uk_UK', 'Дружба - Партнерами', '', '%d0%94%d1%80%d1%83%d0%b6%d0%b1%d0%b0-%d0%9f%d0%b0%d1%80%d1%82%d0%bd%d0%b5%d1%80%d0%b0%d0%bc%d0%b8'),
(74, 'en_US', 'Missed Connections', NULL, 'missed-connections'),
(74, 'ru_RU', 'Поиск людей', '', '%d0%9f%d0%be%d0%b8%d1%81%d0%ba-%d0%bb%d1%8e%d0%b4%d0%b5%d0%b9'),
(74, 'uk_UK', 'Пошук людей', '', '%d0%9f%d0%be%d1%88%d1%83%d0%ba-%d0%bb%d1%8e%d0%b4%d0%b5%d0%b9'),
(75, 'en_US', 'Culture/Arts', '', 'culturearts'),
(75, 'ru_RU', 'Культура/Искусство', '', '%d0%9a%d1%83%d0%bb%d1%8c%d1%82%d1%83%d1%80%d0%b0%d0%98%d1%81%d0%ba%d1%83%d1%81%d1%81%d1%82%d0%b2%d0%'),
(75, 'uk_UK', 'Культура Мистецтво', '', '%d0%9a%d1%83%d0%bb%d1%8c%d1%82%d1%83%d1%80%d0%b0-%d0%9c%d0%b8%d1%81%d1%82%d0%b5%d1%86%d1%82%d0%b2%d0'),
(76, 'en_US', 'Advertising/Marketing/Design', '', 'advertisingmarketingdesign'),
(76, 'ru_RU', 'Реклама/Маркетинг/Дизайн', '', '%d0%a0%d0%b5%d0%ba%d0%bb%d0%b0%d0%bc%d0%b0%d0%9c%d0%b0%d1%80%d0%ba%d0%b5%d1%82%d0%b8%d0%bd%d0%b3%d0%'),
(76, 'uk_UK', 'Реклама/Маркетинг/Дизайн', '', '%d0%a0%d0%b5%d0%ba%d0%bb%d0%b0%d0%bc%d0%b0%d0%9c%d0%b0%d1%80%d0%ba%d0%b5%d1%82%d0%b8%d0%bd%d0%b3%d0%'),
(77, 'en_US', 'Publishing/Media/Printing', '', 'publishingmediaprinting'),
(77, 'ru_RU', 'Издательства/СМИ/Полиграфия', '', '%d0%98%d0%b7%d0%b4%d0%b0%d1%82%d0%b5%d0%bb%d1%8c%d1%81%d1%82%d0%b2%d0%b0%d0%a1%d0%9c%d0%98%d0%9f%d0%'),
(77, 'uk_UK', 'Видавництва / ЗМІ / Поліграфія', '', '%d0%92%d0%b8%d0%b4%d0%b0%d0%b2%d0%bd%d0%b8%d1%86%d1%82%d0%b2%d0%b0-%d0%97%d0%9c%d0%86-%d0%9f%d0%be%d'),
(78, 'en_US', 'Admin/Secretarial', '', 'adminsecretarial'),
(78, 'ru_RU', 'Cекретариат/АХО', '', 'c%d0%b5%d0%ba%d1%80%d0%b5%d1%82%d0%b0%d1%80%d0%b8%d0%b0%d1%82%d0%90%d0%a5%d0%9e'),
(78, 'uk_UK', 'Секретаріат/АГВ', '', '%d0%a1%d0%b5%d0%ba%d1%80%d0%b5%d1%82%d0%b0%d1%80%d1%96%d0%b0%d1%82%d0%90%d0%93%d0%92'),
(79, 'en_US', 'Beauty/Fitness/Sports', '', 'beautyfitnesssports'),
(79, 'ru_RU', 'Красота/Фитнес/Спорт', '', '%d0%9a%d1%80%d0%b0%d1%81%d0%be%d1%82%d0%b0%d0%a4%d0%b8%d1%82%d0%bd%d0%b5%d1%81%d0%a1%d0%bf%d0%be%d1%'),
(79, 'uk_UK', 'Краса/Фітнес/Спорт', '', '%d0%9a%d1%80%d0%b0%d1%81%d0%b0%d0%a4%d1%96%d1%82%d0%bd%d0%b5%d1%81%d0%a1%d0%bf%d0%be%d1%80%d1%82'),
(80, 'en_US', 'Education', '', 'education'),
(80, 'ru_RU', 'Образование', '', '%d0%9e%d0%b1%d1%80%d0%b0%d0%b7%d0%be%d0%b2%d0%b0%d0%bd%d0%b8%d0%b5'),
(80, 'uk_UK', 'Освіта ', '', '%d0%9e%d1%81%d0%b2%d1%96%d1%82%d0%b0'),
(81, 'en_US', 'IT/Telecom/Computers', '', 'ittelecomcomputers'),
(81, 'ru_RU', 'IT/Телеком/Компьютеры ', '', 'it%d0%a2%d0%b5%d0%bb%d0%b5%d0%ba%d0%be%d0%bc%d0%9a%d0%be%d0%bc%d0%bf%d1%8c%d1%8e%d1%82%d0%b5%d1%80%d'),
(81, 'uk_UK', 'ІТ/Телеком/Комп''ютери', '', '%d0%86%d0%a2%d0%a2%d0%b5%d0%bb%d0%b5%d0%ba%d0%be%d0%bc%d0%9a%d0%be%d0%bc%d0%bf-%d1%8e%d1%82%d0%b5%d1'),
(82, 'en_US', 'Medicine/Pharmacy', '', 'medicinepharmacy'),
(82, 'ru_RU', 'Медицина/Фармация ', '', '%d0%9c%d0%b5%d0%b4%d0%b8%d1%86%d0%b8%d0%bd%d0%b0%d0%a4%d0%b0%d1%80%d0%bc%d0%b0%d1%86%d0%b8%d1%8f'),
(82, 'uk_UK', 'Медицина/Фармація', '', '%d0%9c%d0%b5%d0%b4%d0%b8%d1%86%d0%b8%d0%bd%d0%b0%d0%a4%d0%b0%d1%80%d0%bc%d0%b0%d1%86%d1%96%d1%8f'),
(83, 'en_US', 'Domestic Staff', '', 'domestic-staff'),
(83, 'ru_RU', 'Домашний персонал ', '', '%d0%94%d0%be%d0%bc%d0%b0%d1%88%d0%bd%d0%b8%d0%b9-%d0%bf%d0%b5%d1%80%d1%81%d0%be%d0%bd%d0%b0%d0%bb'),
(83, 'uk_UK', 'Домашній персонал', '', '%d0%94%d0%be%d0%bc%d0%b0%d1%88%d0%bd%d1%96%d0%b9-%d0%bf%d0%b5%d1%80%d1%81%d0%be%d0%bd%d0%b0%d0%bb'),
(84, 'en_US', 'Students/Without experience', '', 'studentswithout-experience'),
(84, 'ru_RU', 'Студенты/Без опыта ', '', '%d0%a1%d1%82%d1%83%d0%b4%d0%b5%d0%bd%d1%82%d1%8b%d0%91%d0%b5%d0%b7-%d0%be%d0%bf%d1%8b%d1%82%d0%b0'),
(84, 'uk_UK', 'Студенти/Без досвіду', '', '%d0%a1%d1%82%d1%83%d0%b4%d0%b5%d0%bd%d1%82%d0%b8%d0%91%d0%b5%d0%b7-%d0%b4%d0%be%d1%81%d0%b2%d1%96%d0'),
(85, 'en_US', 'Tourism/Leisure/Entertainment', '', 'tourismleisureentertainment'),
(85, 'ru_RU', 'Туризм/Отдых/Развлечения', '', '%d0%a2%d1%83%d1%80%d0%b8%d0%b7%d0%bc%d0%9e%d1%82%d0%b4%d1%8b%d1%85%d0%a0%d0%b0%d0%b7%d0%b2%d0%bb%d0%'),
(85, 'uk_UK', 'Туризм/Відпочинок/Розваги', '', '%d0%a2%d1%83%d1%80%d0%b8%d0%b7%d0%bc%d0%92%d1%96%d0%b4%d0%bf%d0%be%d1%87%d0%b8%d0%bd%d0%be%d0%ba%d0%'),
(86, 'en_US', 'Service centers/Consumer services', '', 'service-centersconsumer-services'),
(86, 'ru_RU', 'Сервисные центры/Бытовое обслуживание', '', '%d0%a1%d0%b5%d1%80%d0%b2%d0%b8%d1%81%d0%bd%d1%8b%d0%b5-%d1%86%d0%b5%d0%bd%d1%82%d1%80%d1%8b%d0%91%d1'),
(86, 'uk_UK', 'Сервісні центри/Побутове обслуговування', '', '%d0%a1%d0%b5%d1%80%d0%b2%d1%96%d1%81%d0%bd%d1%96-%d1%86%d0%b5%d0%bd%d1%82%d1%80%d0%b8%d0%9f%d0%be%d0'),
(87, 'en_US', 'Construction/Manufacturing', '', 'constructionmanufacturing'),
(87, 'ru_RU', 'Строительство /Производство', '', '%d0%a1%d1%82%d1%80%d0%be%d0%b8%d1%82%d0%b5%d0%bb%d1%8c%d1%81%d1%82%d0%b2%d0%be-%d0%9f%d1%80%d0%be%d0'),
(87, 'uk_UK', 'Будівництво/Виробництво', '', '%d0%91%d1%83%d0%b4%d1%96%d0%b2%d0%bd%d0%b8%d1%86%d1%82%d0%b2%d0%be%d0%92%d0%b8%d1%80%d0%be%d0%b1%d0%'),
(88, 'en_US', 'Outsourcing', '', 'outsourcing'),
(88, 'ru_RU', 'Аутсорсинг', '', '%d0%90%d1%83%d1%82%d1%81%d0%be%d1%80%d1%81%d0%b8%d0%bd%d0%b3'),
(88, 'uk_UK', 'Аутсорсинг', '', '%d0%90%d1%83%d1%82%d1%81%d0%be%d1%80%d1%81%d0%b8%d0%bd%d0%b3'),
(89, 'en_US', 'Volunteer', '', 'volunteer'),
(89, 'ru_RU', 'Волонтеры', '', '%d0%92%d0%be%d0%bb%d0%be%d0%bd%d1%82%d0%b5%d1%80%d1%8b'),
(89, 'uk_UK', 'Волонтери', '', '%d0%92%d0%be%d0%bb%d0%be%d0%bd%d1%82%d0%b5%d1%80%d0%b8'),
(90, 'en_US', 'Real Estate', '', 'real-estate_1'),
(90, 'ru_RU', 'Недвижимость', '', '%d0%9d%d0%b5%d0%b4%d0%b2%d0%b8%d0%b6%d0%b8%d0%bc%d0%be%d1%81%d1%82%d1%8c'),
(90, 'uk_UK', 'Нерухомість', '', '%d0%9d%d0%b5%d1%80%d1%83%d1%85%d0%be%d0%bc%d1%96%d1%81%d1%82%d1%8c'),
(91, 'en_US', 'Restaurants/Bars/Canteens', '', 'restaurantsbarscanteens'),
(91, 'ru_RU', 'Рестораны/Бары/Столовые ', '', '%d0%a0%d0%b5%d1%81%d1%82%d0%be%d1%80%d0%b0%d0%bd%d1%8b%d0%91%d0%b0%d1%80%d1%8b%d0%a1%d1%82%d0%be%d0%'),
(91, 'uk_UK', 'Ресторани/Бари/Їдальні', '', '%d0%a0%d0%b5%d1%81%d1%82%d0%be%d1%80%d0%b0%d0%bd%d0%b8%d0%91%d0%b0%d1%80%d0%b8%d0%87%d0%b4%d0%b0%d0%'),
(92, 'en_US', 'Retail/Sales', '', 'retailsales'),
(92, 'ru_RU', 'Розничная торговля/Продажи ', '', '%d0%a0%d0%be%d0%b7%d0%bd%d0%b8%d1%87%d0%bd%d0%b0%d1%8f-%d1%82%d0%be%d1%80%d0%b3%d0%be%d0%b2%d0%bb%d1'),
(92, 'uk_UK', 'Роздрібна торгівля/Продажі', '', '%d0%a0%d0%be%d0%b7%d0%b4%d1%80%d1%96%d0%b1%d0%bd%d0%b0-%d1%82%d0%be%d1%80%d0%b3%d1%96%d0%b2%d0%bb%d1'),
(93, 'en_US', 'Transport/Logistics', '', 'transportlogistics'),
(93, 'ru_RU', 'Транспорт/Логистика', '', '%d0%a2%d1%80%d0%b0%d0%bd%d1%81%d0%bf%d0%be%d1%80%d1%82%d0%9b%d0%be%d0%b3%d0%b8%d1%81%d1%82%d0%b8%d0%'),
(93, 'uk_UK', 'Транспорт/Логістика', '', '%d0%a2%d1%80%d0%b0%d0%bd%d1%81%d0%bf%d0%be%d1%80%d1%82%d0%9b%d0%be%d0%b3%d1%96%d1%81%d1%82%d0%b8%d0%'),
(94, 'en_US', 'Security/Safety', '', 'securitysafety'),
(94, 'ru_RU', 'Охрана/Безопасность ', '', '%d0%9e%d1%85%d1%80%d0%b0%d0%bd%d0%b0%d0%91%d0%b5%d0%b7%d0%be%d0%bf%d0%b0%d1%81%d0%bd%d0%be%d1%81%d1%'),
(94, 'uk_UK', 'Охорона/Безпека', '', '%d0%9e%d1%85%d0%be%d1%80%d0%be%d0%bd%d0%b0%d0%91%d0%b5%d0%b7%d0%bf%d0%b5%d0%ba%d0%b0'),
(95, 'en_US', 'Other Jobs', '', 'other-jobs'),
(95, 'ru_RU', 'Другие сферы занятости', '', '%d0%94%d1%80%d1%83%d0%b3%d0%b8%d0%b5-%d1%81%d1%84%d0%b5%d1%80%d1%8b-%d0%b7%d0%b0%d0%bd%d1%8f%d1%82%d'),
(95, 'uk_UK', 'Інші сфери зайнятості', '', '%d0%86%d0%bd%d1%88%d1%96-%d1%81%d1%84%d0%b5%d1%80%d0%b8-%d0%b7%d0%b0%d0%b9%d0%bd%d1%8f%d1%82%d0%be%d'),
(96, 'en_US', 'Clothing and style', '', 'clothing-and-style'),
(96, 'ru_RU', 'Одежда/Стиль', '', '%d0%9e%d0%b4%d0%b5%d0%b6%d0%b4%d0%b0%d0%a1%d1%82%d0%b8%d0%bb%d1%8c'),
(96, 'uk_UK', 'Одяг/Стиль', '', '%d0%9e%d0%b4%d1%8f%d0%b3%d0%a1%d1%82%d0%b8%d0%bb%d1%8c'),
(97, 'en_US', 'Clothes/Shoes', '', 'clothesshoes'),
(97, 'ru_RU', 'Одежда/Обувь ', '', '%d0%9e%d0%b4%d0%b5%d0%b6%d0%b4%d0%b0%d0%9e%d0%b1%d1%83%d0%b2%d1%8c'),
(97, 'uk_UK', 'Одяг/Взуття', '', '%d0%9e%d0%b4%d1%8f%d0%b3%d0%92%d0%b7%d1%83%d1%82%d1%82%d1%8f'),
(98, 'en_US', 'Accessories', '', 'accessories_3'),
(98, 'ru_RU', 'Аксессуары', '', '%d0%90%d0%ba%d1%81%d0%b5%d1%81%d1%81%d1%83%d0%b0%d1%80%d1%8b'),
(98, 'uk_UK', 'Аксессуари', '', '%d0%90%d0%ba%d1%81%d0%b5%d1%81%d1%81%d1%83%d0%b0%d1%80%d0%b8'),
(99, 'en_US', 'Men''s Clothing', '', 'men-s-clothing'),
(99, 'ru_RU', 'Мужская одежда', '', '%d0%9c%d1%83%d0%b6%d1%81%d0%ba%d0%b0%d1%8f-%d0%be%d0%b4%d0%b5%d0%b6%d0%b4%d0%b0'),
(99, 'uk_UK', 'Одяг для чоловіків', '', '%d0%9e%d0%b4%d1%8f%d0%b3-%d0%b4%d0%bb%d1%8f-%d1%87%d0%be%d0%bb%d0%be%d0%b2%d1%96%d0%ba%d1%96%d0%b2'),
(100, 'en_US', 'Men''s footwear', '', 'men-s-footwear'),
(100, 'ru_RU', 'Мужская обувь ', '', '%d0%9c%d1%83%d0%b6%d1%81%d0%ba%d0%b0%d1%8f-%d0%be%d0%b1%d1%83%d0%b2%d1%8c'),
(100, 'uk_UK', 'Чоловіче взуття', '', '%d0%a7%d0%be%d0%bb%d0%be%d0%b2%d1%96%d1%87%d0%b5-%d0%b2%d0%b7%d1%83%d1%82%d1%82%d1%8f'),
(102, 'en_US', 'Women''s clothing', '', 'women-s-clothing'),
(102, 'ru_RU', 'Женская одежда', '', '%d0%96%d0%b5%d0%bd%d1%81%d0%ba%d0%b0%d1%8f-%d0%be%d0%b4%d0%b5%d0%b6%d0%b4%d0%b0'),
(102, 'uk_UK', 'Одяг для жінок', '', '%d0%9e%d0%b4%d1%8f%d0%b3-%d0%b4%d0%bb%d1%8f-%d0%b6%d1%96%d0%bd%d0%be%d0%ba'),
(103, 'en_US', 'Women''s footwear', '', 'women-s-footwear'),
(103, 'ru_RU', 'Женская обувь', '', '%d0%96%d0%b5%d0%bd%d1%81%d0%ba%d0%b0%d1%8f-%d0%be%d0%b1%d1%83%d0%b2%d1%8c'),
(103, 'uk_UK', 'Жіноче взуття', '', '%d0%96%d1%96%d0%bd%d0%be%d1%87%d0%b5-%d0%b2%d0%b7%d1%83%d1%82%d1%82%d1%8f'),
(104, 'ru_RU', 'NEW CATEGORY, EDIT ME!', NULL, 'new-category-edit-me_2'),
(105, 'en_US', 'Men''s underwear', '', 'men-s-underwear'),
(105, 'ru_RU', 'Мужское белье', '', '%d0%9c%d1%83%d0%b6%d1%81%d0%ba%d0%be%d0%b5-%d0%b1%d0%b5%d0%bb%d1%8c%d0%b5'),
(105, 'uk_UK', 'Чоловіча білизна', '', '%d0%a7%d0%be%d0%bb%d0%be%d0%b2%d1%96%d1%87%d0%b0-%d0%b1%d1%96%d0%bb%d0%b8%d0%b7%d0%bd%d0%b0'),
(106, 'en_US', 'Women''s underwear ', '', 'women-s-underwear'),
(106, 'ru_RU', 'Женское белье', '', '%d0%96%d0%b5%d0%bd%d1%81%d0%ba%d0%be%d0%b5-%d0%b1%d0%b5%d0%bb%d1%8c%d0%b5'),
(106, 'uk_UK', 'Жіноча білизна', '', '%d0%96%d1%96%d0%bd%d0%be%d1%87%d0%b0-%d0%b1%d1%96%d0%bb%d0%b8%d0%b7%d0%bd%d0%b0'),
(107, 'en_US', 'Erotic lingerie', '', 'erotic-lingerie'),
(107, 'ru_RU', 'Эротическое белье', '', '%d0%ad%d1%80%d0%be%d1%82%d0%b8%d1%87%d0%b5%d1%81%d0%ba%d0%be%d0%b5-%d0%b1%d0%b5%d0%bb%d1%8c%d0%b5'),
(107, 'uk_UK', 'Еротична белье', '', '%d0%95%d1%80%d0%be%d1%82%d0%b8%d1%87%d0%bd%d0%b0-%d0%b1%d0%b5%d0%bb%d1%8c%d0%b5'),
(108, 'en_US', 'Beachwear', '', 'beachwear'),
(108, 'ru_RU', 'Все для пляжа', '', '%d0%92%d1%81%d0%b5-%d0%b4%d0%bb%d1%8f-%d0%bf%d0%bb%d1%8f%d0%b6%d0%b0'),
(108, 'uk_UK', 'Все для пляжа', '', '%d0%92%d1%81%d0%b5-%d0%b4%d0%bb%d1%8f-%d0%bf%d0%bb%d1%8f%d0%b6%d0%b0'),
(109, 'en_US', 'Sportswear', '', 'sportswear'),
(109, 'ru_RU', 'Спортивная одежда', '', '%d0%a1%d0%bf%d0%be%d1%80%d1%82%d0%b8%d0%b2%d0%bd%d0%b0%d1%8f-%d0%be%d0%b4%d0%b5%d0%b6%d0%b4%d0%b0'),
(109, 'uk_UK', 'Спортивний одяг', '', '%d0%a1%d0%bf%d0%be%d1%80%d1%82%d0%b8%d0%b2%d0%bd%d0%b8%d0%b9-%d0%be%d0%b4%d1%8f%d0%b3'),
(110, 'en_US', 'Sport shoes', '', 'sport-shoes'),
(110, 'ru_RU', 'Спортивная обувь', '', '%d0%a1%d0%bf%d0%be%d1%80%d1%82%d0%b8%d0%b2%d0%bd%d0%b0%d1%8f-%d0%be%d0%b1%d1%83%d0%b2%d1%8c'),
(110, 'uk_UK', 'Спортивне взуття ', '', '%d0%a1%d0%bf%d0%be%d1%80%d1%82%d0%b8%d0%b2%d0%bd%d0%b5-%d0%b2%d0%b7%d1%83%d1%82%d1%82%d1%8f'),
(111, 'en_US', 'Uniforms', '', 'uniforms'),
(111, 'ru_RU', 'Спецодежда и униформа', '', '%d0%a1%d0%bf%d0%b5%d1%86%d0%be%d0%b4%d0%b5%d0%b6%d0%b4%d0%b0-%d0%b8-%d1%83%d0%bd%d0%b8%d1%84%d0%be%d'),
(111, 'uk_UK', 'Спецодяг та уніформа', '', '%d0%a1%d0%bf%d0%b5%d1%86%d0%be%d0%b4%d1%8f%d0%b3-%d1%82%d0%b0-%d1%83%d0%bd%d1%96%d1%84%d0%be%d1%80%d'),
(112, 'en_US', 'Caps &amp; Hats', '', 'caps-hats'),
(112, 'ru_RU', 'Головные уборы', '', '%d0%93%d0%be%d0%bb%d0%be%d0%b2%d0%bd%d1%8b%d0%b5-%d1%83%d0%b1%d0%be%d1%80%d1%8b'),
(112, 'uk_UK', 'Головні убори ', '', '%d0%93%d0%be%d0%bb%d0%be%d0%b2%d0%bd%d1%96-%d1%83%d0%b1%d0%be%d1%80%d0%b8'),
(113, 'en_US', 'Other', '', 'other_10'),
(113, 'ru_RU', 'Разное', '', '%d0%a0%d0%b0%d0%b7%d0%bd%d0%be%d0%b5'),
(113, 'uk_UK', 'Разное', '', '%d0%a0%d0%b0%d0%b7%d0%bd%d0%be%d0%b5'),
(114, 'en_US', 'Bags', '', 'bags'),
(114, 'ru_RU', 'Сумки ', '', '%d0%a1%d1%83%d0%bc%d0%ba%d0%b8'),
(114, 'uk_UK', 'Сумки ', '', '%d0%a1%d1%83%d0%bc%d0%ba%d0%b8'),
(115, 'en_US', 'Bijouterie', '', 'bijouterie'),
(115, 'ru_RU', 'Бижутерия', '', '%d0%91%d0%b8%d0%b6%d1%83%d1%82%d0%b5%d1%80%d0%b8%d1%8f'),
(115, 'uk_UK', 'Біжутерія', '', '%d0%91%d1%96%d0%b6%d1%83%d1%82%d0%b5%d1%80%d1%96%d1%8f'),
(116, 'en_US', 'Jewelry', '', 'jewelry'),
(116, 'ru_RU', 'Ювелирные изделия', '', '%d0%ae%d0%b2%d0%b5%d0%bb%d0%b8%d1%80%d0%bd%d1%8b%d0%b5-%d0%b8%d0%b7%d0%b4%d0%b5%d0%bb%d0%b8%d1%8f'),
(116, 'uk_UK', 'Ювелірні вироби', '', '%d0%ae%d0%b2%d0%b5%d0%bb%d1%96%d1%80%d0%bd%d1%96-%d0%b2%d0%b8%d1%80%d0%be%d0%b1%d0%b8'),
(117, 'en_US', 'Watches', '', 'watches_1'),
(117, 'ru_RU', 'Наручные часы ', '', '%d0%9d%d0%b0%d1%80%d1%83%d1%87%d0%bd%d1%8b%d0%b5-%d1%87%d0%b0%d1%81%d1%8b'),
(117, 'uk_UK', 'Наручні годинники', '', '%d0%9d%d0%b0%d1%80%d1%83%d1%87%d0%bd%d1%96-%d0%b3%d0%be%d0%b4%d0%b8%d0%bd%d0%bd%d0%b8%d0%ba%d0%b8'),
(118, 'en_US', 'Other', '', 'other_11'),
(118, 'ru_RU', 'Разное', '', '%d0%a0%d0%b0%d0%b7%d0%bd%d0%be%d0%b5'),
(118, 'uk_UK', 'Різне', '', '%d0%a0%d1%96%d0%b7%d0%bd%d0%b5'),
(119, 'en_US', 'Beauty', '', 'beauty'),
(119, 'ru_RU', 'Красота', '', '%d0%9a%d1%80%d0%b0%d1%81%d0%be%d1%82%d0%b0'),
(119, 'uk_UK', 'Краса', '', '%d0%9a%d1%80%d0%b0%d1%81%d0%b0'),
(120, 'en_US', 'Perfumes', '', 'perfumes'),
(120, 'ru_RU', 'Парфюмерия', '', '%d0%9f%d0%b0%d1%80%d1%84%d1%8e%d0%bc%d0%b5%d1%80%d0%b8%d1%8f'),
(120, 'uk_UK', 'Парфюмерія ', '', '%d0%9f%d0%b0%d1%80%d1%84%d1%8e%d0%bc%d0%b5%d1%80%d1%96%d1%8f'),
(121, 'en_US', 'Cosmetics', '', 'cosmetics'),
(121, 'ru_RU', 'Косметика', '', '%d0%9a%d0%be%d1%81%d0%bc%d0%b5%d1%82%d0%b8%d0%ba%d0%b0'),
(121, 'uk_UK', 'Косметика', '', '%d0%9a%d0%be%d1%81%d0%bc%d0%b5%d1%82%d0%b8%d0%ba%d0%b0'),
(122, 'en_US', 'Other', '', 'other_8'),
(122, 'ru_RU', 'Разное', '', '%d0%a0%d0%b0%d0%b7%d0%bd%d0%be%d0%b5'),
(122, 'uk_UK', 'Разное', '', '%d0%a0%d0%b0%d0%b7%d0%bd%d0%be%d0%b5'),
(123, 'en_US', 'Wedding', '', 'wedding'),
(123, 'ru_RU', 'Все для свадьбы', '', '%d0%92%d1%81%d0%b5-%d0%b4%d0%bb%d1%8f-%d1%81%d0%b2%d0%b0%d0%b4%d1%8c%d0%b1%d1%8b'),
(123, 'uk_UK', 'Все для свадьбы', '', '%d0%92%d1%81%d0%b5-%d0%b4%d0%bb%d1%8f-%d1%81%d0%b2%d0%b0%d0%b4%d1%8c%d0%b1%d1%8b'),
(124, 'en_US', 'Wedding dresses and suits', '', 'wedding-dresses-and-suits'),
(124, 'ru_RU', 'Свадебные костюмы и платья', '', '%d0%a1%d0%b2%d0%b0%d0%b4%d0%b5%d0%b1%d0%bd%d1%8b%d0%b5-%d0%ba%d0%be%d1%81%d1%82%d1%8e%d0%bc%d1%8b-%d'),
(124, 'uk_UK', 'Весільні костюми та сукні', '', '%d0%92%d0%b5%d1%81%d1%96%d0%bb%d1%8c%d0%bd%d1%96-%d0%ba%d0%be%d1%81%d1%82%d1%8e%d0%bc%d0%b8-%d1%82%d'),
(125, 'en_US', 'Wedding accessories', '', 'wedding-accessories'),
(125, 'ru_RU', 'Свадебные аксессуары', '', '%d0%a1%d0%b2%d0%b0%d0%b4%d0%b5%d0%b1%d0%bd%d1%8b%d0%b5-%d0%b0%d0%ba%d1%81%d0%b5%d1%81%d1%81%d1%83%d0'),
(125, 'uk_UK', 'Весільні аксесуари', '', '%d0%92%d0%b5%d1%81%d1%96%d0%bb%d1%8c%d0%bd%d1%96-%d0%b0%d0%ba%d1%81%d0%b5%d1%81%d1%83%d0%b0%d1%80%d0'),
(126, 'en_US', 'Gifts', '', 'gifts'),
(126, 'ru_RU', 'Подарки', '', '%d0%9f%d0%be%d0%b4%d0%b0%d1%80%d0%ba%d0%b8'),
(126, 'uk_UK', 'Подарунки', '', '%d0%9f%d0%be%d0%b4%d0%b0%d1%80%d1%83%d0%bd%d0%ba%d0%b8'),
(127, 'en_US', 'Other', '', 'other_9'),
(127, 'ru_RU', 'Разное', '', '%d0%a0%d0%b0%d0%b7%d0%bd%d0%be%d0%b5'),
(127, 'uk_UK', 'Різне', '', '%d0%a0%d1%96%d0%b7%d0%bd%d0%b5'),
(128, 'en_US', 'Sunglasses', '', 'sunglasses'),
(128, 'ru_RU', 'Солнцезащитные очки', '', '%d0%a1%d0%be%d0%bb%d0%bd%d1%86%d0%b5%d0%b7%d0%b0%d1%89%d0%b8%d1%82%d0%bd%d1%8b%d0%b5-%d0%be%d1%87%d0'),
(128, 'uk_UK', 'Сонцезахисні окуляри', '', '%d0%a1%d0%be%d0%bd%d1%86%d0%b5%d0%b7%d0%b0%d1%85%d0%b8%d1%81%d0%bd%d1%96-%d0%be%d0%ba%d1%83%d0%bb%d1'),
(129, 'en_US', 'Interests/ Recreation/Sports', '', 'interests-recreationsports'),
(129, 'ru_RU', 'Увлечения/Отдых/Спорт', '', '%d0%a3%d0%b2%d0%bb%d0%b5%d1%87%d0%b5%d0%bd%d0%b8%d1%8f%d0%9e%d1%82%d0%b4%d1%8b%d1%85%d0%a1%d0%bf%d0%'),
(129, 'uk_UK', 'Захоплення/Відпочинок/Спорт', '', '%d0%97%d0%b0%d1%85%d0%be%d0%bf%d0%bb%d0%b5%d0%bd%d0%bd%d1%8f%d0%92%d1%96%d0%b4%d0%bf%d0%be%d1%87%d0%'),
(130, 'en_US', 'Antiques/Collections', '', 'antiquescollections'),
(130, 'ru_RU', 'Антиквариат/Коллекции ', '', '%d0%90%d0%bd%d1%82%d0%b8%d0%ba%d0%b2%d0%b0%d1%80%d0%b8%d0%b0%d1%82%d0%9a%d0%be%d0%bb%d0%bb%d0%b5%d0%'),
(130, 'uk_UK', 'Антикваріат/Колекції', '', '%d0%90%d0%bd%d1%82%d0%b8%d0%ba%d0%b2%d0%b0%d1%80%d1%96%d0%b0%d1%82%d0%9a%d0%be%d0%bb%d0%b5%d0%ba%d1%'),
(131, 'en_US', 'Collecting', '', 'collecting'),
(131, 'ru_RU', 'Коллекционирование ', '', '%d0%9a%d0%be%d0%bb%d0%bb%d0%b5%d0%ba%d1%86%d0%b8%d0%be%d0%bd%d0%b8%d1%80%d0%be%d0%b2%d0%b0%d0%bd%d0%'),
(131, 'uk_UK', 'Колекціонування', '', '%d0%9a%d0%be%d0%bb%d0%b5%d0%ba%d1%86%d1%96%d0%be%d0%bd%d1%83%d0%b2%d0%b0%d0%bd%d0%bd%d1%8f'),
(132, 'en_US', 'Craftworks', '', 'craftworks'),
(132, 'ru_RU', 'Рукоделие/Поделки', '', '%d0%a0%d1%83%d0%ba%d0%be%d0%b4%d0%b5%d0%bb%d0%b8%d0%b5%d0%9f%d0%be%d0%b4%d0%b5%d0%bb%d0%ba%d0%b8'),
(132, 'uk_UK', 'Рукоділля/Вироби', '', '%d0%a0%d1%83%d0%ba%d0%be%d0%b4%d1%96%d0%bb%d0%bb%d1%8f%d0%92%d0%b8%d1%80%d0%be%d0%b1%d0%b8'),
(133, 'en_US', 'Painting', '', 'painting'),
(133, 'ru_RU', 'Живопись ', '', '%d0%96%d0%b8%d0%b2%d0%be%d0%bf%d0%b8%d1%81%d1%8c'),
(133, 'uk_UK', 'Живопис', '', '%d0%96%d0%b8%d0%b2%d0%be%d0%bf%d0%b8%d1%81'),
(134, 'en_US', 'Art objects ', '', 'art-objects'),
(134, 'ru_RU', 'Предметы искусства', '', '%d0%9f%d1%80%d0%b5%d0%b4%d0%bc%d0%b5%d1%82%d1%8b-%d0%b8%d1%81%d0%ba%d1%83%d1%81%d1%81%d1%82%d0%b2%d0'),
(134, 'uk_UK', 'Предмети мистецтва', '', '%d0%9f%d1%80%d0%b5%d0%b4%d0%bc%d0%b5%d1%82%d0%b8-%d0%bc%d0%b8%d1%81%d1%82%d0%b5%d1%86%d1%82%d0%b2%d0'),
(135, 'en_US', 'Icons', '', 'icons'),
(135, 'ru_RU', 'Иконы ', '', '%d0%98%d0%ba%d0%be%d0%bd%d1%8b'),
(135, 'uk_UK', 'Ікони', '', '%d0%86%d0%ba%d0%be%d0%bd%d0%b8'),
(136, 'en_US', 'Used books', '', 'used-books'),
(136, 'ru_RU', 'Букинистка ', '', '%d0%91%d1%83%d0%ba%d0%b8%d0%bd%d0%b8%d1%81%d1%82%d0%ba%d0%b0'),
(136, 'uk_UK', 'Букіністка', '', '%d0%91%d1%83%d0%ba%d1%96%d0%bd%d1%96%d1%81%d1%82%d0%ba%d0%b0'),
(137, 'en_US', 'Antique furniture', '', 'antique-furniture'),
(137, 'ru_RU', 'Антикварная мебель ', '', '%d0%90%d0%bd%d1%82%d0%b8%d0%ba%d0%b2%d0%b0%d1%80%d0%bd%d0%b0%d1%8f-%d0%bc%d0%b5%d0%b1%d0%b5%d0%bb%d1'),
(137, 'uk_UK', 'Антикварні меблі', '', '%d0%90%d0%bd%d1%82%d0%b8%d0%ba%d0%b2%d0%b0%d1%80%d0%bd%d1%96-%d0%bc%d0%b5%d0%b1%d0%bb%d1%96'),
(138, 'en_US', 'Sports/Recreation', '', 'sportsrecreation'),
(138, 'ru_RU', 'Спорт/Отдых', '', '%d0%a1%d0%bf%d0%be%d1%80%d1%82%d0%9e%d1%82%d0%b4%d1%8b%d1%85'),
(138, 'uk_UK', 'Спорт/Відпочинок', '', '%d0%a1%d0%bf%d0%be%d1%80%d1%82%d0%92%d1%96%d0%b4%d0%bf%d0%be%d1%87%d0%b8%d0%bd%d0%be%d0%ba'),
(139, 'en_US', 'Tourism', '', 'tourism'),
(139, 'ru_RU', 'Туризм ', '', '%d0%a2%d1%83%d1%80%d0%b8%d0%b7%d0%bc'),
(139, 'uk_UK', 'Туризм ', '', '%d0%a2%d1%83%d1%80%d0%b8%d0%b7%d0%bc'),
(140, 'en_US', 'Hunting/Fishing', '', 'huntingfishing'),
(140, 'ru_RU', 'Охота/Рыбалка ', '', '%d0%9e%d1%85%d0%be%d1%82%d0%b0%d0%a0%d1%8b%d0%b1%d0%b0%d0%bb%d0%ba%d0%b0'),
(140, 'uk_UK', 'Полювання/Рибалка', '', '%d0%9f%d0%be%d0%bb%d1%8e%d0%b2%d0%b0%d0%bd%d0%bd%d1%8f%d0%a0%d0%b8%d0%b1%d0%b0%d0%bb%d0%ba%d0%b0'),
(141, 'en_US', 'Bicycles', '', 'bicycles'),
(141, 'ru_RU', 'Вело ', '', '%d0%92%d0%b5%d0%bb%d0%be'),
(141, 'uk_UK', 'Вело', '', '%d0%92%d0%b5%d0%bb%d0%be'),
(142, 'en_US', 'Fitness/Athletics', '', 'fitnessathletics'),
(142, 'ru_RU', 'Фитнес/Атлетика', '', '%d0%a4%d0%b8%d1%82%d0%bd%d0%b5%d1%81%d0%90%d1%82%d0%bb%d0%b5%d1%82%d0%b8%d0%ba%d0%b0'),
(142, 'uk_UK', 'Фітнес/Атлетика', '', '%d0%a4%d1%96%d1%82%d0%bd%d0%b5%d1%81%d0%90%d1%82%d0%bb%d0%b5%d1%82%d0%b8%d0%ba%d0%b0'),
(143, 'en_US', 'Skis/Snowboards', '', 'skissnowboards'),
(143, 'ru_RU', 'Лыжи/Сноуборды', '', '%d0%9b%d1%8b%d0%b6%d0%b8%d0%a1%d0%bd%d0%be%d1%83%d0%b1%d0%be%d1%80%d0%b4%d1%8b'),
(143, 'uk_UK', 'Лижі/Сноуборди', '', '%d0%9b%d0%b8%d0%b6%d1%96%d0%a1%d0%bd%d0%be%d1%83%d0%b1%d0%be%d1%80%d0%b4%d0%b8'),
(144, 'en_US', 'Football', '', 'football'),
(144, 'ru_RU', 'Футбол ', '', '%d0%a4%d1%83%d1%82%d0%b1%d0%be%d0%bb'),
(144, 'uk_UK', 'Футбол ', '', '%d0%a4%d1%83%d1%82%d0%b1%d0%be%d0%bb'),
(145, 'en_US', 'Martial Arts/Boxing', '', 'martial-artsboxing'),
(145, 'ru_RU', 'Единоборства/Бокс ', '', '%d0%95%d0%b4%d0%b8%d0%bd%d0%be%d0%b1%d0%be%d1%80%d1%81%d1%82%d0%b2%d0%b0%d0%91%d0%be%d0%ba%d1%81'),
(145, 'uk_UK', 'Єдиноборства/Бокс', '', '%d0%84%d0%b4%d0%b8%d0%bd%d0%be%d0%b1%d0%be%d1%80%d1%81%d1%82%d0%b2%d0%b0%d0%91%d0%be%d0%ba%d1%81'),
(146, 'en_US', 'Water sports', '', 'water-sports'),
(146, 'ru_RU', 'Водные виды спорта ', '', '%d0%92%d0%be%d0%b4%d0%bd%d1%8b%d0%b5-%d0%b2%d0%b8%d0%b4%d1%8b-%d1%81%d0%bf%d0%be%d1%80%d1%82%d0%b0'),
(146, 'uk_UK', 'Водні види спорту', '', '%d0%92%d0%be%d0%b4%d0%bd%d1%96-%d0%b2%d0%b8%d0%b4%d0%b8-%d1%81%d0%bf%d0%be%d1%80%d1%82%d1%83'),
(147, 'en_US', 'Roller skates', '', 'roller-skates'),
(147, 'ru_RU', 'Коньки роликовые', '', '%d0%9a%d0%be%d0%bd%d1%8c%d0%ba%d0%b8-%d1%80%d0%be%d0%bb%d0%b8%d0%ba%d0%be%d0%b2%d1%8b%d0%b5'),
(147, 'uk_UK', 'Ролики', '', '%d0%a0%d0%be%d0%bb%d0%b8%d0%ba%d0%b8'),
(148, 'en_US', 'Skates', '', 'skates'),
(148, 'ru_RU', 'Коньки', '', '%d0%9a%d0%be%d0%bd%d1%8c%d0%ba%d0%b8'),
(148, 'uk_UK', 'Ковзани', '', '%d0%9a%d0%be%d0%b2%d0%b7%d0%b0%d0%bd%d0%b8'),
(149, 'en_US', 'Tennis/Badminton', '', 'tennisbadminton'),
(149, 'ru_RU', 'Теннис/Бадминтон ', '', '%d0%a2%d0%b5%d0%bd%d0%bd%d0%b8%d1%81%d0%91%d0%b0%d0%b4%d0%bc%d0%b8%d0%bd%d1%82%d0%be%d0%bd'),
(149, 'uk_UK', 'Теніс/Бадмінтон', '', '%d0%a2%d0%b5%d0%bd%d1%96%d1%81%d0%91%d0%b0%d0%b4%d0%bc%d1%96%d0%bd%d1%82%d0%be%d0%bd'),
(150, 'en_US', 'Hockey', '', 'hockey'),
(150, 'ru_RU', 'Хоккей ', '', '%d0%a5%d0%be%d0%ba%d0%ba%d0%b5%d0%b9'),
(150, 'uk_UK', 'Хокей', '', '%d0%a5%d0%be%d0%ba%d0%b5%d0%b9'),
(151, 'en_US', 'Board games', '', 'board-games'),
(151, 'ru_RU', 'Настольные игры', '', '%d0%9d%d0%b0%d1%81%d1%82%d0%be%d0%bb%d1%8c%d0%bd%d1%8b%d0%b5-%d0%b8%d0%b3%d1%80%d1%8b'),
(151, 'uk_UK', 'Настільні ігри', '', '%d0%9d%d0%b0%d1%81%d1%82%d1%96%d0%bb%d1%8c%d0%bd%d1%96-%d1%96%d0%b3%d1%80%d0%b8'),
(152, 'en_US', 'Other sports', '', 'other-sports'),
(152, 'ru_RU', 'Прочие виды спорта ', '', '%d0%9f%d1%80%d0%be%d1%87%d0%b8%d0%b5-%d0%b2%d0%b8%d0%b4%d1%8b-%d1%81%d0%bf%d0%be%d1%80%d1%82%d0%b0'),
(152, 'uk_UK', 'Інші види спорту', '', '%d0%86%d0%bd%d1%88%d1%96-%d0%b2%d0%b8%d0%b4%d0%b8-%d1%81%d0%bf%d0%be%d1%80%d1%82%d1%83'),
(153, 'en_US', 'CD/DVD/Record/Cassette', '', 'cddvdrecordcassette'),
(153, 'ru_RU', 'CD/DVD/Пластинки/Кассеты', '', 'cddvd%d0%9f%d0%bb%d0%b0%d1%81%d1%82%d0%b8%d0%bd%d0%ba%d0%b8%d0%9a%d0%b0%d1%81%d1%81%d0%b5%d1%82%d1%8'),
(153, 'uk_UK', 'D/DVD/Пластинки/Касети', '', 'ddvd%d0%9f%d0%bb%d0%b0%d1%81%d1%82%d0%b8%d0%bd%d0%ba%d0%b8%d0%9a%d0%b0%d1%81%d0%b5%d1%82%d0%b8'),
(154, 'en_US', 'Musical instruments', '', 'musical-instruments_1'),
(154, 'ru_RU', 'Музыкальные инструменты ', '', '%d0%9c%d1%83%d0%b7%d1%8b%d0%ba%d0%b0%d0%bb%d1%8c%d0%bd%d1%8b%d0%b5-%d0%b8%d0%bd%d1%81%d1%82%d1%80%d1'),
(154, 'uk_UK', 'Музичні інструменти', '', '%d0%9c%d1%83%d0%b7%d0%b8%d1%87%d0%bd%d1%96-%d1%96%d0%bd%d1%81%d1%82%d1%80%d1%83%d0%bc%d0%b5%d0%bd%d1'),
(155, 'en_US', 'Pianos', '', 'pianos'),
(155, 'ru_RU', 'Пианино/Фортепиано/Рояли', '', '%d0%9f%d0%b8%d0%b0%d0%bd%d0%b8%d0%bd%d0%be%d0%a4%d0%be%d1%80%d1%82%d0%b5%d0%bf%d0%b8%d0%b0%d0%bd%d0%'),
(155, 'uk_UK', 'Піаніно/Фортепіано/Роялі', '', '%d0%9f%d1%96%d0%b0%d0%bd%d1%96%d0%bd%d0%be%d0%a4%d0%be%d1%80%d1%82%d0%b5%d0%bf%d1%96%d0%b0%d0%bd%d0%'),
(156, 'en_US', 'Electric guitars', '', 'electric-guitars'),
(156, 'ru_RU', 'Электрогитары ', '', '%d0%ad%d0%bb%d0%b5%d0%ba%d1%82%d1%80%d0%be%d0%b3%d0%b8%d1%82%d0%b0%d1%80%d1%8b'),
(156, 'uk_UK', 'Електрогітари', '', '%d0%95%d0%bb%d0%b5%d0%ba%d1%82%d1%80%d0%be%d0%b3%d1%96%d1%82%d0%b0%d1%80%d0%b8'),
(157, 'en_US', 'Acoustic guitars', '', 'acoustic-guitars'),
(157, 'ru_RU', 'Акустические гитары ', '', '%d0%90%d0%ba%d1%83%d1%81%d1%82%d0%b8%d1%87%d0%b5%d1%81%d0%ba%d0%b8%d0%b5-%d0%b3%d0%b8%d1%82%d0%b0%d1'),
(157, 'uk_UK', 'Акустичні гітари', '', '%d0%90%d0%ba%d1%83%d1%81%d1%82%d0%b8%d1%87%d0%bd%d1%96-%d0%b3%d1%96%d1%82%d0%b0%d1%80%d0%b8'),
(158, 'en_US', 'Wind Instruments', '', 'wind-instruments'),
(158, 'ru_RU', 'Духовые инструменты ', '', '%d0%94%d1%83%d1%85%d0%be%d0%b2%d1%8b%d0%b5-%d0%b8%d0%bd%d1%81%d1%82%d1%80%d1%83%d0%bc%d0%b5%d0%bd%d1'),
(158, 'uk_UK', 'Духові інструменти', '', '%d0%94%d1%83%d1%85%d0%be%d0%b2%d1%96-%d1%96%d0%bd%d1%81%d1%82%d1%80%d1%83%d0%bc%d0%b5%d0%bd%d1%82%d0'),
(159, 'en_US', 'Synthesizers', '', 'synthesizers'),
(159, 'ru_RU', 'Синтезаторы', '', '%d0%a1%d0%b8%d0%bd%d1%82%d0%b5%d0%b7%d0%b0%d1%82%d0%be%d1%80%d1%8b'),
(159, 'uk_UK', 'Синтезатори', '', '%d0%a1%d0%b8%d0%bd%d1%82%d0%b5%d0%b7%d0%b0%d1%82%d0%be%d1%80%d0%b8'),
(160, 'ru_RU', 'Ударные инструменты', '', '%d0%a3%d0%b4%d0%b0%d1%80%d0%bd%d1%8b%d0%b5-%d0%b8%d0%bd%d1%81%d1%82%d1%80%d1%83%d0%bc%d0%b5%d0%bd%d1');
INSERT INTO `oc_t_category_description` (`fk_i_category_id`, `fk_c_locale_code`, `s_name`, `s_description`, `s_slug`) VALUES
(160, 'uk_UK', 'Ударні інструменти', '', '%d0%a3%d0%b4%d0%b0%d1%80%d0%bd%d1%96-%d1%96%d0%bd%d1%81%d1%82%d1%80%d1%83%d0%bc%d0%b5%d0%bd%d1%82%d0'),
(161, 'en_US', 'Combos', '', 'combos'),
(161, 'ru_RU', 'Комбоусилители ', '', '%d0%9a%d0%be%d0%bc%d0%b1%d0%be%d1%83%d1%81%d0%b8%d0%bb%d0%b8%d1%82%d0%b5%d0%bb%d0%b8'),
(161, 'uk_UK', 'Комбопідсилювачі', '', '%d0%9a%d0%be%d0%bc%d0%b1%d0%be%d0%bf%d1%96%d0%b4%d1%81%d0%b8%d0%bb%d1%8e%d0%b2%d0%b0%d1%87%d1%96'),
(162, 'en_US', 'Bass guitar', '', 'bass-guitar'),
(162, 'ru_RU', 'Бас-гитары ', '', '%d0%91%d0%b0%d1%81-%d0%b3%d0%b8%d1%82%d0%b0%d1%80%d1%8b'),
(162, 'uk_UK', 'Бас-гітари', '', '%d0%91%d0%b0%d1%81-%d0%b3%d1%96%d1%82%d0%b0%d1%80%d0%b8'),
(163, 'en_US', 'Equipment for the studios', '', 'equipment-for-the-studios'),
(163, 'ru_RU', 'Оборудование для студий', '', '%d0%9e%d0%b1%d0%be%d1%80%d1%83%d0%b4%d0%be%d0%b2%d0%b0%d0%bd%d0%b8%d0%b5-%d0%b4%d0%bb%d1%8f-%d1%81%d'),
(163, 'uk_UK', 'Устаткування для студій', '', '%d0%a3%d1%81%d1%82%d0%b0%d1%82%d0%ba%d1%83%d0%b2%d0%b0%d0%bd%d0%bd%d1%8f-%d0%b4%d0%bb%d1%8f-%d1%81%d'),
(164, 'en_US', 'Accessories', '', 'accessories'),
(164, 'ru_RU', 'Аксессуары для инструментов', '', '%d0%90%d0%ba%d1%81%d0%b5%d1%81%d1%81%d1%83%d0%b0%d1%80%d1%8b-%d0%b4%d0%bb%d1%8f-%d0%b8%d0%bd%d1%81%d'),
(164, 'uk_UK', 'Аксесуари для інструментів', '', '%d0%90%d0%ba%d1%81%d0%b5%d1%81%d1%83%d0%b0%d1%80%d0%b8-%d0%b4%d0%bb%d1%8f-%d1%96%d0%bd%d1%81%d1%82%d'),
(165, 'en_US', 'Others', '', 'others'),
(165, 'ru_RU', 'Прочее ', '', '%d0%9f%d1%80%d0%be%d1%87%d0%b5%d0%b5'),
(165, 'uk_UK', 'Інше', '', '%d0%86%d0%bd%d1%88%d0%b5'),
(166, 'en_US', 'Tickets', '', 'tickets_1'),
(166, 'ru_RU', 'Билеты ', '', '%d0%91%d0%b8%d0%bb%d0%b5%d1%82%d1%8b'),
(166, 'uk_UK', 'Квитки', '', '%d0%9a%d0%b2%d0%b8%d1%82%d0%ba%d0%b8'),
(167, 'en_US', 'Community/Fan groups', '', 'communityfan-groups'),
(167, 'ru_RU', 'Сообщества/Фан-группы', '', '%d0%a1%d0%be%d0%be%d0%b1%d1%89%d0%b5%d1%81%d1%82%d0%b2%d0%b0%d0%a4%d0%b0%d0%bd-%d0%b3%d1%80%d1%83%d0'),
(167, 'uk_UK', 'Спільноти/Фан-групи', '', '%d0%a1%d0%bf%d1%96%d0%bb%d1%8c%d0%bd%d0%be%d1%82%d0%b8%d0%a4%d0%b0%d0%bd-%d0%b3%d1%80%d1%83%d0%bf%d0'),
(168, 'en_US', 'Travel Companion Search', '', 'travel-companion-search'),
(168, 'ru_RU', 'Поиск попутчиков', '', '%d0%9f%d0%be%d0%b8%d1%81%d0%ba-%d0%bf%d0%be%d0%bf%d1%83%d1%82%d1%87%d0%b8%d0%ba%d0%be%d0%b2'),
(168, 'uk_UK', 'Пошук попутників', '', '%d0%9f%d0%be%d1%88%d1%83%d0%ba-%d0%bf%d0%be%d0%bf%d1%83%d1%82%d0%bd%d0%b8%d0%ba%d1%96%d0%b2'),
(169, 'en_US', 'Others', '', 'others_1'),
(169, 'ru_RU', 'Прочее', '', '%d0%9f%d1%80%d0%be%d1%87%d0%b5%d0%b5'),
(169, 'uk_UK', 'Інше', '', '%d0%86%d0%bd%d1%88%d0%b5'),
(170, 'en_US', 'Animals', '', 'animals_1'),
(170, 'ru_RU', 'Животные', '', '%d0%96%d0%b8%d0%b2%d0%be%d1%82%d0%bd%d1%8b%d0%b5'),
(170, 'uk_UK', 'Тварини', '', '%d0%a2%d0%b2%d0%b0%d1%80%d0%b8%d0%bd%d0%b8'),
(171, 'en_US', 'Cats', '', 'cats'),
(171, 'ru_RU', 'Кошки', '', '%d0%9a%d0%be%d1%88%d0%ba%d0%b8'),
(171, 'uk_UK', 'Кішки', '', '%d0%9a%d1%96%d1%88%d0%ba%d0%b8'),
(172, 'en_US', 'Dogs', '', 'dogs'),
(172, 'ru_RU', 'Собаки', '', '%d0%a1%d0%be%d0%b1%d0%b0%d0%ba%d0%b8'),
(172, 'uk_UK', 'Собаки', '', '%d0%a1%d0%be%d0%b1%d0%b0%d0%ba%d0%b8'),
(173, 'en_US', 'Birds', '', 'birds'),
(173, 'ru_RU', 'Птицы ', '', '%d0%9f%d1%82%d0%b8%d1%86%d1%8b'),
(173, 'uk_UK', 'Птахи', '', '%d0%9f%d1%82%d0%b0%d1%85%d0%b8'),
(174, 'en_US', 'Rodents', '', 'rodents'),
(174, 'ru_RU', 'Грызуны ', '', '%d0%93%d1%80%d1%8b%d0%b7%d1%83%d0%bd%d1%8b'),
(174, 'uk_UK', 'Гризуни', '', '%d0%93%d1%80%d0%b8%d0%b7%d1%83%d0%bd%d0%b8'),
(175, 'en_US', 'Reptiles', '', 'reptiles'),
(175, 'ru_RU', 'Рептилии', '', '%d0%a0%d0%b5%d0%bf%d1%82%d0%b8%d0%bb%d0%b8%d0%b8'),
(175, 'uk_UK', 'Рептилії', '', '%d0%a0%d0%b5%d0%bf%d1%82%d0%b8%d0%bb%d1%96%d1%97'),
(176, 'en_US', 'Аquariumistics', '', '%d0%90quariumistics'),
(176, 'ru_RU', 'Аквариумистика', '', '%d0%90%d0%ba%d0%b2%d0%b0%d1%80%d0%b8%d1%83%d0%bc%d0%b8%d1%81%d1%82%d0%b8%d0%ba%d0%b0'),
(176, 'uk_UK', 'Акваріумістика', '', '%d0%90%d0%ba%d0%b2%d0%b0%d1%80%d1%96%d1%83%d0%bc%d1%96%d1%81%d1%82%d0%b8%d0%ba%d0%b0'),
(177, 'en_US', 'Agricultural Animals', '', 'agricultural-animals'),
(177, 'ru_RU', 'Сельхозживотные', '', '%d0%a1%d0%b5%d0%bb%d1%8c%d1%85%d0%be%d0%b7%d0%b6%d0%b8%d0%b2%d0%be%d1%82%d0%bd%d1%8b%d0%b5'),
(177, 'uk_UK', 'Сільськогосподарські тварини', '', '%d0%a1%d1%96%d0%bb%d1%8c%d1%81%d1%8c%d0%ba%d0%be%d0%b3%d0%be%d1%81%d0%bf%d0%be%d0%b4%d0%b0%d1%80%d1%'),
(178, 'en_US', 'Pet Supplies/Food', '', 'pet-suppliesfood'),
(178, 'ru_RU', 'Зоотовары/Корм ', '', '%d0%97%d0%be%d0%be%d1%82%d0%be%d0%b2%d0%b0%d1%80%d1%8b%d0%9a%d0%be%d1%80%d0%bc'),
(178, 'uk_UK', 'Зоотовари/Корм', '', '%d0%97%d0%be%d0%be%d1%82%d0%be%d0%b2%d0%b0%d1%80%d0%b8%d0%9a%d0%be%d1%80%d0%bc'),
(179, 'en_US', 'Others', '', 'others_2'),
(179, 'ru_RU', 'Другие ', '', '%d0%94%d1%80%d1%83%d0%b3%d0%b8%d0%b5'),
(179, 'uk_UK', 'Інші ', '', '%d0%86%d0%bd%d1%88%d1%96'),
(180, 'en_US', 'Mating', '', 'mating'),
(180, 'ru_RU', 'Вязка', '', '%d0%92%d1%8f%d0%b7%d0%ba%d0%b0'),
(180, 'uk_UK', 'В''язка', '', '%d0%92-%d1%8f%d0%b7%d0%ba%d0%b0'),
(181, 'en_US', 'Wanted', '', 'wanted'),
(181, 'ru_RU', 'Разыскиваются', '', '%d0%a0%d0%b0%d0%b7%d1%8b%d1%81%d0%ba%d0%b8%d0%b2%d0%b0%d1%8e%d1%82%d1%81%d1%8f'),
(181, 'uk_UK', 'Розшукуються', '', '%d0%a0%d0%be%d0%b7%d1%88%d1%83%d0%ba%d1%83%d1%8e%d1%82%d1%8c%d1%81%d1%8f'),
(182, 'en_US', 'Pet Hotels', '', 'pet-hotels'),
(182, 'ru_RU', 'Гостиницы для животных', '', '%d0%93%d0%be%d1%81%d1%82%d0%b8%d0%bd%d0%b8%d1%86%d1%8b-%d0%b4%d0%bb%d1%8f-%d0%b6%d0%b8%d0%b2%d0%be%d'),
(182, 'uk_UK', 'Готелі для тварин', '', '%d0%93%d0%be%d1%82%d0%b5%d0%bb%d1%96-%d0%b4%d0%bb%d1%8f-%d1%82%d0%b2%d0%b0%d1%80%d0%b8%d0%bd'),
(183, 'en_US', 'Books/Magazines', '', 'booksmagazines'),
(183, 'ru_RU', 'Книги/Журнали', '', '%d0%9a%d0%bd%d0%b8%d0%b3%d0%b8%d0%96%d1%83%d1%80%d0%bd%d0%b0%d0%bb%d0%b8'),
(183, 'uk_UK', 'Книги/Журнали', '', '%d0%9a%d0%bd%d0%b8%d0%b3%d0%b8%d0%96%d1%83%d1%80%d0%bd%d0%b0%d0%bb%d0%b8'),
(184, 'en_US', 'Legal/Accounting', '', 'legalaccounting'),
(184, 'ru_RU', 'Юриспруденция/Бухгалтерия', '', '%d0%ae%d1%80%d0%b8%d1%81%d0%bf%d1%80%d1%83%d0%b4%d0%b5%d0%bd%d1%86%d0%b8%d1%8f%d0%91%d1%83%d1%85%d0%'),
(184, 'uk_UK', 'Юриспруденція/Бухгалтерія', '', '%d0%ae%d1%80%d0%b8%d1%81%d0%bf%d1%80%d1%83%d0%b4%d0%b5%d0%bd%d1%86%d1%96%d1%8f%d0%91%d1%83%d1%85%d0%'),
(185, 'en_US', 'General workers', '', 'general-workers'),
(185, 'ru_RU', 'Рабочий персонал', '', '%d0%a0%d0%b0%d0%b1%d0%be%d1%87%d0%b8%d0%b9-%d0%bf%d0%b5%d1%80%d1%81%d0%be%d0%bd%d0%b0%d0%bb'),
(185, 'uk_UK', 'Робочий персонал', '', '%d0%a0%d0%be%d0%b1%d0%be%d1%87%d0%b8%d0%b9-%d0%bf%d0%b5%d1%80%d1%81%d0%be%d0%bd%d0%b0%d0%bb'),
(186, 'en_US', 'Windows/Doors/Balconies', '', 'windowsdoorsbalconies'),
(186, 'ru_RU', 'Окна/Двери/Балконы', '', '%d0%9e%d0%ba%d0%bd%d0%b0%d0%94%d0%b2%d0%b5%d1%80%d0%b8%d0%91%d0%b0%d0%bb%d0%ba%d0%be%d0%bd%d1%8b'),
(186, 'uk_UK', 'Вікна/Двері/Балкони', '', '%d0%92%d1%96%d0%ba%d0%bd%d0%b0%d0%94%d0%b2%d0%b5%d1%80%d1%96%d0%91%d0%b0%d0%bb%d0%ba%d0%be%d0%bd%d0%'),
(187, 'en_US', 'Plumbing', '', 'plumbing'),
(187, 'ru_RU', 'Сантехника/Коммуникации', '', '%d0%a1%d0%b0%d0%bd%d1%82%d0%b5%d1%85%d0%bd%d0%b8%d0%ba%d0%b0%d0%9a%d0%be%d0%bc%d0%bc%d1%83%d0%bd%d0%'),
(187, 'uk_UK', 'Сантехніка/Комунікації', '', '%d0%a1%d0%b0%d0%bd%d1%82%d0%b5%d1%85%d0%bd%d1%96%d0%ba%d0%b0%d0%9a%d0%be%d0%bc%d1%83%d0%bd%d1%96%d0%'),
(188, 'en_US', 'Ventilation/Air Conditioning', '', 'ventilationair-conditioning'),
(188, 'ru_RU', 'Вентиляция/Кондиционирование', '', '%d0%92%d0%b5%d0%bd%d1%82%d0%b8%d0%bb%d1%8f%d1%86%d0%b8%d1%8f%d0%9a%d0%be%d0%bd%d0%b4%d0%b8%d1%86%d0%'),
(188, 'uk_UK', 'Вентиляція/Кондиціювання', '', '%d0%92%d0%b5%d0%bd%d1%82%d0%b8%d0%bb%d1%8f%d1%86%d1%96%d1%8f%d0%9a%d0%be%d0%bd%d0%b4%d0%b8%d1%86%d1%'),
(189, 'en_US', 'Constructions to order', '', 'constructions-to-order'),
(189, 'ru_RU', 'Конструкции под заказ', '', '%d0%9a%d0%be%d0%bd%d1%81%d1%82%d1%80%d1%83%d0%ba%d1%86%d0%b8%d0%b8-%d0%bf%d0%be%d0%b4-%d0%b7%d0%b0%d'),
(189, 'uk_UK', 'Конструкції на замовлення', '', '%d0%9a%d0%be%d0%bd%d1%81%d1%82%d1%80%d1%83%d0%ba%d1%86%d1%96%d1%97-%d0%bd%d0%b0-%d0%b7%d0%b0%d0%bc%d'),
(190, 'en_US', 'Design/Architecture', '', 'designarchitecture'),
(190, 'ru_RU', 'Дизайн/Архитектура', '', '%d0%94%d0%b8%d0%b7%d0%b0%d0%b9%d0%bd%d0%90%d1%80%d1%85%d0%b8%d1%82%d0%b5%d0%ba%d1%82%d1%83%d1%80%d0%'),
(190, 'uk_UK', 'Дизайн/Архітектура', '', '%d0%94%d0%b8%d0%b7%d0%b0%d0%b9%d0%bd%d0%90%d1%80%d1%85%d1%96%d1%82%d0%b5%d0%ba%d1%82%d1%83%d1%80%d0%'),
(191, 'en_US', 'Equipment', '', 'equipment'),
(191, 'ru_RU', 'Оборудование', '', '%d0%9e%d0%b1%d0%be%d1%80%d1%83%d0%b4%d0%be%d0%b2%d0%b0%d0%bd%d0%b8%d0%b5'),
(191, 'uk_UK', 'Устаткування', '', '%d0%a3%d1%81%d1%82%d0%b0%d1%82%d0%ba%d1%83%d0%b2%d0%b0%d0%bd%d0%bd%d1%8f'),
(192, 'en_US', 'Beauty/Health', '', 'beautyhealth'),
(192, 'ru_RU', 'Красота/Здоровье', '', '%d0%9a%d1%80%d0%b0%d1%81%d0%be%d1%82%d0%b0%d0%97%d0%b4%d0%be%d1%80%d0%be%d0%b2%d1%8c%d0%b5'),
(192, 'uk_UK', 'Краса/Здоров''я', '', '%d0%9a%d1%80%d0%b0%d1%81%d0%b0%d0%97%d0%b4%d0%be%d1%80%d0%be%d0%b2-%d1%8f'),
(193, 'en_US', 'Manicure', '', 'manicure'),
(193, 'ru_RU', 'Маникюр', '', '%d0%9c%d0%b0%d0%bd%d0%b8%d0%ba%d1%8e%d1%80'),
(193, 'uk_UK', 'Манікюр', '', '%d0%9c%d0%b0%d0%bd%d1%96%d0%ba%d1%8e%d1%80'),
(194, 'en_US', 'Makeup/Beauty/Eyelash Extensions', '', 'makeupbeautyeyelash-extensions'),
(194, 'ru_RU', 'Макияж/Косметология/Наращив. ресниц ', '', '%d0%9c%d0%b0%d0%ba%d0%b8%d1%8f%d0%b6%d0%9a%d0%be%d1%81%d0%bc%d0%b5%d1%82%d0%be%d0%bb%d0%be%d0%b3%d0%'),
(194, 'uk_UK', 'Макіяж/Косметологія/Нарощування вій', '', '%d0%9c%d0%b0%d0%ba%d1%96%d1%8f%d0%b6%d0%9a%d0%be%d1%81%d0%bc%d0%b5%d1%82%d0%be%d0%bb%d0%be%d0%b3%d1%'),
(195, 'en_US', 'Haircuts/Hair Extensions', '', 'haircutshair-extensions'),
(195, 'ru_RU', 'Стрижки/Наращивание волос', '', '%d0%a1%d1%82%d1%80%d0%b8%d0%b6%d0%ba%d0%b8%d0%9d%d0%b0%d1%80%d0%b0%d1%89%d0%b8%d0%b2%d0%b0%d0%bd%d0%'),
(195, 'uk_UK', 'Стрижки/Нарощування волосся', '', '%d0%a1%d1%82%d1%80%d0%b8%d0%b6%d0%ba%d0%b8%d0%9d%d0%b0%d1%80%d0%be%d1%89%d1%83%d0%b2%d0%b0%d0%bd%d0%'),
(196, 'en_US', 'Medical services', '', 'medical-services'),
(196, 'ru_RU', 'Медицина', '', '%d0%9c%d0%b5%d0%b4%d0%b8%d1%86%d0%b8%d0%bd%d0%b0'),
(196, 'uk_UK', 'Медицина', '', '%d0%9c%d0%b5%d0%b4%d0%b8%d1%86%d0%b8%d0%bd%d0%b0'),
(197, 'en_US', 'Psychological services', '', 'psychological-services'),
(197, 'ru_RU', 'Услуги психолога', '', '%d0%a3%d1%81%d0%bb%d1%83%d0%b3%d0%b8-%d0%bf%d1%81%d0%b8%d1%85%d0%be%d0%bb%d0%be%d0%b3%d0%b0'),
(197, 'uk_UK', 'Послуги психолога', '', '%d0%9f%d0%be%d1%81%d0%bb%d1%83%d0%b3%d0%b8-%d0%bf%d1%81%d0%b8%d1%85%d0%be%d0%bb%d0%be%d0%b3%d0%b0'),
(198, 'en_US', 'Massage', '', 'massage'),
(198, 'ru_RU', 'Масcаж', '', '%d0%9c%d0%b0%d1%81c%d0%b0%d0%b6'),
(198, 'uk_UK', 'Масаж', '', '%d0%9c%d0%b0%d1%81%d0%b0%d0%b6'),
(199, 'en_US', 'Transportation/Rent', '', 'transportationrent'),
(199, 'ru_RU', 'Перевозки/Аренда транспорта', '', '%d0%9f%d0%b5%d1%80%d0%b5%d0%b2%d0%be%d0%b7%d0%ba%d0%b8%d0%90%d1%80%d0%b5%d0%bd%d0%b4%d0%b0-%d1%82%d1'),
(199, 'uk_UK', 'Перевезення/Оренда транспорту', '', '%d0%9f%d0%b5%d1%80%d0%b5%d0%b2%d0%b5%d0%b7%d0%b5%d0%bd%d0%bd%d1%8f%d0%9e%d1%80%d0%b5%d0%bd%d0%b4%d0%'),
(200, 'en_US', 'Raw materials/Materials', '', 'raw-materialsmaterials'),
(200, 'ru_RU', 'Сырье/Материалы', '', '%d0%a1%d1%8b%d1%80%d1%8c%d0%b5%d0%9c%d0%b0%d1%82%d0%b5%d1%80%d0%b8%d0%b0%d0%bb%d1%8b'),
(200, 'uk_UK', 'Сировина/Матеріали', '', '%d0%a1%d0%b8%d1%80%d0%be%d0%b2%d0%b8%d0%bd%d0%b0%d0%9c%d0%b0%d1%82%d0%b5%d1%80%d1%96%d0%b0%d0%bb%d0%'),
(201, 'en_US', 'Repair and maintenance of machinery', '', 'repair-and-maintenance-of-machinery'),
(201, 'ru_RU', 'Ремонт и обслуживание техники', '', '%d0%a0%d0%b5%d0%bc%d0%be%d0%bd%d1%82-%d0%b8-%d0%be%d0%b1%d1%81%d0%bb%d1%83%d0%b6%d0%b8%d0%b2%d0%b0%d'),
(201, 'uk_UK', 'Ремонт і обслуговування техніки', '', '%d0%a0%d0%b5%d0%bc%d0%be%d0%bd%d1%82-%d1%96-%d0%be%d0%b1%d1%81%d0%bb%d1%83%d0%b3%d0%be%d0%b2%d1%83%d'),
(202, 'en_US', 'Education/Sports', '', 'educationsports'),
(202, 'ru_RU', 'Образование/Спорт', '', '%d0%9e%d0%b1%d1%80%d0%b0%d0%b7%d0%be%d0%b2%d0%b0%d0%bd%d0%b8%d0%b5%d0%a1%d0%bf%d0%be%d1%80%d1%82'),
(202, 'uk_UK', 'Освіта/Спорт', '', '%d0%9e%d1%81%d0%b2%d1%96%d1%82%d0%b0%d0%a1%d0%bf%d0%be%d1%80%d1%82'),
(203, 'en_US', 'Auto/Motoservice', '', 'automotoservice'),
(203, 'ru_RU', 'Автосервис/Мотосервис', '', '%d0%90%d0%b2%d1%82%d0%be%d1%81%d0%b5%d1%80%d0%b2%d0%b8%d1%81%d0%9c%d0%be%d1%82%d0%be%d1%81%d0%b5%d1%'),
(203, 'uk_UK', 'Автосервіс/Мотосервіси', '', '%d0%90%d0%b2%d1%82%d0%be%d1%81%d0%b5%d1%80%d0%b2%d1%96%d1%81%d0%9c%d0%be%d1%82%d0%be%d1%81%d0%b5%d1%'),
(204, 'en_US', 'Advertising/Marketing/Printing', '', 'advertisingmarketingprinting'),
(204, 'ru_RU', 'Реклама/Маркетинг/Полиграфия', '', '%d0%a0%d0%b5%d0%ba%d0%bb%d0%b0%d0%bc%d0%b0%d0%9c%d0%b0%d1%80%d0%ba%d0%b5%d1%82%d0%b8%d0%bd%d0%b3%d0%'),
(204, 'uk_UK', 'Реклама/Маркетинг/Поліграфія', '', '%d0%a0%d0%b5%d0%ba%d0%bb%d0%b0%d0%bc%d0%b0%d0%9c%d0%b0%d1%80%d0%ba%d0%b5%d1%82%d0%b8%d0%bd%d0%b3%d0%'),
(205, 'en_US', 'The Internet', '', 'the-internet'),
(205, 'ru_RU', 'Интернет', '', '%d0%98%d0%bd%d1%82%d0%b5%d1%80%d0%bd%d0%b5%d1%82'),
(205, 'uk_UK', 'Інтернет', '', '%d0%86%d0%bd%d1%82%d0%b5%d1%80%d0%bd%d0%b5%d1%82'),
(206, 'en_US', 'Art/Photography/Video', '', 'artphotographyvideo'),
(206, 'ru_RU', 'Искусство/Фото/Видео', '', '%d0%98%d1%81%d0%ba%d1%83%d1%81%d1%81%d1%82%d0%b2%d0%be%d0%a4%d0%be%d1%82%d0%be%d0%92%d0%b8%d0%b4%d0%'),
(206, 'uk_UK', 'Мистецтво/Фото/Відео', '', '%d0%9c%d0%b8%d1%81%d1%82%d0%b5%d1%86%d1%82%d0%b2%d0%be%d0%a4%d0%be%d1%82%d0%be%d0%92%d1%96%d0%b4%d0%'),
(207, 'en_US', 'Legal Services', '', 'legal-services'),
(207, 'ru_RU', 'Юридические услуги', '', '%d0%ae%d1%80%d0%b8%d0%b4%d0%b8%d1%87%d0%b5%d1%81%d0%ba%d0%b8%d0%b5-%d1%83%d1%81%d0%bb%d1%83%d0%b3%d0'),
(207, 'uk_UK', 'Юридичні послуги', '', '%d0%ae%d1%80%d0%b8%d0%b4%d0%b8%d1%87%d0%bd%d1%96-%d0%bf%d0%be%d1%81%d0%bb%d1%83%d0%b3%d0%b8'),
(208, 'en_US', 'Financial Services/Partnership', '', 'financial-servicespartnership'),
(208, 'ru_RU', 'Финансовые услуги/Партнерство ', '', '%d0%a4%d0%b8%d0%bd%d0%b0%d0%bd%d1%81%d0%be%d0%b2%d1%8b%d0%b5-%d1%83%d1%81%d0%bb%d1%83%d0%b3%d0%b8%d0'),
(208, 'uk_UK', 'Фінансові послуги/Партнерство', '', '%d0%a4%d1%96%d0%bd%d0%b0%d0%bd%d1%81%d0%be%d0%b2%d1%96-%d0%bf%d0%be%d1%81%d0%bb%d1%83%d0%b3%d0%b8%d0'),
(209, 'en_US', 'Tourism/Immigration', '', 'tourismimmigration'),
(209, 'ru_RU', 'Туризм/Иммиграция ', '', '%d0%a2%d1%83%d1%80%d0%b8%d0%b7%d0%bc%d0%98%d0%bc%d0%bc%d0%b8%d0%b3%d1%80%d0%b0%d1%86%d0%b8%d1%8f'),
(209, 'uk_UK', 'Туризм/Імміграція', '', '%d0%a2%d1%83%d1%80%d0%b8%d0%b7%d0%bc%d0%86%d0%bc%d0%bc%d1%96%d0%b3%d1%80%d0%b0%d1%86%d1%96%d1%8f'),
(210, 'en_US', 'Network marketing', '', 'network-marketing'),
(210, 'ru_RU', 'Сетевой маркетинг', '', '%d0%a1%d0%b5%d1%82%d0%b5%d0%b2%d0%be%d0%b9-%d0%bc%d0%b0%d1%80%d0%ba%d0%b5%d1%82%d0%b8%d0%bd%d0%b3'),
(210, 'uk_UK', 'Мережевий маркетинг', '', '%d0%9c%d0%b5%d1%80%d0%b5%d0%b6%d0%b5%d0%b2%d0%b8%d0%b9-%d0%bc%d0%b0%d1%80%d0%ba%d0%b5%d1%82%d0%b8%d0'),
(211, 'en_US', 'Interpreter/Typing', '', 'interpretertyping'),
(211, 'ru_RU', 'Услуги переводчиков/Набор текста ', '', '%d0%a3%d1%81%d0%bb%d1%83%d0%b3%d0%b8-%d0%bf%d0%b5%d1%80%d0%b5%d0%b2%d0%be%d0%b4%d1%87%d0%b8%d0%ba%d0'),
(211, 'uk_UK', 'Послуги перекладачів/Набір тексту', '', '%d0%9f%d0%be%d1%81%d0%bb%d1%83%d0%b3%d0%b8-%d0%bf%d0%b5%d1%80%d0%b5%d0%ba%d0%bb%d0%b0%d0%b4%d0%b0%d1'),
(212, 'en_US', 'Training courses', '', 'training-courses'),
(212, 'ru_RU', 'Подготовительные курсы', '', '%d0%9f%d0%be%d0%b4%d0%b3%d0%be%d1%82%d0%be%d0%b2%d0%b8%d1%82%d0%b5%d0%bb%d1%8c%d0%bd%d1%8b%d0%b5-%d0'),
(212, 'uk_UK', 'Підготовчі курси', '', '%d0%9f%d1%96%d0%b4%d0%b3%d0%be%d1%82%d0%be%d0%b2%d1%87%d1%96-%d0%ba%d1%83%d1%80%d1%81%d0%b8'),
(213, 'en_US', 'Computer courses', '', 'computer-courses'),
(213, 'ru_RU', 'Компьютерные курсы', '', '%d0%9a%d0%be%d0%bc%d0%bf%d1%8c%d1%8e%d1%82%d0%b5%d1%80%d0%bd%d1%8b%d0%b5-%d0%ba%d1%83%d1%80%d1%81%d1'),
(213, 'uk_UK', 'Комп''ютерні курси', '', '%d0%9a%d0%be%d0%bc%d0%bf-%d1%8e%d1%82%d0%b5%d1%80%d0%bd%d1%96-%d0%ba%d1%83%d1%80%d1%81%d0%b8'),
(214, 'en_US', 'Dance studio', '', 'dance-studio'),
(214, 'ru_RU', 'Обучение танцам', '', '%d0%9e%d0%b1%d1%83%d1%87%d0%b5%d0%bd%d0%b8%d0%b5-%d1%82%d0%b0%d0%bd%d1%86%d0%b0%d0%bc'),
(214, 'uk_UK', 'Танцювальні студії', '', '%d0%a2%d0%b0%d0%bd%d1%86%d1%8e%d0%b2%d0%b0%d0%bb%d1%8c%d0%bd%d1%96-%d1%81%d1%82%d1%83%d0%b4%d1%96%d1'),
(215, 'en_US', 'Theatre studio', '', 'theatre-studio'),
(215, 'ru_RU', 'Театральные студии', '', '%d0%a2%d0%b5%d0%b0%d1%82%d1%80%d0%b0%d0%bb%d1%8c%d0%bd%d1%8b%d0%b5-%d1%81%d1%82%d1%83%d0%b4%d0%b8%d0'),
(215, 'uk_UK', 'Театральні студії', '', '%d0%a2%d0%b5%d0%b0%d1%82%d1%80%d0%b0%d0%bb%d1%8c%d0%bd%d1%96-%d1%81%d1%82%d1%83%d0%b4%d1%96%d1%97'),
(216, 'en_US', 'Language courses', '', 'language-courses'),
(216, 'ru_RU', 'Обучение языкам', '', '%d0%9e%d0%b1%d1%83%d1%87%d0%b5%d0%bd%d0%b8%d0%b5-%d1%8f%d0%b7%d1%8b%d0%ba%d0%b0%d0%bc'),
(216, 'uk_UK', 'Мовні курси', '', '%d0%9c%d0%be%d0%b2%d0%bd%d1%96-%d0%ba%d1%83%d1%80%d1%81%d0%b8'),
(217, 'en_US', 'Private Lessons/Tutoring', '', 'private-lessonstutoring'),
(217, 'ru_RU', 'Частные уроки/Репетиторы', '', '%d0%a7%d0%b0%d1%81%d1%82%d0%bd%d1%8b%d0%b5-%d1%83%d1%80%d0%be%d0%ba%d0%b8%d0%a0%d0%b5%d0%bf%d0%b5%d1'),
(217, 'uk_UK', 'Приватні уроки/Репетитори', '', '%d0%9f%d1%80%d0%b8%d0%b2%d0%b0%d1%82%d0%bd%d1%96-%d1%83%d1%80%d0%be%d0%ba%d0%b8%d0%a0%d0%b5%d0%bf%d0'),
(218, 'en_US', 'Other courses', '', 'other-courses'),
(218, 'ru_RU', 'Другие тренинги', '', '%d0%94%d1%80%d1%83%d0%b3%d0%b8%d0%b5-%d1%82%d1%80%d0%b5%d0%bd%d0%b8%d0%bd%d0%b3%d0%b8'),
(218, 'uk_UK', 'Інші тренінги', '', '%d0%86%d0%bd%d1%88%d1%96-%d1%82%d1%80%d0%b5%d0%bd%d1%96%d0%bd%d0%b3%d0%b8'),
(219, 'en_US', 'Children''s goods', '', 'children-s-goods'),
(219, 'ru_RU', 'Детские товары', '', '%d0%94%d0%b5%d1%82%d1%81%d0%ba%d0%b8%d0%b5-%d1%82%d0%be%d0%b2%d0%b0%d1%80%d1%8b'),
(219, 'uk_UK', 'Дитячі товари', '', '%d0%94%d0%b8%d1%82%d1%8f%d1%87%d1%96-%d1%82%d0%be%d0%b2%d0%b0%d1%80%d0%b8'),
(220, 'en_US', 'Newborn clothes', '', 'newborn-clothes'),
(220, 'ru_RU', 'Одежда для новорожденных', '', '%d0%9e%d0%b4%d0%b5%d0%b6%d0%b4%d0%b0-%d0%b4%d0%bb%d1%8f-%d0%bd%d0%be%d0%b2%d0%be%d1%80%d0%be%d0%b6%d'),
(220, 'uk_UK', 'Одяг для новонароджених', '', '%d0%9e%d0%b4%d1%8f%d0%b3-%d0%b4%d0%bb%d1%8f-%d0%bd%d0%be%d0%b2%d0%be%d0%bd%d0%b0%d1%80%d0%be%d0%b4%d'),
(221, 'en_US', 'Girls’ clothes', '', 'girls-clothes'),
(221, 'ru_RU', 'Одежда для девочек', '', '%d0%9e%d0%b4%d0%b5%d0%b6%d0%b4%d0%b0-%d0%b4%d0%bb%d1%8f-%d0%b4%d0%b5%d0%b2%d0%be%d1%87%d0%b5%d0%ba'),
(221, 'uk_UK', 'Одяг для дівчаток', '', '%d0%9e%d0%b4%d1%8f%d0%b3-%d0%b4%d0%bb%d1%8f-%d0%b4%d1%96%d0%b2%d1%87%d0%b0%d1%82%d0%be%d0%ba'),
(222, 'en_US', 'Boys’ clothes', '', 'boys-clothes'),
(222, 'ru_RU', 'Одежда для мальчиков', '', '%d0%9e%d0%b4%d0%b5%d0%b6%d0%b4%d0%b0-%d0%b4%d0%bb%d1%8f-%d0%bc%d0%b0%d0%bb%d1%8c%d1%87%d0%b8%d0%ba%d'),
(222, 'uk_UK', 'Одяг для хлопчиків', '', '%d0%9e%d0%b4%d1%8f%d0%b3-%d0%b4%d0%bb%d1%8f-%d1%85%d0%bb%d0%be%d0%bf%d1%87%d0%b8%d0%ba%d1%96%d0%b2'),
(223, 'en_US', 'Children''s footwear', '', 'children-s-footwear'),
(223, 'ru_RU', 'Детская обувь ', '', '%d0%94%d0%b5%d1%82%d1%81%d0%ba%d0%b0%d1%8f-%d0%be%d0%b1%d1%83%d0%b2%d1%8c'),
(223, 'uk_UK', 'Дитяче взуття', '', '%d0%94%d0%b8%d1%82%d1%8f%d1%87%d0%b5-%d0%b2%d0%b7%d1%83%d1%82%d1%82%d1%8f'),
(224, 'en_US', 'School clothing', '', 'school-clothing'),
(224, 'ru_RU', 'Товары для школьников', '', '%d0%a2%d0%be%d0%b2%d0%b0%d1%80%d1%8b-%d0%b4%d0%bb%d1%8f-%d1%88%d0%ba%d0%be%d0%bb%d1%8c%d0%bd%d0%b8%d'),
(224, 'uk_UK', 'Товари для школярів', '', '%d0%a2%d0%be%d0%b2%d0%b0%d1%80%d0%b8-%d0%b4%d0%bb%d1%8f-%d1%88%d0%ba%d0%be%d0%bb%d1%8f%d1%80%d1%96%d'),
(225, 'en_US', 'Children''s furniture', '', 'children-s-furniture'),
(225, 'ru_RU', 'Детская мебель', '', '%d0%94%d0%b5%d1%82%d1%81%d0%ba%d0%b0%d1%8f-%d0%bc%d0%b5%d0%b1%d0%b5%d0%bb%d1%8c'),
(225, 'uk_UK', 'Дитячі меблі', '', '%d0%94%d0%b8%d1%82%d1%8f%d1%87%d1%96-%d0%bc%d0%b5%d0%b1%d0%bb%d1%96'),
(226, 'en_US', 'Strollers', '', 'strollers'),
(226, 'ru_RU', 'Детские коляски', '', '%d0%94%d0%b5%d1%82%d1%81%d0%ba%d0%b8%d0%b5-%d0%ba%d0%be%d0%bb%d1%8f%d1%81%d0%ba%d0%b8'),
(226, 'uk_UK', 'Дитячі коляски', '', '%d0%94%d0%b8%d1%82%d1%8f%d1%87%d1%96-%d0%ba%d0%be%d0%bb%d1%8f%d1%81%d0%ba%d0%b8'),
(227, 'en_US', 'Children''s bicycles/Children''s transport', '', 'children-s-bicycleschildren-s-transport'),
(227, 'ru_RU', 'Детские велосипеды/Детский  транспорт', '', '%d0%94%d0%b5%d1%82%d1%81%d0%ba%d0%b8%d0%b5-%d0%b2%d0%b5%d0%bb%d0%be%d1%81%d0%b8%d0%bf%d0%b5%d0%b4%d1'),
(227, 'uk_UK', 'Дитячі велосипеди/Дитячий транспорт', '', '%d0%94%d0%b8%d1%82%d1%8f%d1%87%d1%96-%d0%b2%d0%b5%d0%bb%d0%be%d1%81%d0%b8%d0%bf%d0%b5%d0%b4%d0%b8%d0'),
(228, 'en_US', 'Nursing products', '', 'nursing-products'),
(228, 'ru_RU', 'Товары для кормления ', '', '%d0%a2%d0%be%d0%b2%d0%b0%d1%80%d1%8b-%d0%b4%d0%bb%d1%8f-%d0%ba%d0%be%d1%80%d0%bc%d0%bb%d0%b5%d0%bd%d'),
(228, 'uk_UK', 'Товари для годування', '', '%d0%a2%d0%be%d0%b2%d0%b0%d1%80%d0%b8-%d0%b4%d0%bb%d1%8f-%d0%b3%d0%be%d0%b4%d1%83%d0%b2%d0%b0%d0%bd%d'),
(229, 'en_US', 'Baby Car Seats', '', 'baby-car-seats'),
(229, 'ru_RU', 'Детские автокресла', '', '%d0%94%d0%b5%d1%82%d1%81%d0%ba%d0%b8%d0%b5-%d0%b0%d0%b2%d1%82%d0%be%d0%ba%d1%80%d0%b5%d1%81%d0%bb%d0'),
(229, 'uk_UK', 'Дитячі автокрісла', '', '%d0%94%d0%b8%d1%82%d1%8f%d1%87%d1%96-%d0%b0%d0%b2%d1%82%d0%be%d0%ba%d1%80%d1%96%d1%81%d0%bb%d0%b0'),
(230, 'en_US', 'Toys', '', 'toys'),
(230, 'ru_RU', 'Игрушки ', '', '%d0%98%d0%b3%d1%80%d1%83%d1%88%d0%ba%d0%b8'),
(230, 'uk_UK', 'Іграшки', '', '%d0%86%d0%b3%d1%80%d0%b0%d1%88%d0%ba%d0%b8'),
(231, 'en_US', 'Other goods', '', 'other-goods'),
(231, 'ru_RU', 'Другие товары', '', '%d0%94%d1%80%d1%83%d0%b3%d0%b8%d0%b5-%d1%82%d0%be%d0%b2%d0%b0%d1%80%d1%8b'),
(231, 'uk_UK', 'Інші товари', '', '%d0%86%d0%bd%d1%88%d1%96-%d1%82%d0%be%d0%b2%d0%b0%d1%80%d0%b8'),
(232, 'en_US', 'Apartments for rent', '', 'apartments-for-rent'),
(232, 'ru_RU', 'Аренда квартир', '', '%d0%90%d1%80%d0%b5%d0%bd%d0%b4%d0%b0-%d0%ba%d0%b2%d0%b0%d1%80%d1%82%d0%b8%d1%80'),
(232, 'uk_UK', 'Оренда квартир', '', '%d0%9e%d1%80%d0%b5%d0%bd%d0%b4%d0%b0-%d0%ba%d0%b2%d0%b0%d1%80%d1%82%d0%b8%d1%80'),
(233, 'en_US', 'Long-term', '', 'long-term'),
(233, 'ru_RU', 'Долгосрочная аренда', '', '%d0%94%d0%be%d0%bb%d0%b3%d0%be%d1%81%d1%80%d0%be%d1%87%d0%bd%d0%b0%d1%8f-%d0%b0%d1%80%d0%b5%d0%bd%d0'),
(233, 'uk_UK', 'Довгостроко', '', '%d0%94%d0%be%d0%b2%d0%b3%d0%be%d1%81%d1%82%d1%80%d0%be%d0%ba%d0%be'),
(234, 'en_US', 'Daily', '', 'daily'),
(234, 'ru_RU', 'Посуточно ', '', '%d0%9f%d0%be%d1%81%d1%83%d1%82%d0%be%d1%87%d0%bd%d0%be'),
(234, 'uk_UK', 'Подобово', '', '%d0%9f%d0%be%d0%b4%d0%be%d0%b1%d0%be%d0%b2%d0%be'),
(235, 'en_US', 'Hourly', '', 'hourly'),
(235, 'ru_RU', 'С почасовой оплатой', '', '%d0%a1-%d0%bf%d0%be%d1%87%d0%b0%d1%81%d0%be%d0%b2%d0%be%d0%b9-%d0%be%d0%bf%d0%bb%d0%b0%d1%82%d0%be%d'),
(235, 'uk_UK', 'Погодинно', '', '%d0%9f%d0%be%d0%b3%d0%be%d0%b4%d0%b8%d0%bd%d0%bd%d0%be'),
(236, 'en_US', 'Special conditions', '', 'special-conditions'),
(236, 'ru_RU', 'На особых условиях', '', '%d0%9d%d0%b0-%d0%be%d1%81%d0%be%d0%b1%d1%8b%d1%85-%d1%83%d1%81%d0%bb%d0%be%d0%b2%d0%b8%d1%8f%d1%85'),
(236, 'uk_UK', 'На особливих умовах', '', '%d0%9d%d0%b0-%d0%be%d1%81%d0%be%d0%b1%d0%bb%d0%b8%d0%b2%d0%b8%d1%85-%d1%83%d0%bc%d0%be%d0%b2%d0%b0%d'),
(237, 'en_US', 'Houses for rent', '', 'houses-for-rent'),
(237, 'ru_RU', 'Аренда домов', '', '%d0%90%d1%80%d0%b5%d0%bd%d0%b4%d0%b0-%d0%b4%d0%be%d0%bc%d0%be%d0%b2'),
(237, 'uk_UK', 'Оренда будинків', '', '%d0%9e%d1%80%d0%b5%d0%bd%d0%b4%d0%b0-%d0%b1%d1%83%d0%b4%d0%b8%d0%bd%d0%ba%d1%96%d0%b2'),
(238, 'en_US', 'Long-term', '', 'long-term_1'),
(238, 'ru_RU', 'Долгосрочно', '', '%d0%94%d0%be%d0%bb%d0%b3%d0%be%d1%81%d1%80%d0%be%d1%87%d0%bd%d0%be'),
(238, 'uk_UK', 'Довгостроково', '', '%d0%94%d0%be%d0%b2%d0%b3%d0%be%d1%81%d1%82%d1%80%d0%be%d0%ba%d0%be%d0%b2%d0%be'),
(239, 'en_US', 'Daily/Hourly', '', 'dailyhourly'),
(239, 'ru_RU', 'Посуточно/Почасово', '', '%d0%9f%d0%be%d1%81%d1%83%d1%82%d0%be%d1%87%d0%bd%d0%be%d0%9f%d0%be%d1%87%d0%b0%d1%81%d0%be%d0%b2%d0%'),
(239, 'uk_UK', 'Подобово/Погодинно', '', '%d0%9f%d0%be%d0%b4%d0%be%d0%b1%d0%be%d0%b2%d0%be%d0%9f%d0%be%d0%b3%d0%be%d0%b4%d0%b8%d0%bd%d0%bd%d0%'),
(240, 'en_US', 'Rooms for rent', '', 'rooms-for-rent'),
(240, 'ru_RU', 'Аренда комнат', '', '%d0%90%d1%80%d0%b5%d0%bd%d0%b4%d0%b0-%d0%ba%d0%be%d0%bc%d0%bd%d0%b0%d1%82'),
(240, 'uk_UK', 'Оренда кімнат', '', '%d0%9e%d1%80%d0%b5%d0%bd%d0%b4%d0%b0-%d0%ba%d1%96%d0%bc%d0%bd%d0%b0%d1%82'),
(241, 'en_US', 'Long-term', '', 'long-term_2'),
(241, 'ru_RU', 'Долгосрочная аренда комнат', '', '%d0%94%d0%be%d0%bb%d0%b3%d0%be%d1%81%d1%80%d0%be%d1%87%d0%bd%d0%b0%d1%8f-%d0%b0%d1%80%d0%b5%d0%bd%d0'),
(241, 'uk_UK', 'Довгострокова оренда кімнат', '', '%d0%94%d0%be%d0%b2%d0%b3%d0%be%d1%81%d1%82%d1%80%d0%be%d0%ba%d0%be%d0%b2%d0%b0-%d0%be%d1%80%d0%b5%d0'),
(242, 'en_US', 'Beds', '', 'beds'),
(242, 'ru_RU', 'Койко-места ', '', '%d0%9a%d0%be%d0%b9%d0%ba%d0%be-%d0%bc%d0%b5%d1%81%d1%82%d0%b0'),
(242, 'uk_UK', 'Ліжко-місця', '', '%d0%9b%d1%96%d0%b6%d0%ba%d0%be-%d0%bc%d1%96%d1%81%d1%86%d1%8f'),
(243, 'en_US', 'Daily', '', 'daily_1'),
(243, 'ru_RU', 'Посуточно ', '', '%d0%9f%d0%be%d1%81%d1%83%d1%82%d0%be%d1%87%d0%bd%d0%be'),
(243, 'uk_UK', 'Подобово', '', '%d0%9f%d0%be%d0%b4%d0%be%d0%b1%d0%be%d0%b2%d0%be'),
(244, 'en_US', 'Cottages for Sale', '', 'cottages-for-sale'),
(244, 'ru_RU', 'Продажа дач', '', '%d0%9f%d1%80%d0%be%d0%b4%d0%b0%d0%b6%d0%b0-%d0%b4%d0%b0%d1%87'),
(244, 'uk_UK', 'Продаж дач', '', '%d0%9f%d1%80%d0%be%d0%b4%d0%b0%d0%b6-%d0%b4%d0%b0%d1%87'),
(245, 'en_US', 'Cottages for Rent', '', 'cottages-for-rent'),
(245, 'ru_RU', 'Аренда дач', '', '%d0%90%d1%80%d0%b5%d0%bd%d0%b4%d0%b0-%d0%b4%d0%b0%d1%87'),
(245, 'uk_UK', 'Оренда дач', '', '%d0%9e%d1%80%d0%b5%d0%bd%d0%b4%d0%b0-%d0%b4%d0%b0%d1%87'),
(246, 'en_US', 'Land for Sale', '', 'land-for-sale'),
(246, 'ru_RU', 'Продажа земли', '', '%d0%9f%d1%80%d0%be%d0%b4%d0%b0%d0%b6%d0%b0-%d0%b7%d0%b5%d0%bc%d0%bb%d0%b8'),
(246, 'uk_UK', 'Продаж землі', '', '%d0%9f%d1%80%d0%be%d0%b4%d0%b0%d0%b6-%d0%b7%d0%b5%d0%bc%d0%bb%d1%96'),
(247, 'en_US', 'Industrial purpose', '', 'industrial-purpose'),
(247, 'ru_RU', 'Промышленного назначения ', '', '%d0%9f%d1%80%d0%be%d0%bc%d1%8b%d1%88%d0%bb%d0%b5%d0%bd%d0%bd%d0%be%d0%b3%d0%be-%d0%bd%d0%b0%d0%b7%d0'),
(247, 'uk_UK', 'Промислового призначення', '', '%d0%9f%d1%80%d0%be%d0%bc%d0%b8%d1%81%d0%bb%d0%be%d0%b2%d0%be%d0%b3%d0%be-%d0%bf%d1%80%d0%b8%d0%b7%d0'),
(248, 'en_US', 'For the individual building', '', 'for-the-individual-building'),
(248, 'ru_RU', 'Под индивидуальное строительство ', '', '%d0%9f%d0%be%d0%b4-%d0%b8%d0%bd%d0%b4%d0%b8%d0%b2%d0%b8%d0%b4%d1%83%d0%b0%d0%bb%d1%8c%d0%bd%d0%be%d0'),
(248, 'uk_UK', 'Під індивідуальне будівництво', '', '%d0%9f%d1%96%d0%b4-%d1%96%d0%bd%d0%b4%d0%b8%d0%b2%d1%96%d0%b4%d1%83%d0%b0%d0%bb%d1%8c%d0%bd%d0%b5-%d'),
(249, 'en_US', 'For garden ', '', 'for-garden'),
(249, 'ru_RU', 'Под сад/огород ', '', '%d0%9f%d0%be%d0%b4-%d1%81%d0%b0%d0%b4%d0%be%d0%b3%d0%be%d1%80%d0%be%d0%b4'),
(249, 'uk_UK', 'Під сад/город', '', '%d0%9f%d1%96%d0%b4-%d1%81%d0%b0%d0%b4%d0%b3%d0%be%d1%80%d0%be%d0%b4'),
(250, 'en_US', 'Agricultural land', '', 'agricultural-land'),
(250, 'ru_RU', 'Сельскохозяйственного назначения', '', '%d0%a1%d0%b5%d0%bb%d1%8c%d1%81%d0%ba%d0%be%d1%85%d0%be%d0%b7%d1%8f%d0%b9%d1%81%d1%82%d0%b2%d0%b5%d0%'),
(250, 'uk_UK', 'Сільськогосподарського призначення', '', '%d0%a1%d1%96%d0%bb%d1%8c%d1%81%d1%8c%d0%ba%d0%be%d0%b3%d0%be%d1%81%d0%bf%d0%be%d0%b4%d0%b0%d1%80%d1%'),
(251, 'en_US', 'Premises for Sale', '', 'premises-for-sale'),
(251, 'ru_RU', 'Продажа помещений', '', '%d0%9f%d1%80%d0%be%d0%b4%d0%b0%d0%b6%d0%b0-%d0%bf%d0%be%d0%bc%d0%b5%d1%89%d0%b5%d0%bd%d0%b8%d0%b9'),
(251, 'uk_UK', 'Продаж приміщень', '', '%d0%9f%d1%80%d0%be%d0%b4%d0%b0%d0%b6-%d0%bf%d1%80%d0%b8%d0%bc%d1%96%d1%89%d0%b5%d0%bd%d1%8c'),
(252, 'en_US', 'Offices', '', 'offices'),
(252, 'ru_RU', 'Офисов ', '', '%d0%9e%d1%84%d0%b8%d1%81%d0%be%d0%b2'),
(252, 'uk_UK', 'Офісів', '', '%d0%9e%d1%84%d1%96%d1%81%d1%96%d0%b2'),
(253, 'en_US', 'Stores/Salons', '', 'storessalons'),
(253, 'ru_RU', 'Магазинов/Салонов', '', '%d0%9c%d0%b0%d0%b3%d0%b0%d0%b7%d0%b8%d0%bd%d0%be%d0%b2%d0%a1%d0%b0%d0%bb%d0%be%d0%bd%d0%be%d0%b2'),
(253, 'uk_UK', 'Магазинів/Салонів', '', '%d0%9c%d0%b0%d0%b3%d0%b0%d0%b7%d0%b8%d0%bd%d1%96%d0%b2%d0%a1%d0%b0%d0%bb%d0%be%d0%bd%d1%96%d0%b2'),
(254, 'en_US', 'Warehouses', '', 'warehouses'),
(254, 'ru_RU', 'Складов', '', '%d0%a1%d0%ba%d0%bb%d0%b0%d0%b4%d0%be%d0%b2'),
(254, 'uk_UK', 'Складів', '', '%d0%a1%d0%ba%d0%bb%d0%b0%d0%b4%d1%96%d0%b2'),
(255, 'en_US', 'Restaurants/Bars', '', 'restaurantsbars'),
(255, 'ru_RU', 'Ресторанов/Баров ', '', '%d0%a0%d0%b5%d1%81%d1%82%d0%be%d1%80%d0%b0%d0%bd%d0%be%d0%b2%d0%91%d0%b0%d1%80%d0%be%d0%b2'),
(255, 'uk_UK', 'Ресторанів/Барів', '', '%d0%a0%d0%b5%d1%81%d1%82%d0%be%d1%80%d0%b0%d0%bd%d1%96%d0%b2%d0%91%d0%b0%d1%80%d1%96%d0%b2'),
(256, 'en_US', 'Industrial purpose', '', 'industrial-purpose_1'),
(256, 'ru_RU', 'Промышленного назначения', '', '%d0%9f%d1%80%d0%be%d0%bc%d1%8b%d1%88%d0%bb%d0%b5%d0%bd%d0%bd%d0%be%d0%b3%d0%be-%d0%bd%d0%b0%d0%b7%d0'),
(256, 'uk_UK', 'Промислового призначення', '', '%d0%9f%d1%80%d0%be%d0%bc%d0%b8%d1%81%d0%bb%d0%be%d0%b2%d0%be%d0%b3%d0%be-%d0%bf%d1%80%d0%b8%d0%b7%d0'),
(257, 'en_US', 'Special purpose', '', 'special-purpose'),
(257, 'ru_RU', 'Особого назначения', '', '%d0%9e%d1%81%d0%be%d0%b1%d0%be%d0%b3%d0%be-%d0%bd%d0%b0%d0%b7%d0%bd%d0%b0%d1%87%d0%b5%d0%bd%d0%b8%d1'),
(257, 'uk_UK', 'Особливого призначення', '', '%d0%9e%d1%81%d0%be%d0%b1%d0%bb%d0%b8%d0%b2%d0%be%d0%b3%d0%be-%d0%bf%d1%80%d0%b8%d0%b7%d0%bd%d0%b0%d1'),
(258, 'en_US', 'Multi-purpose', '', 'multi-purpose'),
(258, 'ru_RU', 'Универсального назначения', '', '%d0%a3%d0%bd%d0%b8%d0%b2%d0%b5%d1%80%d1%81%d0%b0%d0%bb%d1%8c%d0%bd%d0%be%d0%b3%d0%be-%d0%bd%d0%b0%d0'),
(258, 'uk_UK', 'Універсального призначення', '', '%d0%a3%d0%bd%d1%96%d0%b2%d0%b5%d1%80%d1%81%d0%b0%d0%bb%d1%8c%d0%bd%d0%be%d0%b3%d0%be-%d0%bf%d1%80%d0'),
(259, 'en_US', 'Individual buildings', '', 'individual-buildings'),
(259, 'ru_RU', 'Отдельно стоящих зданий', '', '%d0%9e%d1%82%d0%b4%d0%b5%d0%bb%d1%8c%d0%bd%d0%be-%d1%81%d1%82%d0%be%d1%8f%d1%89%d0%b8%d1%85-%d0%b7%d'),
(259, 'uk_UK', 'Окремих будівель', '', '%d0%9e%d0%ba%d1%80%d0%b5%d0%bc%d0%b8%d1%85-%d0%b1%d1%83%d0%b4%d1%96%d0%b2%d0%b5%d0%bb%d1%8c'),
(260, 'en_US', 'Minor Architecture', '', 'minor-architecture'),
(260, 'ru_RU', 'МАФов', '', '%d0%9c%d0%90%d0%a4%d0%be%d0%b2'),
(260, 'uk_UK', 'МАФів', '', '%d0%9c%d0%90%d0%a4%d1%96%d0%b2'),
(261, 'en_US', 'Recreation centers', '', 'recreation-centers'),
(261, 'ru_RU', 'Баз отдыха ', '', '%d0%91%d0%b0%d0%b7-%d0%be%d1%82%d0%b4%d1%8b%d1%85%d0%b0'),
(261, 'uk_UK', 'Баз відпочинку', '', '%d0%91%d0%b0%d0%b7-%d0%b2%d1%96%d0%b4%d0%bf%d0%be%d1%87%d0%b8%d0%bd%d0%ba%d1%83'),
(262, 'en_US', 'Premises for Rent', '', 'premises-for-rent'),
(262, 'ru_RU', 'Аренда помещений', '', '%d0%90%d1%80%d0%b5%d0%bd%d0%b4%d0%b0-%d0%bf%d0%be%d0%bc%d0%b5%d1%89%d0%b5%d0%bd%d0%b8%d0%b9'),
(262, 'uk_UK', 'Оренда приміщень', '', '%d0%9e%d1%80%d0%b5%d0%bd%d0%b4%d0%b0-%d0%bf%d1%80%d0%b8%d0%bc%d1%96%d1%89%d0%b5%d0%bd%d1%8c'),
(263, 'en_US', 'Offices', '', 'offices_1'),
(263, 'ru_RU', 'Офисов ', '', '%d0%9e%d1%84%d0%b8%d1%81%d0%be%d0%b2'),
(263, 'uk_UK', 'Офісів', '', '%d0%9e%d1%84%d1%96%d1%81%d1%96%d0%b2'),
(264, 'en_US', 'Stores/Salons', '', 'storessalons_1'),
(264, 'ru_RU', 'Магазинов/салонов', '', '%d0%9c%d0%b0%d0%b3%d0%b0%d0%b7%d0%b8%d0%bd%d0%be%d0%b2%d1%81%d0%b0%d0%bb%d0%be%d0%bd%d0%be%d0%b2'),
(264, 'uk_UK', 'Магазинів/салонів', '', '%d0%9c%d0%b0%d0%b3%d0%b0%d0%b7%d0%b8%d0%bd%d1%96%d0%b2%d1%81%d0%b0%d0%bb%d0%be%d0%bd%d1%96%d0%b2'),
(265, 'en_US', 'Warehouses', '', 'warehouses_1'),
(265, 'ru_RU', 'Складов', '', '%d0%a1%d0%ba%d0%bb%d0%b0%d0%b4%d0%be%d0%b2'),
(265, 'uk_UK', 'Складів', '', '%d0%a1%d0%ba%d0%bb%d0%b0%d0%b4%d1%96%d0%b2'),
(266, 'en_US', 'Restaurants/bars', '', 'restaurantsbars_1'),
(266, 'ru_RU', 'Ресторанов/Баров ', '', '%d0%a0%d0%b5%d1%81%d1%82%d0%be%d1%80%d0%b0%d0%bd%d0%be%d0%b2%d0%91%d0%b0%d1%80%d0%be%d0%b2'),
(266, 'uk_UK', 'Ресторанів/Барів', '', '%d0%a0%d0%b5%d1%81%d1%82%d0%be%d1%80%d0%b0%d0%bd%d1%96%d0%b2%d0%91%d0%b0%d1%80%d1%96%d0%b2'),
(267, 'en_US', 'Industrial purpose', '', 'industrial-purpose_2'),
(267, 'ru_RU', 'Промышленного назначения', '', '%d0%9f%d1%80%d0%be%d0%bc%d1%8b%d1%88%d0%bb%d0%b5%d0%bd%d0%bd%d0%be%d0%b3%d0%be-%d0%bd%d0%b0%d0%b7%d0'),
(267, 'uk_UK', 'Промислового призначення', '', '%d0%9f%d1%80%d0%be%d0%bc%d0%b8%d1%81%d0%bb%d0%be%d0%b2%d0%be%d0%b3%d0%be-%d0%bf%d1%80%d0%b8%d0%b7%d0'),
(268, 'en_US', 'Special purpose', '', 'special-purpose_1'),
(268, 'ru_RU', 'Особого назначения', '', '%d0%9e%d1%81%d0%be%d0%b1%d0%be%d0%b3%d0%be-%d0%bd%d0%b0%d0%b7%d0%bd%d0%b0%d1%87%d0%b5%d0%bd%d0%b8%d1'),
(268, 'uk_UK', 'Особливого призначення', '', '%d0%9e%d1%81%d0%be%d0%b1%d0%bb%d0%b8%d0%b2%d0%be%d0%b3%d0%be-%d0%bf%d1%80%d0%b8%d0%b7%d0%bd%d0%b0%d1'),
(269, 'en_US', 'Multi-purpose', '', 'multi-purpose_1'),
(269, 'ru_RU', 'Универсального назначения', '', '%d0%a3%d0%bd%d0%b8%d0%b2%d0%b5%d1%80%d1%81%d0%b0%d0%bb%d1%8c%d0%bd%d0%be%d0%b3%d0%be-%d0%bd%d0%b0%d0'),
(269, 'uk_UK', 'Універсального призначення', '', '%d0%a3%d0%bd%d1%96%d0%b2%d0%b5%d1%80%d1%81%d0%b0%d0%bb%d1%8c%d0%bd%d0%be%d0%b3%d0%be-%d0%bf%d1%80%d0'),
(270, 'en_US', 'Individual buildings', '', 'individual-buildings_1'),
(270, 'ru_RU', 'Отдельно стоящих зданий', '', '%d0%9e%d1%82%d0%b4%d0%b5%d0%bb%d1%8c%d0%bd%d0%be-%d1%81%d1%82%d0%be%d1%8f%d1%89%d0%b8%d1%85-%d0%b7%d'),
(270, 'uk_UK', 'Окремих будівель', '', '%d0%9e%d0%ba%d1%80%d0%b5%d0%bc%d0%b8%d1%85-%d0%b1%d1%83%d0%b4%d1%96%d0%b2%d0%b5%d0%bb%d1%8c'),
(271, 'en_US', 'Minor Architecture', '', 'minor-architecture_1'),
(271, 'ru_RU', 'МАФов', '', '%d0%9c%d0%90%d0%a4%d0%be%d0%b2'),
(271, 'uk_UK', 'МАФів', '', '%d0%9c%d0%90%d0%a4%d1%96%d0%b2'),
(272, 'en_US', 'Recreation centers', '', 'recreation-centers_1'),
(272, 'ru_RU', 'Баз отдыха ', '', '%d0%91%d0%b0%d0%b7-%d0%be%d1%82%d0%b4%d1%8b%d1%85%d0%b0'),
(272, 'uk_UK', 'Баз відпочинку', '', '%d0%91%d0%b0%d0%b7-%d0%b2%d1%96%d0%b4%d0%bf%d0%be%d1%87%d0%b8%d0%bd%d0%ba%d1%83'),
(273, 'en_US', 'Garages/Parking for Sale', '', 'garagesparking-for-sale'),
(273, 'ru_RU', 'Продажа гаражей/Стоянок', '', '%d0%9f%d1%80%d0%be%d0%b4%d0%b0%d0%b6%d0%b0-%d0%b3%d0%b0%d1%80%d0%b0%d0%b6%d0%b5%d0%b9%d0%a1%d1%82%d0'),
(273, 'uk_UK', 'Продаж гаражів/стоянок', '', '%d0%9f%d1%80%d0%be%d0%b4%d0%b0%d0%b6-%d0%b3%d0%b0%d1%80%d0%b0%d0%b6%d1%96%d0%b2%d1%81%d1%82%d0%be%d1'),
(274, 'en_US', 'Garages/Parking for Rent', '', 'garagesparking-for-rent'),
(274, 'ru_RU', 'Аренда гаражей/Стоянок ', '', '%d0%90%d1%80%d0%b5%d0%bd%d0%b4%d0%b0-%d0%b3%d0%b0%d1%80%d0%b0%d0%b6%d0%b5%d0%b9%d0%a1%d1%82%d0%be%d1'),
(274, 'uk_UK', 'Оренда гаражів/стоянок', '', '%d0%9e%d1%80%d0%b5%d0%bd%d0%b4%d0%b0-%d0%b3%d0%b0%d1%80%d0%b0%d0%b6%d1%96%d0%b2%d1%81%d1%82%d0%be%d1'),
(275, 'en_US', 'Land Lease', '', 'land-lease'),
(275, 'ru_RU', 'Аренда земли', '', '%d0%90%d1%80%d0%b5%d0%bd%d0%b4%d0%b0-%d0%b7%d0%b5%d0%bc%d0%bb%d0%b8'),
(275, 'uk_UK', 'Оренда землі', '', '%d0%9e%d1%80%d0%b5%d0%bd%d0%b4%d0%b0-%d0%b7%d0%b5%d0%bc%d0%bb%d1%96'),
(276, 'en_US', 'Property Exchange', '', 'property-exchange'),
(276, 'ru_RU', 'Обмен недвижимости', '', '%d0%9e%d0%b1%d0%bc%d0%b5%d0%bd-%d0%bd%d0%b5%d0%b4%d0%b2%d0%b8%d0%b6%d0%b8%d0%bc%d0%be%d1%81%d1%82%d0'),
(276, 'uk_UK', 'Обмін нерухомості', '', '%d0%9e%d0%b1%d0%bc%d1%96%d0%bd-%d0%bd%d0%b5%d1%80%d1%83%d1%85%d0%be%d0%bc%d0%be%d1%81%d1%82%d1%96'),
(277, 'en_US', 'Other Property', '', 'other-property'),
(277, 'ru_RU', 'Прочая недвижимость', '', '%d0%9f%d1%80%d0%be%d1%87%d0%b0%d1%8f-%d0%bd%d0%b5%d0%b4%d0%b2%d0%b8%d0%b6%d0%b8%d0%bc%d0%be%d1%81%d1'),
(277, 'uk_UK', 'Інша нерухомість', '', '%d0%86%d0%bd%d1%88%d0%b0-%d0%bd%d0%b5%d1%80%d1%83%d1%85%d0%be%d0%bc%d1%96%d1%81%d1%82%d1%8c'),
(278, 'en_US', 'Flatmates wanted', '', 'flatmates-wanted'),
(278, 'ru_RU', 'Ищу компаньона для аренды жилья', '', '%d0%98%d1%89%d1%83-%d0%ba%d0%be%d0%bc%d0%bf%d0%b0%d0%bd%d1%8c%d0%be%d0%bd%d0%b0-%d0%b4%d0%bb%d1%8f-%'),
(278, 'uk_UK', 'Шукаю компаньйона для оренди житла', '', '%d0%a8%d1%83%d0%ba%d0%b0%d1%8e-%d0%ba%d0%be%d0%bc%d0%bf%d0%b0%d0%bd%d1%8c%d0%b9%d0%be%d0%bd%d0%b0-%d'),
(279, 'en_US', 'Office goods', '', 'office-goods'),
(279, 'ru_RU', 'Товары для оффиса', '', '%d0%a2%d0%be%d0%b2%d0%b0%d1%80%d1%8b-%d0%b4%d0%bb%d1%8f-%d0%be%d1%84%d1%84%d0%b8%d1%81%d0%b0'),
(279, 'uk_UK', 'Товари для офісу', '', '%d0%a2%d0%be%d0%b2%d0%b0%d1%80%d0%b8-%d0%b4%d0%bb%d1%8f-%d0%be%d1%84%d1%96%d1%81%d1%83'),
(280, 'en_US', 'Stationary', '', 'stationary'),
(280, 'ru_RU', 'Канцтовары', '', '%d0%9a%d0%b0%d0%bd%d1%86%d1%82%d0%be%d0%b2%d0%b0%d1%80%d1%8b'),
(280, 'uk_UK', 'Канцтовари', '', '%d0%9a%d0%b0%d0%bd%d1%86%d1%82%d0%be%d0%b2%d0%b0%d1%80%d0%b8'),
(281, 'en_US', 'Consumables', '', 'consumables'),
(281, 'ru_RU', 'Расходные материалы', '', '%d0%a0%d0%b0%d1%81%d1%85%d0%be%d0%b4%d0%bd%d1%8b%d0%b5-%d0%bc%d0%b0%d1%82%d0%b5%d1%80%d0%b8%d0%b0%d0'),
(281, 'uk_UK', 'Витратні матеріали', '', '%d0%92%d0%b8%d1%82%d1%80%d0%b0%d1%82%d0%bd%d1%96-%d0%bc%d0%b0%d1%82%d0%b5%d1%80%d1%96%d0%b0%d0%bb%d0'),
(282, 'en_US', 'Volkswagen ', '', 'volkswagen'),
(282, 'ru_RU', 'Volkswagen ', '', 'volkswagen'),
(282, 'uk_UK', 'Volkswagen ', '', 'volkswagen'),
(283, 'en_US', 'Opel', '', 'opel'),
(283, 'ru_RU', 'Opel', '', 'opel'),
(283, 'uk_UK', 'Opel ', '', 'opel'),
(284, 'en_US', 'Mercedes', '', 'mercedes'),
(284, 'ru_RU', 'Mercedes', '', 'mercedes'),
(284, 'uk_UK', 'Mercedes ', '', 'mercedes'),
(285, 'en_US', 'Ford ', '', 'ford'),
(285, 'ru_RU', 'Ford ', '', 'ford'),
(285, 'uk_UK', 'Ford ', '', 'ford'),
(286, 'en_US', 'Renault', '', 'renault'),
(286, 'ru_RU', 'Renault', '', 'renault'),
(286, 'uk_UK', 'Renault', '', 'renault'),
(287, 'en_US', 'BMW', '', 'bmw'),
(287, 'ru_RU', 'BMW', '', 'bmw'),
(287, 'uk_UK', 'BMW', '', 'bmw'),
(288, 'en_US', 'Chevrolet', '', 'chevrolet'),
(288, 'ru_RU', 'Chevrolet', '', 'chevrolet'),
(288, 'uk_UK', 'Chevrolet', '', 'chevrolet'),
(289, 'en_US', 'Hyundai ', '', 'hyundai'),
(289, 'ru_RU', 'Hyundai ', '', 'hyundai'),
(289, 'uk_UK', 'Hyundai ', '', 'hyundai'),
(290, 'en_US', 'Toyota', '', 'toyota'),
(290, 'ru_RU', 'Toyota', '', 'toyota'),
(290, 'uk_UK', 'Toyota ', '', 'toyota'),
(291, 'en_US', 'Nissan', '', 'nissan'),
(291, 'ru_RU', 'Nissan', '', 'nissan'),
(291, 'uk_UK', 'Nissan ', '', 'nissan'),
(292, 'en_US', 'Audi', '', 'audi'),
(292, 'ru_RU', 'Audi', '', 'audi'),
(292, 'uk_UK', 'Audi ', '', 'audi'),
(293, 'en_US', 'Mitsubishi', '', 'mitsubishi'),
(293, 'ru_RU', 'Mitsubishi', '', 'mitsubishi'),
(293, 'uk_UK', 'Mitsubishi ', '', 'mitsubishi'),
(294, 'en_US', 'Skoda ', '', 'skoda'),
(294, 'ru_RU', 'Skoda ', '', 'skoda'),
(294, 'uk_UK', 'Skoda ', '', 'skoda'),
(295, 'en_US', 'Fiat ', '', 'fiat'),
(295, 'ru_RU', 'Fiat', '', 'fiat'),
(295, 'uk_UK', 'Fiat ', '', 'fiat'),
(296, 'en_US', 'Peugeot', '', 'peugeot'),
(296, 'ru_RU', 'Peugeot', '', 'peugeot'),
(296, 'uk_UK', 'Peugeot ', '', 'peugeot'),
(297, 'en_US', 'Mazda ', '', 'mazda'),
(297, 'ru_RU', 'Mazda ', '', 'mazda'),
(297, 'uk_UK', 'Mazda ', '', 'mazda'),
(298, 'en_US', 'Citroen', '', 'citroen'),
(298, 'ru_RU', 'Citroen', '', 'citroen'),
(298, 'uk_UK', 'Citroen ', '', 'citroen'),
(299, 'en_US', 'Honda ', '', 'honda'),
(299, 'ru_RU', 'Honda ', '', 'honda'),
(299, 'uk_UK', 'Honda ', '', 'honda'),
(300, 'en_US', 'Subaru', '', 'subaru'),
(300, 'ru_RU', 'Subaru', '', 'subaru'),
(300, 'uk_UK', 'Subaru ', '', 'subaru'),
(301, 'en_US', 'Smart ', '', 'smart'),
(301, 'ru_RU', 'Smart', '', 'smart'),
(301, 'uk_UK', 'Smart ', '', 'smart'),
(302, 'en_US', 'Suzuki', '', 'suzuki'),
(302, 'ru_RU', 'Suzuki', '', 'suzuki'),
(302, 'uk_UK', 'Suzuki ', '', 'suzuki'),
(303, 'en_US', 'Volvo', '', 'volvo'),
(303, 'ru_RU', 'Volvo', '', 'volvo'),
(303, 'uk_UK', 'Volvo ', '', 'volvo'),
(304, 'en_US', 'Seat ', '', 'seat'),
(304, 'ru_RU', 'Seat ', '', 'seat'),
(304, 'uk_UK', 'Seat ', '', 'seat'),
(305, 'en_US', 'Lexus', '', 'lexus'),
(305, 'ru_RU', 'Lexus', '', 'lexus'),
(305, 'uk_UK', 'Lexus ', '', 'lexus'),
(306, 'en_US', 'Land Rover ', '', 'land-rover'),
(306, 'ru_RU', 'Land Rover ', '', 'land-rover'),
(306, 'uk_UK', 'Land Rover ', '', 'land-rover'),
(307, 'en_US', 'Chrysler ', '', 'chrysler'),
(307, 'ru_RU', 'Chrysler ', '', 'chrysler'),
(307, 'uk_UK', 'Chrysler ', '', 'chrysler'),
(308, 'en_US', 'Alfa Romeo', '', 'alfa-romeo'),
(308, 'ru_RU', 'Alfa Romeo ', '', 'alfa-romeo'),
(308, 'uk_UK', 'Alfa Romeo ', '', 'alfa-romeo'),
(309, 'en_US', 'Jeep', '', 'jeep'),
(309, 'ru_RU', 'Jeep', '', 'jeep'),
(309, 'uk_UK', 'Jeep ', '', 'jeep'),
(310, 'en_US', 'Dodge', '', 'dodge'),
(310, 'ru_RU', 'Dodge', '', 'dodge'),
(310, 'uk_UK', 'Dodge ', '', 'dodge'),
(311, 'en_US', 'Porsche ', '', 'porsche'),
(311, 'ru_RU', 'Porsche', '', 'porsche'),
(311, 'uk_UK', 'Porsche', '', 'porsche'),
(312, 'en_US', 'Acura', '', 'acura'),
(312, 'ru_RU', 'Acura ', '', 'acura'),
(312, 'uk_UK', 'Acura ', '', 'acura'),
(313, 'en_US', 'Daewoo', '', 'daewoo'),
(313, 'ru_RU', 'Daewoo', '', 'daewoo'),
(313, 'uk_UK', 'Daewoo ', '', 'daewoo'),
(314, 'en_US', 'Ssang Yong ', '', 'ssang-yong'),
(314, 'ru_RU', 'Ssang Yong', '', 'ssang-yong'),
(314, 'uk_UK', 'Ssang Yong', '', 'ssang-yong'),
(315, 'en_US', 'Kia', '', 'kia'),
(315, 'ru_RU', 'Kia', '', 'kia'),
(315, 'uk_UK', 'Kia ', '', 'kia'),
(316, 'en_US', 'Dacia ', '', 'dacia'),
(316, 'ru_RU', 'Dacia', '', 'dacia'),
(316, 'uk_UK', 'Dacia ', '', 'dacia'),
(317, 'en_US', 'Chery', '', 'chery'),
(317, 'ru_RU', 'Chery', '', 'chery'),
(317, 'uk_UK', 'Chery', '', 'chery'),
(318, 'en_US', 'Geely', '', 'geely'),
(318, 'ru_RU', 'Geely', '', 'geely'),
(318, 'uk_UK', 'Geely', '', 'geely'),
(319, 'en_US', 'Great Wall', '', 'great-wall'),
(319, 'ru_RU', 'Great Wall', '', 'great-wall'),
(319, 'uk_UK', 'Great Wall ', '', 'great-wall'),
(320, 'en_US', 'VAZ', '', 'vaz'),
(320, 'ru_RU', 'ВАЗ', '', '%d0%92%d0%90%d0%97'),
(320, 'uk_UK', 'ВАЗ', '', '%d0%92%d0%90%d0%97'),
(321, 'en_US', 'ZAZ', '', 'zaz'),
(321, 'ru_RU', 'ЗАЗ', '', '%d0%97%d0%90%d0%97'),
(321, 'uk_UK', 'ЗАЗ', '', '%d0%97%d0%90%d0%97'),
(322, 'en_US', 'GAS', '', 'gas'),
(322, 'ru_RU', 'ГАЗ', '', '%d0%93%d0%90%d0%97'),
(322, 'uk_UK', 'ГАЗ', '', '%d0%93%d0%90%d0%97'),
(323, 'en_US', 'UAZ', '', 'uaz'),
(323, 'ru_RU', 'УАЗ', '', '%d0%a3%d0%90%d0%97'),
(323, 'uk_UK', 'УАЗ', '', '%d0%a3%d0%90%d0%97'),
(324, 'en_US', 'Moskvitch (AZLK)', '', 'moskvitch-azlk'),
(324, 'ru_RU', 'Москвич (АЗЛК)', '', '%d0%9c%d0%be%d1%81%d0%ba%d0%b2%d0%b8%d1%87-%d0%90%d0%97%d0%9b%d0%9a'),
(324, 'uk_UK', 'Москвич (АЗЛК)', '', '%d0%9c%d0%be%d1%81%d0%ba%d0%b2%d0%b8%d1%87-%d0%90%d0%97%d0%9b%d0%9a'),
(325, 'en_US', 'Izh', '', 'izh'),
(325, 'ru_RU', 'Иж', '', '%d0%98%d0%b6'),
(325, 'uk_UK', 'Іж', '', '%d0%86%d0%b6'),
(326, 'en_US', 'Tavria', '', 'tavria'),
(326, 'ru_RU', 'Таврия', '', '%d0%a2%d0%b0%d0%b2%d1%80%d0%b8%d1%8f'),
(326, 'uk_UK', 'Таврія', '', '%d0%a2%d0%b0%d0%b2%d1%80%d1%96%d1%8f'),
(327, 'en_US', 'LuAZ Others', '', 'luaz-others'),
(327, 'ru_RU', 'ЛуАЗ Другие ', '', '%d0%9b%d1%83%d0%90%d0%97-%d0%94%d1%80%d1%83%d0%b3%d0%b8%d0%b5'),
(327, 'uk_UK', 'ЛуАЗ Інші', '', '%d0%9b%d1%83%d0%90%d0%97-%d0%86%d0%bd%d1%88%d1%96'),
(328, 'en_US', 'Mopeds/Scooters', '', 'mopedsscooters'),
(328, 'ru_RU', 'Мопеды/скутеры ', '', '%d0%9c%d0%be%d0%bf%d0%b5%d0%b4%d1%8b%d1%81%d0%ba%d1%83%d1%82%d0%b5%d1%80%d1%8b'),
(328, 'uk_UK', 'Мопеди/скутери', '', '%d0%9c%d0%be%d0%bf%d0%b5%d0%b4%d0%b8%d1%81%d0%ba%d1%83%d1%82%d0%b5%d1%80%d0%b8'),
(329, 'en_US', 'Motorcycles', '', 'motorcycles_1'),
(329, 'ru_RU', 'Мотоциклы', '', '%d0%9c%d0%be%d1%82%d0%be%d1%86%d0%b8%d0%ba%d0%bb%d1%8b'),
(329, 'uk_UK', 'Мотоцикли', '', '%d0%9c%d0%be%d1%82%d0%be%d1%86%d0%b8%d0%ba%d0%bb%d0%b8'),
(330, 'en_US', 'Quads', '', 'quads'),
(330, 'ru_RU', 'Квадроциклы ', '', '%d0%9a%d0%b2%d0%b0%d0%b4%d1%80%d0%be%d1%86%d0%b8%d0%ba%d0%bb%d1%8b'),
(330, 'uk_UK', 'Квадроциклы', '', '%d0%9a%d0%b2%d0%b0%d0%b4%d1%80%d0%be%d1%86%d0%b8%d0%ba%d0%bb%d1%8b'),
(331, 'en_US', 'Other motor vehicles', '', 'other-motor-vehicles'),
(331, 'ru_RU', 'Другая мототехника', '', '%d0%94%d1%80%d1%83%d0%b3%d0%b0%d1%8f-%d0%bc%d0%be%d1%82%d0%be%d1%82%d0%b5%d1%85%d0%bd%d0%b8%d0%ba%d0'),
(331, 'uk_UK', 'Інша мототехніка', '', '%d0%86%d0%bd%d1%88%d0%b0-%d0%bc%d0%be%d1%82%d0%be%d1%82%d0%b5%d1%85%d0%bd%d1%96%d0%ba%d0%b0'),
(332, 'en_US', 'Special machinery', '', 'special-machinery'),
(332, 'ru_RU', 'Спецтехника', '', '%d0%a1%d0%bf%d0%b5%d1%86%d1%82%d0%b5%d1%85%d0%bd%d0%b8%d0%ba%d0%b0'),
(332, 'uk_UK', 'Спецтехніка', '', '%d0%a1%d0%bf%d0%b5%d1%86%d1%82%d0%b5%d1%85%d0%bd%d1%96%d0%ba%d0%b0'),
(333, 'en_US', 'Equipment', '', 'equipment_1'),
(333, 'ru_RU', 'Оборудование для спецтехники', '', '%d0%9e%d0%b1%d0%be%d1%80%d1%83%d0%b4%d0%be%d0%b2%d0%b0%d0%bd%d0%b8%d0%b5-%d0%b4%d0%bb%d1%8f-%d1%81%d'),
(333, 'uk_UK', 'Устаткування для спецтехніки', '', '%d0%a3%d1%81%d1%82%d0%b0%d1%82%d0%ba%d1%83%d0%b2%d0%b0%d0%bd%d0%bd%d1%8f-%d0%b4%d0%bb%d1%8f-%d1%81%d'),
(334, 'en_US', 'Dozers/Tractors', '', 'dozerstractors'),
(334, 'ru_RU', ' Бульдозеры/Тракторы', '', '%d0%91%d1%83%d0%bb%d1%8c%d0%b4%d0%be%d0%b7%d0%b5%d1%80%d1%8b%d0%a2%d1%80%d0%b0%d0%ba%d1%82%d0%be%d1%'),
(334, 'uk_UK', 'Бульдозери/Трактори', '', '%d0%91%d1%83%d0%bb%d1%8c%d0%b4%d0%be%d0%b7%d0%b5%d1%80%d0%b8%d0%a2%d1%80%d0%b0%d0%ba%d1%82%d0%be%d1%'),
(335, 'en_US', 'Excavators', '', 'excavators'),
(335, 'ru_RU', 'Экскаваторы', '', '%d0%ad%d0%ba%d1%81%d0%ba%d0%b0%d0%b2%d0%b0%d1%82%d0%be%d1%80%d1%8b'),
(335, 'uk_UK', 'Екскаватори', '', '%d0%95%d0%ba%d1%81%d0%ba%d0%b0%d0%b2%d0%b0%d1%82%d0%be%d1%80%d0%b8'),
(336, 'en_US', 'Construction machinery', '', 'construction-machinery'),
(336, 'ru_RU', 'Строительная техника ', '', '%d0%a1%d1%82%d1%80%d0%be%d0%b8%d1%82%d0%b5%d0%bb%d1%8c%d0%bd%d0%b0%d1%8f-%d1%82%d0%b5%d1%85%d0%bd%d0'),
(336, 'uk_UK', 'Будівельна техніка', '', '%d0%91%d1%83%d0%b4%d1%96%d0%b2%d0%b5%d0%bb%d1%8c%d0%bd%d0%b0-%d1%82%d0%b5%d1%85%d0%bd%d1%96%d0%ba%d0'),
(337, 'en_US', 'Loaders', '', 'loaders'),
(337, 'ru_RU', 'Погрузчики', '', '%d0%9f%d0%be%d0%b3%d1%80%d1%83%d0%b7%d1%87%d0%b8%d0%ba%d0%b8'),
(337, 'uk_UK', 'Навантажувачі', '', '%d0%9d%d0%b0%d0%b2%d0%b0%d0%bd%d1%82%d0%b0%d0%b6%d1%83%d0%b2%d0%b0%d1%87%d1%96'),
(338, 'en_US', 'Groundscare', '', 'groundscare'),
(338, 'ru_RU', 'Коммунальная техника ', '', '%d0%9a%d0%be%d0%bc%d0%bc%d1%83%d0%bd%d0%b0%d0%bb%d1%8c%d0%bd%d0%b0%d1%8f-%d1%82%d0%b5%d1%85%d0%bd%d0'),
(338, 'uk_UK', 'Комунальна техніка', '', '%d0%9a%d0%be%d0%bc%d1%83%d0%bd%d0%b0%d0%bb%d1%8c%d0%bd%d0%b0-%d1%82%d0%b5%d1%85%d0%bd%d1%96%d0%ba%d0'),
(339, 'en_US', 'Trucks', '', 'trucks'),
(339, 'ru_RU', 'Грузовые автомобили', '', '%d0%93%d1%80%d1%83%d0%b7%d0%be%d0%b2%d1%8b%d0%b5-%d0%b0%d0%b2%d1%82%d0%be%d0%bc%d0%be%d0%b1%d0%b8%d0');
INSERT INTO `oc_t_category_description` (`fk_i_category_id`, `fk_c_locale_code`, `s_name`, `s_description`, `s_slug`) VALUES
(339, 'uk_UK', 'Вантажні автомобілі', '', '%d0%92%d0%b0%d0%bd%d1%82%d0%b0%d0%b6%d0%bd%d1%96-%d0%b0%d0%b2%d1%82%d0%be%d0%bc%d0%be%d0%b1%d1%96%d0'),
(340, 'en_US', 'Tipper', '', 'tipper'),
(340, 'ru_RU', 'Самосвалы ', '', '%d0%a1%d0%b0%d0%bc%d0%be%d1%81%d0%b2%d0%b0%d0%bb%d1%8b'),
(340, 'uk_UK', 'Самоскиди', '', '%d0%a1%d0%b0%d0%bc%d0%be%d1%81%d0%ba%d0%b8%d0%b4%d0%b8'),
(341, 'en_US', 'Water transport', '', 'water-transport'),
(341, 'ru_RU', 'Водный транспорт', '', '%d0%92%d0%be%d0%b4%d0%bd%d1%8b%d0%b9-%d1%82%d1%80%d0%b0%d0%bd%d1%81%d0%bf%d0%be%d1%80%d1%82'),
(341, 'uk_UK', 'Водний транспорт', '', '%d0%92%d0%be%d0%b4%d0%bd%d0%b8%d0%b9-%d1%82%d1%80%d0%b0%d0%bd%d1%81%d0%bf%d0%be%d1%80%d1%82'),
(342, 'en_US', 'Trailers', '', 'trailers'),
(342, 'ru_RU', 'Прицепы', '', '%d0%9f%d1%80%d0%b8%d1%86%d0%b5%d0%bf%d1%8b'),
(342, 'uk_UK', 'Причепи', '', '%d0%9f%d1%80%d0%b8%d1%87%d0%b5%d0%bf%d0%b8'),
(343, 'en_US', 'Buses', '', 'buses'),
(343, 'ru_RU', 'Автобусы', '', '%d0%90%d0%b2%d1%82%d0%be%d0%b1%d1%83%d1%81%d1%8b'),
(343, 'uk_UK', 'Автобуси', '', '%d0%90%d0%b2%d1%82%d0%be%d0%b1%d1%83%d1%81%d0%b8'),
(344, 'en_US', 'Air transport', '', 'air-transport'),
(344, 'ru_RU', 'Воздушный транспорт', '', '%d0%92%d0%be%d0%b7%d0%b4%d1%83%d1%88%d0%bd%d1%8b%d0%b9-%d1%82%d1%80%d0%b0%d0%bd%d1%81%d0%bf%d0%be%d1'),
(344, 'uk_UK', 'Повітряний транспорт', '', '%d0%9f%d0%be%d0%b2%d1%96%d1%82%d1%80%d1%8f%d0%bd%d0%b8%d0%b9-%d1%82%d1%80%d0%b0%d0%bd%d1%81%d0%bf%d0'),
(345, 'en_US', 'Parts/Accessories', '', 'partsaccessories'),
(345, 'ru_RU', 'Запчасти/Аксессуары', '', '%d0%97%d0%b0%d0%bf%d1%87%d0%b0%d1%81%d1%82%d0%b8%d0%90%d0%ba%d1%81%d0%b5%d1%81%d1%81%d1%83%d0%b0%d1%'),
(345, 'uk_UK', 'Запчастини/Аксесуари', '', '%d0%97%d0%b0%d0%bf%d1%87%d0%b0%d1%81%d1%82%d0%b8%d0%bd%d0%b8%d0%90%d0%ba%d1%81%d0%b5%d1%81%d1%83%d0%'),
(346, 'en_US', 'Spare parts', '', 'spare-parts'),
(346, 'ru_RU', 'Автозапчасти', '', '%d0%90%d0%b2%d1%82%d0%be%d0%b7%d0%b0%d0%bf%d1%87%d0%b0%d1%81%d1%82%d0%b8'),
(346, 'uk_UK', 'Автозапчастини', '', '%d0%90%d0%b2%d1%82%d0%be%d0%b7%d0%b0%d0%bf%d1%87%d0%b0%d1%81%d1%82%d0%b8%d0%bd%d0%b8'),
(347, 'en_US', 'Tires/wheels', '', 'tireswheels'),
(347, 'ru_RU', 'Шины/диски ', '', '%d0%a8%d0%b8%d0%bd%d1%8b%d0%b4%d0%b8%d1%81%d0%ba%d0%b8'),
(347, 'uk_UK', 'Шини/диски', '', '%d0%a8%d0%b8%d0%bd%d0%b8%d0%b4%d0%b8%d1%81%d0%ba%d0%b8'),
(348, 'en_US', 'Accessories', '', 'accessories_1'),
(348, 'ru_RU', 'Аксессуары для авто ', '', '%d0%90%d0%ba%d1%81%d0%b5%d1%81%d1%81%d1%83%d0%b0%d1%80%d1%8b-%d0%b4%d0%bb%d1%8f-%d0%b0%d0%b2%d1%82%d'),
(348, 'uk_UK', 'Аксесуари для авто', '', '%d0%90%d0%ba%d1%81%d0%b5%d1%81%d1%83%d0%b0%d1%80%d0%b8-%d0%b4%d0%bb%d1%8f-%d0%b0%d0%b2%d1%82%d0%be'),
(349, 'en_US', 'Motorcycle Parts', '', 'motorcycle-parts'),
(349, 'ru_RU', 'Мотозапчасти', '', '%d0%9c%d0%be%d1%82%d0%be%d0%b7%d0%b0%d0%bf%d1%87%d0%b0%d1%81%d1%82%d0%b8'),
(349, 'uk_UK', 'Мотозапчастини', '', '%d0%9c%d0%be%d1%82%d0%be%d0%b7%d0%b0%d0%bf%d1%87%d0%b0%d1%81%d1%82%d0%b8%d0%bd%d0%b8'),
(350, 'en_US', 'Spare parts for special/agricultural machinery', '', 'spare-parts-for-specialagricultural-machinery'),
(350, 'ru_RU', 'Запчасти для специальной/сельхоз- техники', '', '%d0%97%d0%b0%d0%bf%d1%87%d0%b0%d1%81%d1%82%d0%b8-%d0%b4%d0%bb%d1%8f-%d1%81%d0%bf%d0%b5%d1%86%d0%b8%d'),
(350, 'uk_UK', 'Запчастини для спеціальної/сільгосптехніки', '', '%d0%97%d0%b0%d0%bf%d1%87%d0%b0%d1%81%d1%82%d0%b8%d0%bd%d0%b8-%d0%b4%d0%bb%d1%8f-%d1%81%d0%bf%d0%b5%d'),
(351, 'en_US', 'Car Audio', '', 'car-audio'),
(351, 'ru_RU', 'Автозвук', '', '%d0%90%d0%b2%d1%82%d0%be%d0%b7%d0%b2%d1%83%d0%ba'),
(351, 'uk_UK', 'Автозвук', '', '%d0%90%d0%b2%d1%82%d0%be%d0%b7%d0%b2%d1%83%d0%ba'),
(352, 'en_US', 'Other Parts', '', 'other-parts'),
(352, 'ru_RU', 'Прочие запчасти ', '', '%d0%9f%d1%80%d0%be%d1%87%d0%b8%d0%b5-%d0%b7%d0%b0%d0%bf%d1%87%d0%b0%d1%81%d1%82%d0%b8'),
(352, 'uk_UK', 'Інші запчастини', '', '%d0%86%d0%bd%d1%88%d1%96-%d0%b7%d0%b0%d0%bf%d1%87%d0%b0%d1%81%d1%82%d0%b8%d0%bd%d0%b8'),
(353, 'en_US', 'GPS-navigators/Video registrators', '', 'gps-navigatorsvideo-registrators'),
(353, 'ru_RU', 'GPS-навигаторы/Авторегистраторы', '', 'gps-%d0%bd%d0%b0%d0%b2%d0%b8%d0%b3%d0%b0%d1%82%d0%be%d1%80%d1%8b%d0%90%d0%b2%d1%82%d0%be%d1%80%d0%b5'),
(353, 'uk_UK', 'GPS-навігатори/Авторегістратори', '', 'gps-%d0%bd%d0%b0%d0%b2%d1%96%d0%b3%d0%b0%d1%82%d0%be%d1%80%d0%b8%d0%90%d0%b2%d1%82%d0%be%d1%80%d0%b5'),
(354, 'en_US', 'House/Garden', '', 'housegarden'),
(354, 'ru_RU', 'Дом/Сад', '', '%d0%94%d0%be%d0%bc%d0%a1%d0%b0%d0%b4'),
(354, 'uk_UK', 'Будинок/Сад', '', '%d0%91%d1%83%d0%b4%d0%b8%d0%bd%d0%be%d0%ba%d0%a1%d0%b0%d0%b4'),
(355, 'en_US', 'Construction/Repair', '', 'constructionrepair_1'),
(355, 'ru_RU', 'Строительство/Ремонт', '', '%d0%a1%d1%82%d1%80%d0%be%d0%b8%d1%82%d0%b5%d0%bb%d1%8c%d1%81%d1%82%d0%b2%d0%be%d0%a0%d0%b5%d0%bc%d0%'),
(355, 'uk_UK', 'Будівництво/Ремонт', '', '%d0%91%d1%83%d0%b4%d1%96%d0%b2%d0%bd%d0%b8%d1%86%d1%82%d0%b2%d0%be%d0%a0%d0%b5%d0%bc%d0%be%d0%bd%d1%'),
(356, 'en_US', 'Windows/Doors', '', 'windowsdoors'),
(356, 'ru_RU', 'Окна/Двери', '', '%d0%9e%d0%ba%d0%bd%d0%b0%d0%94%d0%b2%d0%b5%d1%80%d0%b8'),
(356, 'uk_UK', 'Вікна/Двері', '', '%d0%92%d1%96%d0%ba%d0%bd%d0%b0%d0%94%d0%b2%d0%b5%d1%80%d1%96'),
(357, 'en_US', 'Glass Cutting/Mirrors', '', 'glass-cuttingmirrors'),
(357, 'ru_RU', 'Прирезка стекла/Зеркала', '', '%d0%9f%d1%80%d0%b8%d1%80%d0%b5%d0%b7%d0%ba%d0%b0-%d1%81%d1%82%d0%b5%d0%ba%d0%bb%d0%b0%d0%97%d0%b5%d1'),
(357, 'uk_UK', 'Прирізка скла/Дзеркала', '', '%d0%9f%d1%80%d0%b8%d1%80%d1%96%d0%b7%d0%ba%d0%b0-%d1%81%d0%ba%d0%bb%d0%b0%d0%94%d0%b7%d0%b5%d1%80%d0'),
(358, 'en_US', 'Electrics', '', 'electrics'),
(358, 'ru_RU', 'Электрика ', '', '%d0%ad%d0%bb%d0%b5%d0%ba%d1%82%d1%80%d0%b8%d0%ba%d0%b0'),
(358, 'uk_UK', 'Електрика', '', '%d0%95%d0%bb%d0%b5%d0%ba%d1%82%d1%80%d0%b8%d0%ba%d0%b0'),
(359, 'en_US', 'Plumbing', '', 'plumbing_1'),
(359, 'ru_RU', 'Сантехника ', '', '%d0%a1%d0%b0%d0%bd%d1%82%d0%b5%d1%85%d0%bd%d0%b8%d0%ba%d0%b0'),
(359, 'uk_UK', 'Сантехніка', '', '%d0%a1%d0%b0%d0%bd%d1%82%d0%b5%d1%85%d0%bd%d1%96%d0%ba%d0%b0'),
(360, 'en_US', 'Finishing and facing materials', '', 'finishing-and-facing-materials'),
(360, 'ru_RU', 'Отделочные и облицовочные материалы ', '', '%d0%9e%d1%82%d0%b4%d0%b5%d0%bb%d0%be%d1%87%d0%bd%d1%8b%d0%b5-%d0%b8-%d0%be%d0%b1%d0%bb%d0%b8%d1%86%d'),
(360, 'uk_UK', 'Оздоблювальні та облицювальні матеріали', '', '%d0%9e%d0%b7%d0%b4%d0%be%d0%b1%d0%bb%d1%8e%d0%b2%d0%b0%d0%bb%d1%8c%d0%bd%d1%96-%d1%82%d0%b0-%d0%be%d'),
(361, 'en_US', 'Lumber', '', 'lumber'),
(361, 'ru_RU', 'Пиломатериалы ', '', '%d0%9f%d0%b8%d0%bb%d0%be%d0%bc%d0%b0%d1%82%d0%b5%d1%80%d0%b8%d0%b0%d0%bb%d1%8b'),
(361, 'uk_UK', 'Пиломатеріали', '', '%d0%9f%d0%b8%d0%bb%d0%be%d0%bc%d0%b0%d1%82%d0%b5%d1%80%d1%96%d0%b0%d0%bb%d0%b8'),
(362, 'en_US', 'Fittings/Metal', '', 'fittingsmetal'),
(362, 'ru_RU', 'Арматура/Металлопрокат', '', '%d0%90%d1%80%d0%bc%d0%b0%d1%82%d1%83%d1%80%d0%b0%d0%9c%d0%b5%d1%82%d0%b0%d0%bb%d0%bb%d0%be%d0%bf%d1%'),
(362, 'uk_UK', 'Арматура/Металопрокат', '', '%d0%90%d1%80%d0%bc%d0%b0%d1%82%d1%83%d1%80%d0%b0%d0%9c%d0%b5%d1%82%d0%b0%d0%bb%d0%be%d0%bf%d1%80%d0%'),
(363, 'en_US', 'Metalware/Fixing', '', 'metalwarefixing'),
(363, 'ru_RU', 'Метизы/Крепеж', '', '%d0%9c%d0%b5%d1%82%d0%b8%d0%b7%d1%8b%d0%9a%d1%80%d0%b5%d0%bf%d0%b5%d0%b6'),
(363, 'uk_UK', 'Метизи/Кріплення', '', '%d0%9c%d0%b5%d1%82%d0%b8%d0%b7%d0%b8%d0%9a%d1%80%d1%96%d0%bf%d0%bb%d0%b5%d0%bd%d0%bd%d1%8f'),
(364, 'en_US', 'Hand Forging', '', 'hand-forging'),
(364, 'ru_RU', 'Ручная ковка', '', '%d0%a0%d1%83%d1%87%d0%bd%d0%b0%d1%8f-%d0%ba%d0%be%d0%b2%d0%ba%d0%b0'),
(364, 'uk_UK', 'Ручна ковка', '', '%d0%a0%d1%83%d1%87%d0%bd%d0%b0-%d0%ba%d0%be%d0%b2%d0%ba%d0%b0'),
(365, 'en_US', 'Brick/Concrete/Foam blocks', '', 'brickconcretefoam-blocks'),
(365, 'ru_RU', 'Кирпич/Бетон/Пеноблоки', '', '%d0%9a%d0%b8%d1%80%d0%bf%d0%b8%d1%87%d0%91%d0%b5%d1%82%d0%be%d0%bd%d0%9f%d0%b5%d0%bd%d0%be%d0%b1%d0%'),
(365, 'uk_UK', 'Цегла/Бетон/Піноблоки', '', '%d0%a6%d0%b5%d0%b3%d0%bb%d0%b0%d0%91%d0%b5%d1%82%d0%be%d0%bd%d0%9f%d1%96%d0%bd%d0%be%d0%b1%d0%bb%d0%'),
(366, 'en_US', 'Paints and Varnishes', '', 'paints-and-varnishes'),
(366, 'ru_RU', 'Лакокрасочные материалы', '', '%d0%9b%d0%b0%d0%ba%d0%be%d0%ba%d1%80%d0%b0%d1%81%d0%be%d1%87%d0%bd%d1%8b%d0%b5-%d0%bc%d0%b0%d1%82%d0'),
(366, 'uk_UK', 'Лакофарбові матеріали', '', '%d0%9b%d0%b0%d0%ba%d0%be%d1%84%d0%b0%d1%80%d0%b1%d0%be%d0%b2%d1%96-%d0%bc%d0%b0%d1%82%d0%b5%d1%80%d1'),
(367, 'en_US', 'Ventilation', '', 'ventilation'),
(367, 'ru_RU', 'Вентиляция ', '', '%d0%92%d0%b5%d0%bd%d1%82%d0%b8%d0%bb%d1%8f%d1%86%d0%b8%d1%8f'),
(367, 'uk_UK', 'Вентиляція', '', '%d0%92%d0%b5%d0%bd%d1%82%d0%b8%d0%bb%d1%8f%d1%86%d1%96%d1%8f'),
(368, 'en_US', 'Heating', '', 'heating'),
(368, 'ru_RU', 'Отопление ', '', '%d0%9e%d1%82%d0%be%d0%bf%d0%bb%d0%b5%d0%bd%d0%b8%d0%b5'),
(368, 'uk_UK', 'Опалення', '', '%d0%9e%d0%bf%d0%b0%d0%bb%d0%b5%d0%bd%d0%bd%d1%8f'),
(369, 'en_US', 'Furnaces and Fireplaces', '', 'furnaces-and-fireplaces'),
(369, 'ru_RU', 'Печи и камины', '', '%d0%9f%d0%b5%d1%87%d0%b8-%d0%b8-%d0%ba%d0%b0%d0%bc%d0%b8%d0%bd%d1%8b'),
(369, 'uk_UK', 'Печі і каміни', '', '%d0%9f%d0%b5%d1%87%d1%96-%d1%96-%d0%ba%d0%b0%d0%bc%d1%96%d0%bd%d0%b8'),
(370, 'en_US', 'Bathhouse/Saunas', '', 'bathhousesaunas'),
(370, 'ru_RU', 'Бани/Сауны', '', '%d0%91%d0%b0%d0%bd%d0%b8%d0%a1%d0%b0%d1%83%d0%bd%d1%8b'),
(370, 'uk_UK', 'Бані/Сауни', '', '%d0%91%d0%b0%d0%bd%d1%96%d0%a1%d0%b0%d1%83%d0%bd%d0%b8'),
(371, 'en_US', 'Pools', '', 'pools'),
(371, 'ru_RU', 'Бассейны', '', '%d0%91%d0%b0%d1%81%d1%81%d0%b5%d0%b9%d0%bd%d1%8b'),
(371, 'uk_UK', 'Басейни', '', '%d0%91%d0%b0%d1%81%d0%b5%d0%b9%d0%bd%d0%b8'),
(372, 'en_US', 'Other', '', 'other'),
(372, 'ru_RU', 'Прочие стройматериалы', '', '%d0%9f%d1%80%d0%be%d1%87%d0%b8%d0%b5-%d1%81%d1%82%d1%80%d0%be%d0%b9%d0%bc%d0%b0%d1%82%d0%b5%d1%80%d0'),
(372, 'uk_UK', 'Інші будматеріали', '', '%d0%86%d0%bd%d1%88%d1%96-%d0%b1%d1%83%d0%b4%d0%bc%d0%b0%d1%82%d0%b5%d1%80%d1%96%d0%b0%d0%bb%d0%b8'),
(373, 'en_US', 'Furniture', '', 'furniture'),
(373, 'ru_RU', 'Мебель', '', '%d0%9c%d0%b5%d0%b1%d0%b5%d0%bb%d1%8c'),
(373, 'uk_UK', 'Меблі', '', '%d0%9c%d0%b5%d0%b1%d0%bb%d1%96'),
(374, 'en_US', 'Living room furniture', '', 'living-room-furniture'),
(374, 'ru_RU', 'Мебель для гостиной', '', '%d0%9c%d0%b5%d0%b1%d0%b5%d0%bb%d1%8c-%d0%b4%d0%bb%d1%8f-%d0%b3%d0%be%d1%81%d1%82%d0%b8%d0%bd%d0%be%d'),
(374, 'uk_UK', 'Меблі для вітальні', '', '%d0%9c%d0%b5%d0%b1%d0%bb%d1%96-%d0%b4%d0%bb%d1%8f-%d0%b2%d1%96%d1%82%d0%b0%d0%bb%d1%8c%d0%bd%d1%96'),
(375, 'en_US', 'Bedroom furniture', '', 'bedroom-furniture'),
(375, 'ru_RU', 'Мебель для спальни', '', '%d0%9c%d0%b5%d0%b1%d0%b5%d0%bb%d1%8c-%d0%b4%d0%bb%d1%8f-%d1%81%d0%bf%d0%b0%d0%bb%d1%8c%d0%bd%d0%b8'),
(375, 'uk_UK', 'Меблі для спальні', '', '%d0%9c%d0%b5%d0%b1%d0%bb%d1%96-%d0%b4%d0%bb%d1%8f-%d1%81%d0%bf%d0%b0%d0%bb%d1%8c%d0%bd%d1%96'),
(376, 'en_US', 'Custom-made furniture', '', 'custom-made-furniture'),
(376, 'ru_RU', 'Мебель на заказ ', '', '%d0%9c%d0%b5%d0%b1%d0%b5%d0%bb%d1%8c-%d0%bd%d0%b0-%d0%b7%d0%b0%d0%ba%d0%b0%d0%b7'),
(376, 'uk_UK', 'Меблі на замовлення', '', '%d0%9c%d0%b5%d0%b1%d0%bb%d1%96-%d0%bd%d0%b0-%d0%b7%d0%b0%d0%bc%d0%be%d0%b2%d0%bb%d0%b5%d0%bd%d0%bd%d'),
(377, 'en_US', 'Office furniture', '', 'office-furniture'),
(377, 'ru_RU', 'Офисная мебель', '', '%d0%9e%d1%84%d0%b8%d1%81%d0%bd%d0%b0%d1%8f-%d0%bc%d0%b5%d0%b1%d0%b5%d0%bb%d1%8c'),
(377, 'uk_UK', 'Офісні меблі', '', '%d0%9e%d1%84%d1%96%d1%81%d0%bd%d1%96-%d0%bc%d0%b5%d0%b1%d0%bb%d1%96'),
(378, 'en_US', 'Kitchen furniture', '', 'kitchen-furniture'),
(378, 'ru_RU', 'Кухонная мебель', '', '%d0%9a%d1%83%d1%85%d0%be%d0%bd%d0%bd%d0%b0%d1%8f-%d0%bc%d0%b5%d0%b1%d0%b5%d0%bb%d1%8c'),
(378, 'uk_UK', 'Кухонні меблі', '', '%d0%9a%d1%83%d1%85%d0%be%d0%bd%d0%bd%d1%96-%d0%bc%d0%b5%d0%b1%d0%bb%d1%96'),
(379, 'en_US', 'Hallway furniture', '', 'hallway-furniture'),
(379, 'ru_RU', 'Мебель для прихожей', '', '%d0%9c%d0%b5%d0%b1%d0%b5%d0%bb%d1%8c-%d0%b4%d0%bb%d1%8f-%d0%bf%d1%80%d0%b8%d1%85%d0%be%d0%b6%d0%b5%d'),
(379, 'uk_UK', 'Меблі для передпокою', '', '%d0%9c%d0%b5%d0%b1%d0%bb%d1%96-%d0%b4%d0%bb%d1%8f-%d0%bf%d0%b5%d1%80%d0%b5%d0%b4%d0%bf%d0%be%d0%ba%d'),
(380, 'en_US', 'Bathroom Furniture', '', 'bathroom-furniture'),
(380, 'ru_RU', 'Мебель для ванной комнаты', '', '%d0%9c%d0%b5%d0%b1%d0%b5%d0%bb%d1%8c-%d0%b4%d0%bb%d1%8f-%d0%b2%d0%b0%d0%bd%d0%bd%d0%be%d0%b9-%d0%ba%'),
(380, 'uk_UK', 'Меблі для ванної кімнати', '', '%d0%9c%d0%b5%d0%b1%d0%bb%d1%96-%d0%b4%d0%bb%d1%8f-%d0%b2%d0%b0%d0%bd%d0%bd%d0%be%d1%97-%d0%ba%d1%96%'),
(381, 'en_US', 'Crockery/Kitchenware', '', 'crockerykitchenware'),
(381, 'ru_RU', 'Посуда/Кухонная утварь', '', '%d0%9f%d0%be%d1%81%d1%83%d0%b4%d0%b0%d0%9a%d1%83%d1%85%d0%be%d0%bd%d0%bd%d0%b0%d1%8f-%d1%83%d1%82%d0'),
(381, 'uk_UK', 'Посуд/Кухонне приладдя', '', '%d0%9f%d0%be%d1%81%d1%83%d0%b4%d0%9a%d1%83%d1%85%d0%be%d0%bd%d0%bd%d0%b5-%d0%bf%d1%80%d0%b8%d0%bb%d0'),
(382, 'en_US', 'Household chemicals', '', 'household-chemicals'),
(382, 'ru_RU', 'Бытовая химия', '', '%d0%91%d1%8b%d1%82%d0%be%d0%b2%d0%b0%d1%8f-%d1%85%d0%b8%d0%bc%d0%b8%d1%8f'),
(382, 'uk_UK', 'Побутова хімія', '', '%d0%9f%d0%be%d0%b1%d1%83%d1%82%d0%be%d0%b2%d0%b0-%d1%85%d1%96%d0%bc%d1%96%d1%8f'),
(383, 'en_US', 'Tools', '', 'tools'),
(383, 'ru_RU', 'Инструменты', '', '%d0%98%d0%bd%d1%81%d1%82%d1%80%d1%83%d0%bc%d0%b5%d0%bd%d1%82%d1%8b'),
(383, 'uk_UK', 'Інструменти', '', '%d0%86%d0%bd%d1%81%d1%82%d1%80%d1%83%d0%bc%d0%b5%d0%bd%d1%82%d0%b8'),
(384, 'en_US', 'Power Tools', '', 'power-tools'),
(384, 'ru_RU', 'Электроинструмент', '', '%d0%ad%d0%bb%d0%b5%d0%ba%d1%82%d1%80%d0%be%d0%b8%d0%bd%d1%81%d1%82%d1%80%d1%83%d0%bc%d0%b5%d0%bd%d1%'),
(384, 'uk_UK', 'Електроінструмент', '', '%d0%95%d0%bb%d0%b5%d0%ba%d1%82%d1%80%d0%be%d1%96%d0%bd%d1%81%d1%82%d1%80%d1%83%d0%bc%d0%b5%d0%bd%d1%'),
(385, 'en_US', 'Hand Tools', '', 'hand-tools'),
(385, 'ru_RU', 'Ручной инструмент', '', '%d0%a0%d1%83%d1%87%d0%bd%d0%be%d0%b9-%d0%b8%d0%bd%d1%81%d1%82%d1%80%d1%83%d0%bc%d0%b5%d0%bd%d1%82'),
(385, 'uk_UK', 'Ручний інструмент', '', '%d0%a0%d1%83%d1%87%d0%bd%d0%b8%d0%b9-%d1%96%d0%bd%d1%81%d1%82%d1%80%d1%83%d0%bc%d0%b5%d0%bd%d1%82'),
(386, 'en_US', 'Pneumatic Tools', '', 'pneumatic-tools'),
(386, 'ru_RU', 'Пневмоинструмент ', '', '%d0%9f%d0%bd%d0%b5%d0%b2%d0%bc%d0%be%d0%b8%d0%bd%d1%81%d1%82%d1%80%d1%83%d0%bc%d0%b5%d0%bd%d1%82'),
(386, 'uk_UK', 'Пневмоінструмент', '', '%d0%9f%d0%bd%d0%b5%d0%b2%d0%bc%d0%be%d1%96%d0%bd%d1%81%d1%82%d1%80%d1%83%d0%bc%d0%b5%d0%bd%d1%82'),
(387, 'en_US', 'Gasoline Tools', '', 'gasoline-tools'),
(387, 'ru_RU', 'Бензоинструмент', '', '%d0%91%d0%b5%d0%bd%d0%b7%d0%be%d0%b8%d0%bd%d1%81%d1%82%d1%80%d1%83%d0%bc%d0%b5%d0%bd%d1%82'),
(387, 'uk_UK', 'Бензоінструмент', '', '%d0%91%d0%b5%d0%bd%d0%b7%d0%be%d1%96%d0%bd%d1%81%d1%82%d1%80%d1%83%d0%bc%d0%b5%d0%bd%d1%82'),
(388, 'en_US', 'Other', '', 'other_1'),
(388, 'ru_RU', 'Прочий инструмент', '', '%d0%9f%d1%80%d0%be%d1%87%d0%b8%d0%b9-%d0%b8%d0%bd%d1%81%d1%82%d1%80%d1%83%d0%bc%d0%b5%d0%bd%d1%82'),
(388, 'uk_UK', 'Інший інструмент', '', '%d0%86%d0%bd%d1%88%d0%b8%d0%b9-%d1%96%d0%bd%d1%81%d1%82%d1%80%d1%83%d0%bc%d0%b5%d0%bd%d1%82'),
(389, 'en_US', 'Interior Decorations', '', 'interior-decorations'),
(389, 'ru_RU', 'Предметы интерьера', '', '%d0%9f%d1%80%d0%b5%d0%b4%d0%bc%d0%b5%d1%82%d1%8b-%d0%b8%d0%bd%d1%82%d0%b5%d1%80%d1%8c%d0%b5%d1%80%d0'),
(389, 'uk_UK', 'Предмети інтер''єру', '', '%d0%9f%d1%80%d0%b5%d0%b4%d0%bc%d0%b5%d1%82%d0%b8-%d1%96%d0%bd%d1%82%d0%b5%d1%80-%d1%94%d1%80%d1%83'),
(390, 'en_US', 'Lamps', '', 'lamps'),
(390, 'ru_RU', 'Светильники', '', '%d0%a1%d0%b2%d0%b5%d1%82%d0%b8%d0%bb%d1%8c%d0%bd%d0%b8%d0%ba%d0%b8'),
(390, 'uk_UK', 'Світильники', '', '%d0%a1%d0%b2%d1%96%d1%82%d0%b8%d0%bb%d1%8c%d0%bd%d0%b8%d0%ba%d0%b8'),
(391, 'en_US', 'Window Dressing', '', 'window-dressing'),
(391, 'ru_RU', 'Декорирование окон', '', '%d0%94%d0%b5%d0%ba%d0%be%d1%80%d0%b8%d1%80%d0%be%d0%b2%d0%b0%d0%bd%d0%b8%d0%b5-%d0%be%d0%ba%d0%be%d0'),
(391, 'uk_UK', 'Декорування вікон', '', '%d0%94%d0%b5%d0%ba%d0%be%d1%80%d1%83%d0%b2%d0%b0%d0%bd%d0%bd%d1%8f-%d0%b2%d1%96%d0%ba%d0%be%d0%bd'),
(392, 'en_US', 'Home textiles', '', 'home-textiles'),
(392, 'ru_RU', 'Домашний текстиль', '', '%d0%94%d0%be%d0%bc%d0%b0%d1%88%d0%bd%d0%b8%d0%b9-%d1%82%d0%b5%d0%ba%d1%81%d1%82%d0%b8%d0%bb%d1%8c'),
(392, 'uk_UK', 'Домашній текстиль', '', '%d0%94%d0%be%d0%bc%d0%b0%d1%88%d0%bd%d1%96%d0%b9-%d1%82%d0%b5%d0%ba%d1%81%d1%82%d0%b8%d0%bb%d1%8c'),
(393, 'en_US', 'Other household goods', '', 'other-household-goods'),
(393, 'ru_RU', 'Прочие товары для дома', '', '%d0%9f%d1%80%d0%be%d1%87%d0%b8%d0%b5-%d1%82%d0%be%d0%b2%d0%b0%d1%80%d1%8b-%d0%b4%d0%bb%d1%8f-%d0%b4%'),
(393, 'uk_UK', 'Інші товари для дому', '', '%d0%86%d0%bd%d1%88%d1%96-%d1%82%d0%be%d0%b2%d0%b0%d1%80%d0%b8-%d0%b4%d0%bb%d1%8f-%d0%b4%d0%be%d0%bc%'),
(394, 'en_US', 'Garden', '', 'garden'),
(394, 'ru_RU', 'Сад/Огород', '', '%d0%a1%d0%b0%d0%b4%d0%9e%d0%b3%d0%be%d1%80%d0%be%d0%b4'),
(394, 'uk_UK', 'Сад/Город', '', '%d0%a1%d0%b0%d0%b4%d0%93%d0%be%d1%80%d0%be%d0%b4'),
(395, 'en_US', 'Garden tools', '', 'garden-tools'),
(395, 'ru_RU', 'Садовый инвентарь ', '', '%d0%a1%d0%b0%d0%b4%d0%be%d0%b2%d1%8b%d0%b9-%d0%b8%d0%bd%d0%b2%d0%b5%d0%bd%d1%82%d0%b0%d1%80%d1%8c'),
(395, 'uk_UK', 'Садовий інвентар', '', '%d0%a1%d0%b0%d0%b4%d0%be%d0%b2%d0%b8%d0%b9-%d1%96%d0%bd%d0%b2%d0%b5%d0%bd%d1%82%d0%b0%d1%80'),
(396, 'en_US', 'Fertilizers', '', 'fertilizers'),
(396, 'ru_RU', 'Удобрения', '', '%d0%a3%d0%b4%d0%be%d0%b1%d1%80%d0%b5%d0%bd%d0%b8%d1%8f'),
(396, 'uk_UK', 'Добрива', '', '%d0%94%d0%be%d0%b1%d1%80%d0%b8%d0%b2%d0%b0'),
(397, 'en_US', 'Houseplants', '', 'houseplants'),
(397, 'ru_RU', 'Комнатные растения', '', '%d0%9a%d0%be%d0%bc%d0%bd%d0%b0%d1%82%d0%bd%d1%8b%d0%b5-%d1%80%d0%b0%d1%81%d1%82%d0%b5%d0%bd%d0%b8%d1'),
(397, 'uk_UK', 'Кімнатні рослини', '', '%d0%9a%d1%96%d0%bc%d0%bd%d0%b0%d1%82%d0%bd%d1%96-%d1%80%d0%be%d1%81%d0%bb%d0%b8%d0%bd%d0%b8'),
(398, 'en_US', 'Seeds/Saplings', '', 'seedssaplings'),
(398, 'ru_RU', 'Семена/Саженцы', '', '%d0%a1%d0%b5%d0%bc%d0%b5%d0%bd%d0%b0%d0%a1%d0%b0%d0%b6%d0%b5%d0%bd%d1%86%d1%8b'),
(398, 'uk_UK', 'Насіння/Саджанці', '', '%d0%9d%d0%b0%d1%81%d1%96%d0%bd%d0%bd%d1%8f%d0%a1%d0%b0%d0%b4%d0%b6%d0%b0%d0%bd%d1%86%d1%96'),
(399, 'en_US', 'Electronics', '', 'electronics_1'),
(399, 'ru_RU', 'Электроника', '', '%d0%ad%d0%bb%d0%b5%d0%ba%d1%82%d1%80%d0%be%d0%bd%d0%b8%d0%ba%d0%b0'),
(399, 'uk_UK', 'Електроніка', '', '%d0%95%d0%bb%d0%b5%d0%ba%d1%82%d1%80%d0%be%d0%bd%d1%96%d0%ba%d0%b0'),
(400, 'en_US', 'Telephones', '', 'telephones'),
(400, 'ru_RU', 'Телефоны ', '', '%d0%a2%d0%b5%d0%bb%d0%b5%d1%84%d0%be%d0%bd%d1%8b'),
(400, 'uk_UK', 'Телефони', '', '%d0%a2%d0%b5%d0%bb%d0%b5%d1%84%d0%be%d0%bd%d0%b8'),
(401, 'en_US', 'Cell phones', '', 'cell-phones'),
(401, 'ru_RU', 'Мобильные телефоны ', '', '%d0%9c%d0%be%d0%b1%d0%b8%d0%bb%d1%8c%d0%bd%d1%8b%d0%b5-%d1%82%d0%b5%d0%bb%d0%b5%d1%84%d0%be%d0%bd%d1'),
(401, 'uk_UK', 'Мобільні телефони', '', '%d0%9c%d0%be%d0%b1%d1%96%d0%bb%d1%8c%d0%bd%d1%96-%d1%82%d0%b5%d0%bb%d0%b5%d1%84%d0%be%d0%bd%d0%b8'),
(402, 'en_US', 'Accessories/Spare Parts', '', 'accessoriesspare-parts'),
(402, 'ru_RU', 'Аксессуары/Запчасти ', '', '%d0%90%d0%ba%d1%81%d0%b5%d1%81%d1%81%d1%83%d0%b0%d1%80%d1%8b%d0%97%d0%b0%d0%bf%d1%87%d0%b0%d1%81%d1%'),
(402, 'uk_UK', 'Аксесуари/Запчастини', '', '%d0%90%d0%ba%d1%81%d0%b5%d1%81%d1%83%d0%b0%d1%80%d0%b8%d0%97%d0%b0%d0%bf%d1%87%d0%b0%d1%81%d1%82%d0%'),
(403, 'en_US', 'Fixed Phones', '', 'fixed-phones'),
(403, 'ru_RU', 'Стационарные телефоны ', '', '%d0%a1%d1%82%d0%b0%d1%86%d0%b8%d0%be%d0%bd%d0%b0%d1%80%d0%bd%d1%8b%d0%b5-%d1%82%d0%b5%d0%bb%d0%b5%d1'),
(403, 'uk_UK', 'Стаціонарні телефони', '', '%d0%a1%d1%82%d0%b0%d1%86%d1%96%d0%be%d0%bd%d0%b0%d1%80%d0%bd%d1%96-%d1%82%d0%b5%d0%bb%d0%b5%d1%84%d0'),
(404, 'en_US', 'SIM card/Tariffs/Numbers', '', 'sim-cardtariffsnumbers'),
(404, 'ru_RU', 'Сим-карты/Тарифы/ Номера', '', '%d0%a1%d0%b8%d0%bc-%d0%ba%d0%b0%d1%80%d1%82%d1%8b%d0%a2%d0%b0%d1%80%d0%b8%d1%84%d1%8b-%d0%9d%d0%be%d'),
(404, 'uk_UK', 'Сім-карти/Тарифи/Номери', '', '%d0%a1%d1%96%d0%bc-%d0%ba%d0%b0%d1%80%d1%82%d0%b8%d0%a2%d0%b0%d1%80%d0%b8%d1%84%d0%b8%d0%9d%d0%be%d0'),
(405, 'en_US', 'Other Phones', '', 'other-phones'),
(405, 'ru_RU', 'Прочие телефоны ', '', '%d0%9f%d1%80%d0%be%d1%87%d0%b8%d0%b5-%d1%82%d0%b5%d0%bb%d0%b5%d1%84%d0%be%d0%bd%d1%8b'),
(405, 'uk_UK', 'Інші телефони', '', '%d0%86%d0%bd%d1%88%d1%96-%d1%82%d0%b5%d0%bb%d0%b5%d1%84%d0%be%d0%bd%d0%b8'),
(406, 'en_US', 'Repair/Firmware', '', 'repairfirmware'),
(406, 'ru_RU', 'Ремонт/Перепрошивка', '', '%d0%a0%d0%b5%d0%bc%d0%be%d0%bd%d1%82%d0%9f%d0%b5%d1%80%d0%b5%d0%bf%d1%80%d0%be%d1%88%d0%b8%d0%b2%d0%'),
(406, 'uk_UK', 'Ремонт/Перепрошивка', '', '%d0%a0%d0%b5%d0%bc%d0%be%d0%bd%d1%82%d0%9f%d0%b5%d1%80%d0%b5%d0%bf%d1%80%d0%be%d1%88%d0%b8%d0%b2%d0%'),
(407, 'en_US', 'Computers', '', 'computers'),
(407, 'ru_RU', 'Компьютеры', '', '%d0%9a%d0%be%d0%bc%d0%bf%d1%8c%d1%8e%d1%82%d0%b5%d1%80%d1%8b'),
(407, 'uk_UK', 'Комп''ютери', '', '%d0%9a%d0%be%d0%bc%d0%bf-%d1%8e%d1%82%d0%b5%d1%80%d0%b8'),
(408, 'en_US', 'Component parts', '', 'component-parts'),
(408, 'ru_RU', 'Комплектующие', '', '%d0%9a%d0%be%d0%bc%d0%bf%d0%bb%d0%b5%d0%ba%d1%82%d1%83%d1%8e%d1%89%d0%b8%d0%b5'),
(408, 'uk_UK', 'Комплектуючі', '', '%d0%9a%d0%be%d0%bc%d0%bf%d0%bb%d0%b5%d0%ba%d1%82%d1%83%d1%8e%d1%87%d1%96'),
(409, 'en_US', 'Peripherals', '', 'peripherals'),
(409, 'ru_RU', 'Периферийные устройства', '', '%d0%9f%d0%b5%d1%80%d0%b8%d1%84%d0%b5%d1%80%d0%b8%d0%b9%d0%bd%d1%8b%d0%b5-%d1%83%d1%81%d1%82%d1%80%d0'),
(409, 'uk_UK', 'Периферійні пристрої', '', '%d0%9f%d0%b5%d1%80%d0%b8%d1%84%d0%b5%d1%80%d1%96%d0%b9%d0%bd%d1%96-%d0%bf%d1%80%d0%b8%d1%81%d1%82%d1'),
(410, 'en_US', 'Laptops', '', 'laptops'),
(410, 'ru_RU', 'Ноутбуки ', '', '%d0%9d%d0%be%d1%83%d1%82%d0%b1%d1%83%d0%ba%d0%b8'),
(410, 'uk_UK', 'Ноутбуки', '', '%d0%9d%d0%be%d1%83%d1%82%d0%b1%d1%83%d0%ba%d0%b8'),
(411, 'en_US', 'Tablet computers', '', 'tablet-computers'),
(411, 'ru_RU', 'Планшетные компьютеры', '', '%d0%9f%d0%bb%d0%b0%d0%bd%d1%88%d0%b5%d1%82%d0%bd%d1%8b%d0%b5-%d0%ba%d0%be%d0%bc%d0%bf%d1%8c%d1%8e%d1'),
(411, 'uk_UK', 'Планшетні комп''ютери', '', '%d0%9f%d0%bb%d0%b0%d0%bd%d1%88%d0%b5%d1%82%d0%bd%d1%96-%d0%ba%d0%be%d0%bc%d0%bf-%d1%8e%d1%82%d0%b5%d'),
(412, 'en_US', 'Accessories', '', 'accessories_2'),
(412, 'ru_RU', 'Аксессуары ', '', '%d0%90%d0%ba%d1%81%d0%b5%d1%81%d1%81%d1%83%d0%b0%d1%80%d1%8b'),
(412, 'uk_UK', 'Аксесуари', '', '%d0%90%d0%ba%d1%81%d0%b5%d1%81%d1%83%d0%b0%d1%80%d0%b8'),
(413, 'en_US', 'Desktop', '', 'desktop'),
(413, 'ru_RU', 'Настольные ', '', '%d0%9d%d0%b0%d1%81%d1%82%d0%be%d0%bb%d1%8c%d0%bd%d1%8b%d0%b5'),
(413, 'uk_UK', 'Настільні', '', '%d0%9d%d0%b0%d1%81%d1%82%d1%96%d0%bb%d1%8c%d0%bd%d1%96'),
(414, 'en_US', 'Monitors', '', 'monitors'),
(414, 'ru_RU', 'Мониторы', '', '%d0%9c%d0%be%d0%bd%d0%b8%d1%82%d0%be%d1%80%d1%8b'),
(414, 'uk_UK', 'Монітори', '', '%d0%9c%d0%be%d0%bd%d1%96%d1%82%d0%be%d1%80%d0%b8'),
(415, 'en_US', 'Consumables', '', 'consumables_1'),
(415, 'ru_RU', 'Расходные материалы ', '', '%d0%a0%d0%b0%d1%81%d1%85%d0%be%d0%b4%d0%bd%d1%8b%d0%b5-%d0%bc%d0%b0%d1%82%d0%b5%d1%80%d0%b8%d0%b0%d0'),
(415, 'uk_UK', 'Витратні матеріали', '', '%d0%92%d0%b8%d1%82%d1%80%d0%b0%d1%82%d0%bd%d1%96-%d0%bc%d0%b0%d1%82%d0%b5%d1%80%d1%96%d0%b0%d0%bb%d0'),
(416, 'en_US', 'Data Storage', '', 'data-storage'),
(416, 'ru_RU', 'Внешние накопители', '', '%d0%92%d0%bd%d0%b5%d1%88%d0%bd%d0%b8%d0%b5-%d0%bd%d0%b0%d0%ba%d0%be%d0%bf%d0%b8%d1%82%d0%b5%d0%bb%d0'),
(416, 'uk_UK', 'Зовнішні накопичувачі', '', '%d0%97%d0%be%d0%b2%d0%bd%d1%96%d1%88%d0%bd%d1%96-%d0%bd%d0%b0%d0%ba%d0%be%d0%bf%d0%b8%d1%87%d1%83%d0'),
(417, 'en_US', 'Servers', '', 'servers'),
(417, 'ru_RU', 'Серверы ', '', '%d0%a1%d0%b5%d1%80%d0%b2%d0%b5%d1%80%d1%8b'),
(417, 'uk_UK', 'Сервери', '', '%d0%a1%d0%b5%d1%80%d0%b2%d0%b5%d1%80%d0%b8'),
(418, 'en_US', 'Other', '', 'other_2'),
(418, 'ru_RU', 'Другое', '', '%d0%94%d1%80%d1%83%d0%b3%d0%be%d0%b5'),
(418, 'uk_UK', 'Інше', '', '%d0%86%d0%bd%d1%88%d0%b5'),
(419, 'en_US', 'Photo/Video', '', 'photovideo'),
(419, 'ru_RU', 'Фото/Видео', '', '%d0%a4%d0%be%d1%82%d0%be%d0%92%d0%b8%d0%b4%d0%b5%d0%be'),
(419, 'uk_UK', 'Фото/Відео', '', '%d0%a4%d0%be%d1%82%d0%be%d0%92%d1%96%d0%b4%d0%b5%d0%be'),
(420, 'en_US', 'Digital cameras', '', 'digital-cameras'),
(420, 'ru_RU', 'Цифровые фотоаппараты', '', '%d0%a6%d0%b8%d1%84%d1%80%d0%be%d0%b2%d1%8b%d0%b5-%d1%84%d0%be%d1%82%d0%be%d0%b0%d0%bf%d0%bf%d0%b0%d1'),
(420, 'uk_UK', 'Цифрові фотоапарати', '', '%d0%a6%d0%b8%d1%84%d1%80%d0%be%d0%b2%d1%96-%d1%84%d0%be%d1%82%d0%be%d0%b0%d0%bf%d0%b0%d1%80%d0%b0%d1'),
(421, 'en_US', 'Film cameras', '', 'film-cameras'),
(421, 'ru_RU', 'Пленочные фотоаппараты', '', '%d0%9f%d0%bb%d0%b5%d0%bd%d0%be%d1%87%d0%bd%d1%8b%d0%b5-%d1%84%d0%be%d1%82%d0%be%d0%b0%d0%bf%d0%bf%d0'),
(421, 'uk_UK', 'Плівкові фотоапарати', '', '%d0%9f%d0%bb%d1%96%d0%b2%d0%ba%d0%be%d0%b2%d1%96-%d1%84%d0%be%d1%82%d0%be%d0%b0%d0%bf%d0%b0%d1%80%d0'),
(422, 'en_US', 'Camcorders', '', 'camcorders'),
(422, 'ru_RU', 'Видеокамеры', '', '%d0%92%d0%b8%d0%b4%d0%b5%d0%be%d0%ba%d0%b0%d0%bc%d0%b5%d1%80%d1%8b'),
(422, 'uk_UK', 'Відеокамери', '', '%d0%92%d1%96%d0%b4%d0%b5%d0%be%d0%ba%d0%b0%d0%bc%d0%b5%d1%80%d0%b8'),
(423, 'en_US', 'Action Camera', '', 'action-camera'),
(423, 'ru_RU', 'Экшен-камеры', '', '%d0%ad%d0%ba%d1%88%d0%b5%d0%bd-%d0%ba%d0%b0%d0%bc%d0%b5%d1%80%d1%8b'),
(423, 'uk_UK', 'Екшен-камери', '', '%d0%95%d0%ba%d1%88%d0%b5%d0%bd-%d0%ba%d0%b0%d0%bc%d0%b5%d1%80%d0%b8'),
(424, 'en_US', 'Accessories for cameras', '', 'accessories-for-cameras'),
(424, 'ru_RU', 'Аксессуары для фото/ Видеокамер ', '', '%d0%90%d0%ba%d1%81%d0%b5%d1%81%d1%81%d1%83%d0%b0%d1%80%d1%8b-%d0%b4%d0%bb%d1%8f-%d1%84%d0%be%d1%82%d'),
(424, 'uk_UK', 'Аксесуари для фото/відеокамер', '', '%d0%90%d0%ba%d1%81%d0%b5%d1%81%d1%83%d0%b0%d1%80%d0%b8-%d0%b4%d0%bb%d1%8f-%d1%84%d0%be%d1%82%d0%be%d'),
(425, 'en_US', 'Lenses', '', 'lenses'),
(425, 'ru_RU', 'Объективы', '', '%d0%9e%d0%b1%d1%8a%d0%b5%d0%ba%d1%82%d0%b8%d0%b2%d1%8b'),
(425, 'uk_UK', 'Об''єктиви', '', '%d0%9e%d0%b1-%d1%94%d0%ba%d1%82%d0%b8%d0%b2%d0%b8'),
(426, 'en_US', 'Tripods/Monopods/Belts', '', 'tripodsmonopodsbelts'),
(426, 'ru_RU', 'Штативы/Моноподы/Пояса', '', '%d0%a8%d1%82%d0%b0%d1%82%d0%b8%d0%b2%d1%8b%d0%9c%d0%be%d0%bd%d0%be%d0%bf%d0%be%d0%b4%d1%8b%d0%9f%d0%'),
(426, 'uk_UK', 'Штативи/Моноподи/Пояси', '', '%d0%a8%d1%82%d0%b0%d1%82%d0%b8%d0%b2%d0%b8%d0%9c%d0%be%d0%bd%d0%be%d0%bf%d0%be%d0%b4%d0%b8%d0%9f%d0%'),
(427, 'en_US', 'Binoculars/Telescopes', '', 'binocularstelescopes'),
(427, 'ru_RU', 'Бинокли/Телескопы ', '', '%d0%91%d0%b8%d0%bd%d0%be%d0%ba%d0%bb%d0%b8%d0%a2%d0%b5%d0%bb%d0%b5%d1%81%d0%ba%d0%be%d0%bf%d1%8b'),
(427, 'uk_UK', 'Біноклі/Телескопи', '', '%d0%91%d1%96%d0%bd%d0%be%d0%ba%d0%bb%d1%96%d0%a2%d0%b5%d0%bb%d0%b5%d1%81%d0%ba%d0%be%d0%bf%d0%b8'),
(428, 'en_US', 'Flash Camera', '', 'flash-camera'),
(428, 'ru_RU', 'Фотовспышки', '', '%d0%a4%d0%be%d1%82%d0%be%d0%b2%d1%81%d0%bf%d1%8b%d1%88%d0%ba%d0%b8'),
(428, 'uk_UK', 'Фотоспалахи', '', '%d0%a4%d0%be%d1%82%d0%be%d1%81%d0%bf%d0%b0%d0%bb%d0%b0%d1%85%d0%b8'),
(429, 'en_US', 'Accessories&amp;Components', '', 'accessoriescomponents'),
(429, 'ru_RU', 'Аксессуары и комплектующие', '', '%d0%90%d0%ba%d1%81%d0%b5%d1%81%d1%81%d1%83%d0%b0%d1%80%d1%8b-%d0%b8-%d0%ba%d0%be%d0%bc%d0%bf%d0%bb%d'),
(429, 'uk_UK', 'Аксесуари та комплектуючі', '', '%d0%90%d0%ba%d1%81%d0%b5%d1%81%d1%83%d0%b0%d1%80%d0%b8-%d1%82%d0%b0-%d0%ba%d0%be%d0%bc%d0%bf%d0%bb%d'),
(430, 'en_US', 'Audio', '', 'audio'),
(430, 'ru_RU', 'Аудиотехника', '', '%d0%90%d1%83%d0%b4%d0%b8%d0%be%d1%82%d0%b5%d1%85%d0%bd%d0%b8%d0%ba%d0%b0'),
(430, 'uk_UK', 'Аудіотехніка', '', '%d0%90%d1%83%d0%b4%d1%96%d0%be%d1%82%d0%b5%d1%85%d0%bd%d1%96%d0%ba%d0%b0'),
(431, 'en_US', 'Acustic systems', '', 'acustic-systems'),
(431, 'ru_RU', 'Акустические системы ', '', '%d0%90%d0%ba%d1%83%d1%81%d1%82%d0%b8%d1%87%d0%b5%d1%81%d0%ba%d0%b8%d0%b5-%d1%81%d0%b8%d1%81%d1%82%d0'),
(431, 'uk_UK', 'Акустичні системи', '', '%d0%90%d0%ba%d1%83%d1%81%d1%82%d0%b8%d1%87%d0%bd%d1%96-%d1%81%d0%b8%d1%81%d1%82%d0%b5%d0%bc%d0%b8'),
(432, 'en_US', 'Headphones', '', 'headphones'),
(432, 'ru_RU', 'Наушники ', '', '%d0%9d%d0%b0%d1%83%d1%88%d0%bd%d0%b8%d0%ba%d0%b8'),
(432, 'uk_UK', 'Навушники', '', '%d0%9d%d0%b0%d0%b2%d1%83%d1%88%d0%bd%d0%b8%d0%ba%d0%b8'),
(433, 'en_US', 'Other Audio', '', 'other-audio'),
(433, 'ru_RU', 'Прочая аудиотехника ', '', '%d0%9f%d1%80%d0%be%d1%87%d0%b0%d1%8f-%d0%b0%d1%83%d0%b4%d0%b8%d0%be%d1%82%d0%b5%d1%85%d0%bd%d0%b8%d0'),
(433, 'uk_UK', 'Інша аудіотехніка', '', '%d0%86%d0%bd%d1%88%d0%b0-%d0%b0%d1%83%d0%b4%d1%96%d0%be%d1%82%d0%b5%d1%85%d0%bd%d1%96%d0%ba%d0%b0'),
(434, 'en_US', 'Mp3 Players', '', 'mp3-players'),
(434, 'ru_RU', 'Mp3 плееры ', '', 'mp3-%d0%bf%d0%bb%d0%b5%d0%b5%d1%80%d1%8b'),
(434, 'uk_UK', 'Mp3 плеєри', '', 'mp3-%d0%bf%d0%bb%d0%b5%d1%94%d1%80%d0%b8'),
(435, 'en_US', 'Receivers', '', 'receivers'),
(435, 'ru_RU', 'Магнитолы', '', '%d0%9c%d0%b0%d0%b3%d0%bd%d0%b8%d1%82%d0%be%d0%bb%d1%8b'),
(435, 'uk_UK', 'Магнітоли', '', '%d0%9c%d0%b0%d0%b3%d0%bd%d1%96%d1%82%d0%be%d0%bb%d0%b8'),
(436, 'en_US', 'Radios', '', 'radios'),
(436, 'ru_RU', 'Радиоприемники', '', '%d0%a0%d0%b0%d0%b4%d0%b8%d0%be%d0%bf%d1%80%d0%b8%d0%b5%d0%bc%d0%bd%d0%b8%d0%ba%d0%b8'),
(436, 'uk_UK', 'Радіоприймачі', '', '%d0%a0%d0%b0%d0%b4%d1%96%d0%be%d0%bf%d1%80%d0%b8%d0%b9%d0%bc%d0%b0%d1%87%d1%96'),
(437, 'en_US', 'Amplifiers', '', 'amplifiers'),
(437, 'ru_RU', 'Усилители/ресиверы', '', '%d0%a3%d1%81%d0%b8%d0%bb%d0%b8%d1%82%d0%b5%d0%bb%d0%b8%d1%80%d0%b5%d1%81%d0%b8%d0%b2%d0%b5%d1%80%d1%'),
(437, 'uk_UK', 'Підсилювачі/ресивери', '', '%d0%9f%d1%96%d0%b4%d1%81%d0%b8%d0%bb%d1%8e%d0%b2%d0%b0%d1%87%d1%96%d1%80%d0%b5%d1%81%d0%b8%d0%b2%d0%'),
(438, 'en_US', 'Portable speakers', '', 'portable-speakers'),
(438, 'ru_RU', 'Портативная акустика', '', '%d0%9f%d0%be%d1%80%d1%82%d0%b0%d1%82%d0%b8%d0%b2%d0%bd%d0%b0%d1%8f-%d0%b0%d0%ba%d1%83%d1%81%d1%82%d0'),
(438, 'uk_UK', 'Портативна акустика', '', '%d0%9f%d0%be%d1%80%d1%82%d0%b0%d1%82%d0%b8%d0%b2%d0%bd%d0%b0-%d0%b0%d0%ba%d1%83%d1%81%d1%82%d0%b8%d0'),
(439, 'en_US', 'Stereo', '', 'stereo'),
(439, 'ru_RU', 'Музыкальные центры ', '', '%d0%9c%d1%83%d0%b7%d1%8b%d0%ba%d0%b0%d0%bb%d1%8c%d0%bd%d1%8b%d0%b5-%d1%86%d0%b5%d0%bd%d1%82%d1%80%d1'),
(439, 'uk_UK', 'Музичні центри', '', '%d0%9c%d1%83%d0%b7%d0%b8%d1%87%d0%bd%d1%96-%d1%86%d0%b5%d0%bd%d1%82%d1%80%d0%b8'),
(440, 'en_US', 'Cd/Md/Turntables', '', 'cdmdturntables'),
(440, 'ru_RU', 'Cd /Мd /Виниловые проигрыватели ', '', 'cd-%d0%9cd-%d0%92%d0%b8%d0%bd%d0%b8%d0%bb%d0%be%d0%b2%d1%8b%d0%b5-%d0%bf%d1%80%d0%be%d0%b8%d0%b3%d1%'),
(440, 'uk_UK', 'Cd/Мd/Вінілові програвачі', '', 'cd%d0%9cd%d0%92%d1%96%d0%bd%d1%96%d0%bb%d0%be%d0%b2%d1%96-%d0%bf%d1%80%d0%be%d0%b3%d1%80%d0%b0%d0%b2'),
(441, 'en_US', 'TV/Video', '', 'tvvideo'),
(441, 'ru_RU', 'ТВ/Видеотехника ', '', '%d0%a2%d0%92%d0%92%d0%b8%d0%b4%d0%b5%d0%be%d1%82%d0%b5%d1%85%d0%bd%d0%b8%d0%ba%d0%b0'),
(441, 'uk_UK', 'ТВ/Відеотехніка', '', '%d0%a2%d0%92%d0%92%d1%96%d0%b4%d0%b5%d0%be%d1%82%d0%b5%d1%85%d0%bd%d1%96%d0%ba%d0%b0'),
(442, 'en_US', 'TV', '', 'tv'),
(442, 'ru_RU', 'Телевизоры', '', '%d0%a2%d0%b5%d0%bb%d0%b5%d0%b2%d0%b8%d0%b7%d0%be%d1%80%d1%8b'),
(442, 'uk_UK', 'Телевізори', '', '%d0%a2%d0%b5%d0%bb%d0%b5%d0%b2%d1%96%d0%b7%d0%be%d1%80%d0%b8'),
(443, 'en_US', 'Accessories for TV/Video', '', 'accessories-for-tvvideo'),
(443, 'ru_RU', 'Аксессуары для ТВ/Видео', '', '%d0%90%d0%ba%d1%81%d0%b5%d1%81%d1%81%d1%83%d0%b0%d1%80%d1%8b-%d0%b4%d0%bb%d1%8f-%d0%a2%d0%92%d0%92%d'),
(443, 'uk_UK', 'Аксесуари для ТБ/Відео', '', '%d0%90%d0%ba%d1%81%d0%b5%d1%81%d1%83%d0%b0%d1%80%d0%b8-%d0%b4%d0%bb%d1%8f-%d0%a2%d0%91%d0%92%d1%96%d'),
(444, 'en_US', 'Media Players', '', 'media-players'),
(444, 'ru_RU', 'Медиа проигрыватели ', '', '%d0%9c%d0%b5%d0%b4%d0%b8%d0%b0-%d0%bf%d1%80%d0%be%d0%b8%d0%b3%d1%80%d1%8b%d0%b2%d0%b0%d1%82%d0%b5%d0'),
(444, 'uk_UK', 'Медіа програвачі', '', '%d0%9c%d0%b5%d0%b4%d1%96%d0%b0-%d0%bf%d1%80%d0%be%d0%b3%d1%80%d0%b0%d0%b2%d0%b0%d1%87%d1%96'),
(445, 'en_US', 'Other TV/Video equipment', '', 'other-tvvideo-equipment'),
(445, 'ru_RU', 'Другая ТВ/ Видеотехника', '', '%d0%94%d1%80%d1%83%d0%b3%d0%b0%d1%8f-%d0%a2%d0%92-%d0%92%d0%b8%d0%b4%d0%b5%d0%be%d1%82%d0%b5%d1%85%d'),
(445, 'uk_UK', 'Інша ТБ/Відеотехніка', '', '%d0%86%d0%bd%d1%88%d0%b0-%d0%a2%d0%91%d0%92%d1%96%d0%b4%d0%b5%d0%be%d1%82%d0%b5%d1%85%d0%bd%d1%96%d0'),
(446, 'en_US', 'Satellite TV', '', 'satellite-tv'),
(446, 'ru_RU', 'Спутниковое ТВ ', '', '%d0%a1%d0%bf%d1%83%d1%82%d0%bd%d0%b8%d0%ba%d0%be%d0%b2%d0%be%d0%b5-%d0%a2%d0%92'),
(446, 'uk_UK', 'Супутникове ТБ', '', '%d0%a1%d1%83%d0%bf%d1%83%d1%82%d0%bd%d0%b8%d0%ba%d0%be%d0%b2%d0%b5-%d0%a2%d0%91'),
(447, 'en_US', 'Other', '', 'other_3'),
(447, 'ru_RU', 'Прочая видеотехника', '', '%d0%9f%d1%80%d0%be%d1%87%d0%b0%d1%8f-%d0%b2%d0%b8%d0%b4%d0%b5%d0%be%d1%82%d0%b5%d1%85%d0%bd%d0%b8%d0'),
(447, 'uk_UK', 'Інша відеотехніка', '', '%d0%86%d0%bd%d1%88%d0%b0-%d0%b2%d1%96%d0%b4%d0%b5%d0%be%d1%82%d0%b5%d1%85%d0%bd%d1%96%d0%ba%d0%b0'),
(448, 'en_US', 'Kitchen Appliances', '', 'kitchen-appliances'),
(448, 'ru_RU', 'Техника для кухни ', '', '%d0%a2%d0%b5%d1%85%d0%bd%d0%b8%d0%ba%d0%b0-%d0%b4%d0%bb%d1%8f-%d0%ba%d1%83%d1%85%d0%bd%d0%b8'),
(448, 'uk_UK', 'Техніка для кухні', '', '%d0%a2%d0%b5%d1%85%d0%bd%d1%96%d0%ba%d0%b0-%d0%b4%d0%bb%d1%8f-%d0%ba%d1%83%d1%85%d0%bd%d1%96'),
(449, 'en_US', 'Refrigerators/Freezers', '', 'refrigeratorsfreezers'),
(449, 'ru_RU', 'Холодильники/Морозильные камеры', '', '%d0%a5%d0%be%d0%bb%d0%be%d0%b4%d0%b8%d0%bb%d1%8c%d0%bd%d0%b8%d0%ba%d0%b8%d0%9c%d0%be%d1%80%d0%be%d0%'),
(449, 'uk_UK', 'Холодильники/Морозильні камери', '', '%d0%a5%d0%be%d0%bb%d0%be%d0%b4%d0%b8%d0%bb%d1%8c%d0%bd%d0%b8%d0%ba%d0%b8%d0%9c%d0%be%d1%80%d0%be%d0%'),
(450, 'en_US', 'Stove Tops/Ovens', '', 'stove-topsovens'),
(450, 'ru_RU', 'Плиты/Печи ', '', '%d0%9f%d0%bb%d0%b8%d1%82%d1%8b%d0%9f%d0%b5%d1%87%d0%b8'),
(450, 'uk_UK', 'Плити/Печі', '', '%d0%9f%d0%bb%d0%b8%d1%82%d0%b8%d0%9f%d0%b5%d1%87%d1%96'),
(451, 'en_US', 'Coffee Machine/Coffee Grinders', '', 'coffee-machinecoffee-grinders'),
(451, 'ru_RU', 'Кофеварки/Кофемолки ', '', '%d0%9a%d0%be%d1%84%d0%b5%d0%b2%d0%b0%d1%80%d0%ba%d0%b8%d0%9a%d0%be%d1%84%d0%b5%d0%bc%d0%be%d0%bb%d0%'),
(451, 'uk_UK', 'Кавоварки/Кавомолки', '', '%d0%9a%d0%b0%d0%b2%d0%be%d0%b2%d0%b0%d1%80%d0%ba%d0%b8%d0%9a%d0%b0%d0%b2%d0%be%d0%bc%d0%be%d0%bb%d0%'),
(452, 'en_US', 'Food Processors/Choppers', '', 'food-processorschoppers'),
(452, 'ru_RU', 'Кухонные комбайны/ Измельчители ', '', '%d0%9a%d1%83%d1%85%d0%be%d0%bd%d0%bd%d1%8b%d0%b5-%d0%ba%d0%be%d0%bc%d0%b1%d0%b0%d0%b9%d0%bd%d1%8b-%d'),
(452, 'uk_UK', 'Кухонні комбайни/Подрібнювачі', '', '%d0%9a%d1%83%d1%85%d0%be%d0%bd%d0%bd%d1%96-%d0%ba%d0%be%d0%bc%d0%b1%d0%b0%d0%b9%d0%bd%d0%b8%d0%9f%d0'),
(453, 'en_US', 'Steamers/Multicookers', '', 'steamersmulticookers'),
(453, 'ru_RU', 'Пароварки/Мультиварки', '', '%d0%9f%d0%b0%d1%80%d0%be%d0%b2%d0%b0%d1%80%d0%ba%d0%b8%d0%9c%d1%83%d0%bb%d1%8c%d1%82%d0%b8%d0%b2%d0%'),
(453, 'uk_UK', 'Пароварки/Мультиварки ', '', '%d0%9f%d0%b0%d1%80%d0%be%d0%b2%d0%b0%d1%80%d0%ba%d0%b8%d0%9c%d1%83%d0%bb%d1%8c%d1%82%d0%b8%d0%b2%d0%'),
(454, 'en_US', 'Microwaves', '', 'microwaves'),
(454, 'ru_RU', 'Микроволновые печи ', '', '%d0%9c%d0%b8%d0%ba%d1%80%d0%be%d0%b2%d0%be%d0%bb%d0%bd%d0%be%d0%b2%d1%8b%d0%b5-%d0%bf%d0%b5%d1%87%d0'),
(454, 'uk_UK', 'Мікрохвильові печі', '', '%d0%9c%d1%96%d0%ba%d1%80%d0%be%d1%85%d0%b2%d0%b8%d0%bb%d1%8c%d0%be%d0%b2%d1%96-%d0%bf%d0%b5%d1%87%d1'),
(455, 'en_US', 'Kettles', '', 'kettles'),
(455, 'ru_RU', 'Электрочайники', '', '%d0%ad%d0%bb%d0%b5%d0%ba%d1%82%d1%80%d0%be%d1%87%d0%b0%d0%b9%d0%bd%d0%b8%d0%ba%d0%b8'),
(455, 'uk_UK', 'Електрочайники', '', '%d0%95%d0%bb%d0%b5%d0%ba%d1%82%d1%80%d0%be%d1%87%d0%b0%d0%b9%d0%bd%d0%b8%d0%ba%d0%b8'),
(456, 'en_US', 'Extractor Hoods', '', 'extractor-hoods'),
(456, 'ru_RU', 'Вытяжки', '', '%d0%92%d1%8b%d1%82%d1%8f%d0%b6%d0%ba%d0%b8'),
(456, 'uk_UK', 'Витяжки', '', '%d0%92%d0%b8%d1%82%d1%8f%d0%b6%d0%ba%d0%b8'),
(457, 'en_US', 'Bread Machine', '', 'bread-machine'),
(457, 'ru_RU', 'Хлебопечки', '', '%d0%a5%d0%bb%d0%b5%d0%b1%d0%be%d0%bf%d0%b5%d1%87%d0%ba%d0%b8'),
(457, 'uk_UK', 'Хлібопічки', '', '%d0%a5%d0%bb%d1%96%d0%b1%d0%be%d0%bf%d1%96%d1%87%d0%ba%d0%b8'),
(458, 'en_US', 'Dishwashers', '', 'dishwashers'),
(458, 'ru_RU', 'Посудомоечные машины ', '', '%d0%9f%d0%be%d1%81%d1%83%d0%b4%d0%be%d0%bc%d0%be%d0%b5%d1%87%d0%bd%d1%8b%d0%b5-%d0%bc%d0%b0%d1%88%d0'),
(458, 'uk_UK', 'Посудомийні машини', '', '%d0%9f%d0%be%d1%81%d1%83%d0%b4%d0%be%d0%bc%d0%b8%d0%b9%d0%bd%d1%96-%d0%bc%d0%b0%d1%88%d0%b8%d0%bd%d0'),
(459, 'en_US', 'Other', '', 'other_4'),
(459, 'ru_RU', 'Прочая техника для кухни', '', '%d0%9f%d1%80%d0%be%d1%87%d0%b0%d1%8f-%d1%82%d0%b5%d1%85%d0%bd%d0%b8%d0%ba%d0%b0-%d0%b4%d0%bb%d1%8f-%'),
(459, 'uk_UK', 'Інша техніка для кухні', '', '%d0%86%d0%bd%d1%88%d0%b0-%d1%82%d0%b5%d1%85%d0%bd%d1%96%d0%ba%d0%b0-%d0%b4%d0%bb%d1%8f-%d0%ba%d1%83%'),
(460, 'en_US', 'Home Appliances', '', 'home-appliances'),
(460, 'ru_RU', 'Техника для дома', '', '%d0%a2%d0%b5%d1%85%d0%bd%d0%b8%d0%ba%d0%b0-%d0%b4%d0%bb%d1%8f-%d0%b4%d0%be%d0%bc%d0%b0'),
(460, 'uk_UK', 'Техніка для дому', '', '%d0%a2%d0%b5%d1%85%d0%bd%d1%96%d0%ba%d0%b0-%d0%b4%d0%bb%d1%8f-%d0%b4%d0%be%d0%bc%d1%83'),
(461, 'en_US', 'Washing machines', '', 'washing-machines'),
(461, 'ru_RU', 'Стиральные машины ', '', '%d0%a1%d1%82%d0%b8%d1%80%d0%b0%d0%bb%d1%8c%d0%bd%d1%8b%d0%b5-%d0%bc%d0%b0%d1%88%d0%b8%d0%bd%d1%8b'),
(461, 'uk_UK', 'Пральні машини', '', '%d0%9f%d1%80%d0%b0%d0%bb%d1%8c%d0%bd%d1%96-%d0%bc%d0%b0%d1%88%d0%b8%d0%bd%d0%b8'),
(462, 'en_US', 'Sewing machines/Overlocks', '', 'sewing-machinesoverlocks'),
(462, 'ru_RU', 'Швейные машины/Оверлоки', '', '%d0%a8%d0%b2%d0%b5%d0%b9%d0%bd%d1%8b%d0%b5-%d0%bc%d0%b0%d1%88%d0%b8%d0%bd%d1%8b%d0%9e%d0%b2%d0%b5%d1'),
(462, 'uk_UK', 'Швейні машини/Оверлоки', '', '%d0%a8%d0%b2%d0%b5%d0%b9%d0%bd%d1%96-%d0%bc%d0%b0%d1%88%d0%b8%d0%bd%d0%b8%d0%9e%d0%b2%d0%b5%d1%80%d0'),
(463, 'en_US', 'Vacuum Cleaners', '', 'vacuum-cleaners'),
(463, 'ru_RU', 'Пылесосы', '', '%d0%9f%d1%8b%d0%bb%d0%b5%d1%81%d0%be%d1%81%d1%8b'),
(463, 'uk_UK', 'Пилосмоки', '', '%d0%9f%d0%b8%d0%bb%d0%be%d1%81%d0%bc%d0%be%d0%ba%d0%b8'),
(464, 'en_US', 'Irons', '', 'irons'),
(464, 'ru_RU', 'Утюги', '', '%d0%a3%d1%82%d1%8e%d0%b3%d0%b8'),
(464, 'uk_UK', 'Праски', '', '%d0%9f%d1%80%d0%b0%d1%81%d0%ba%d0%b8'),
(465, 'en_US', 'Water Filters ', '', 'water-filters'),
(465, 'ru_RU', 'Фильтры для воды ', '', '%d0%a4%d0%b8%d0%bb%d1%8c%d1%82%d1%80%d1%8b-%d0%b4%d0%bb%d1%8f-%d0%b2%d0%be%d0%b4%d1%8b'),
(465, 'uk_UK', 'Фільтри для води', '', '%d0%a4%d1%96%d0%bb%d1%8c%d1%82%d1%80%d0%b8-%d0%b4%d0%bb%d1%8f-%d0%b2%d0%be%d0%b4%d0%b8'),
(466, 'en_US', 'Knitting Machines', '', 'knitting-machines'),
(466, 'ru_RU', 'Вязальные машины ', '', '%d0%92%d1%8f%d0%b7%d0%b0%d0%bb%d1%8c%d0%bd%d1%8b%d0%b5-%d0%bc%d0%b0%d1%88%d0%b8%d0%bd%d1%8b'),
(466, 'uk_UK', 'В''язальні машини', '', '%d0%92-%d1%8f%d0%b7%d0%b0%d0%bb%d1%8c%d0%bd%d1%96-%d0%bc%d0%b0%d1%88%d0%b8%d0%bd%d0%b8'),
(467, 'en_US', 'Other', '', 'other_5'),
(467, 'ru_RU', 'Прочая техника для дома', '', '%d0%9f%d1%80%d0%be%d1%87%d0%b0%d1%8f-%d1%82%d0%b5%d1%85%d0%bd%d0%b8%d0%ba%d0%b0-%d0%b4%d0%bb%d1%8f-%'),
(467, 'uk_UK', 'Інша техніка для дому', '', '%d0%86%d0%bd%d1%88%d0%b0-%d1%82%d0%b5%d1%85%d0%bd%d1%96%d0%ba%d0%b0-%d0%b4%d0%bb%d1%8f-%d0%b4%d0%be%'),
(468, 'en_US', 'Hygiene/Personal Care', '', 'hygienepersonal-care'),
(468, 'ru_RU', 'Гигиена/Индивидуальный уход ', '', '%d0%93%d0%b8%d0%b3%d0%b8%d0%b5%d0%bd%d0%b0%d0%98%d0%bd%d0%b4%d0%b8%d0%b2%d0%b8%d0%b4%d1%83%d0%b0%d0%'),
(468, 'uk_UK', 'Гігієна/Індивідуальний догляд', '', '%d0%93%d1%96%d0%b3%d1%96%d1%94%d0%bd%d0%b0%d0%86%d0%bd%d0%b4%d0%b8%d0%b2%d1%96%d0%b4%d1%83%d0%b0%d0%'),
(469, 'en_US', 'Hair dryers/ Hairstyle devices ', '', 'hair-dryers-hairstyle-devices'),
(469, 'ru_RU', 'Фены/Приборы для укладки ', '', '%d0%a4%d0%b5%d0%bd%d1%8b%d0%9f%d1%80%d0%b8%d0%b1%d0%be%d1%80%d1%8b-%d0%b4%d0%bb%d1%8f-%d1%83%d0%ba%d'),
(469, 'uk_UK', 'Фени/Прилади для укладки', '', '%d0%a4%d0%b5%d0%bd%d0%b8%d0%9f%d1%80%d0%b8%d0%bb%d0%b0%d0%b4%d0%b8-%d0%b4%d0%bb%d1%8f-%d1%83%d0%ba%d'),
(470, 'en_US', 'Shavers, Epilators, Trimmers', '', 'shavers-epilators-trimmers'),
(470, 'ru_RU', 'Бритвы, эпиляторы, машинки для стрижки ', '', '%d0%91%d1%80%d0%b8%d1%82%d0%b2%d1%8b-%d1%8d%d0%bf%d0%b8%d0%bb%d1%8f%d1%82%d0%be%d1%80%d1%8b-%d0%bc%d'),
(470, 'uk_UK', 'Бритви, епілятори, машинки для стрижки', '', '%d0%91%d1%80%d0%b8%d1%82%d0%b2%d0%b8-%d0%b5%d0%bf%d1%96%d0%bb%d1%8f%d1%82%d0%be%d1%80%d0%b8-%d0%bc%d'),
(471, 'en_US', 'Other', '', 'other_6'),
(471, 'ru_RU', 'Прочая техника для индивидуального ухода', '', '%d0%9f%d1%80%d0%be%d1%87%d0%b0%d1%8f-%d1%82%d0%b5%d1%85%d0%bd%d0%b8%d0%ba%d0%b0-%d0%b4%d0%bb%d1%8f-%'),
(471, 'uk_UK', 'Інша техніка для індивідуального догляду', '', '%d0%86%d0%bd%d1%88%d0%b0-%d1%82%d0%b5%d1%85%d0%bd%d1%96%d0%ba%d0%b0-%d0%b4%d0%bb%d1%8f-%d1%96%d0%bd%'),
(472, 'en_US', 'Scales', '', 'scales'),
(472, 'ru_RU', 'Весы', '', '%d0%92%d0%b5%d1%81%d1%8b'),
(472, 'uk_UK', 'Ваги', '', '%d0%92%d0%b0%d0%b3%d0%b8'),
(473, 'en_US', 'Games/Game Consoles', '', 'gamesgame-consoles'),
(473, 'ru_RU', 'Игры/Игровые приставки', '', '%d0%98%d0%b3%d1%80%d1%8b%d0%98%d0%b3%d1%80%d0%be%d0%b2%d1%8b%d0%b5-%d0%bf%d1%80%d0%b8%d1%81%d1%82%d0'),
(473, 'uk_UK', 'Ігри/Ігрові приставки', '', '%d0%86%d0%b3%d1%80%d0%b8%d0%86%d0%b3%d1%80%d0%be%d0%b2%d1%96-%d0%bf%d1%80%d0%b8%d1%81%d1%82%d0%b0%d0'),
(474, 'en_US', 'Game Consoles', '', 'game-consoles'),
(474, 'ru_RU', 'Приставки', '', '%d0%9f%d1%80%d0%b8%d1%81%d1%82%d0%b0%d0%b2%d0%ba%d0%b8'),
(474, 'uk_UK', 'Приставки', '', '%d0%9f%d1%80%d0%b8%d1%81%d1%82%d0%b0%d0%b2%d0%ba%d0%b8'),
(475, 'en_US', 'Games for Cconsoles', '', 'games-for-cconsoles'),
(475, 'ru_RU', 'Игры для приставок ', '', '%d0%98%d0%b3%d1%80%d1%8b-%d0%b4%d0%bb%d1%8f-%d0%bf%d1%80%d0%b8%d1%81%d1%82%d0%b0%d0%b2%d0%be%d0%ba'),
(475, 'uk_UK', 'Ігри для приставок', '', '%d0%86%d0%b3%d1%80%d0%b8-%d0%b4%d0%bb%d1%8f-%d0%bf%d1%80%d0%b8%d1%81%d1%82%d0%b0%d0%b2%d0%be%d0%ba'),
(476, 'en_US', 'Gaming Accessories', '', 'gaming-accessories'),
(476, 'ru_RU', 'Игровые аксессуары ', '', '%d0%98%d0%b3%d1%80%d0%be%d0%b2%d1%8b%d0%b5-%d0%b0%d0%ba%d1%81%d0%b5%d1%81%d1%81%d1%83%d0%b0%d1%80%d1'),
(476, 'uk_UK', 'Ігрові аксесуари', '', '%d0%86%d0%b3%d1%80%d0%be%d0%b2%d1%96-%d0%b0%d0%ba%d1%81%d0%b5%d1%81%d1%83%d0%b0%d1%80%d0%b8'),
(477, 'en_US', 'Games for the PC', '', 'games-for-the-pc'),
(477, 'ru_RU', 'Игры для PC ', '', '%d0%98%d0%b3%d1%80%d1%8b-%d0%b4%d0%bb%d1%8f-pc'),
(477, 'uk_UK', 'Ігри для PC', '', '%d0%86%d0%b3%d1%80%d0%b8-%d0%b4%d0%bb%d1%8f-pc'),
(478, 'en_US', 'Consoles Repair', '', 'consoles-repair'),
(478, 'ru_RU', 'Ремонт приставок ', '', '%d0%a0%d0%b5%d0%bc%d0%be%d0%bd%d1%82-%d0%bf%d1%80%d0%b8%d1%81%d1%82%d0%b0%d0%b2%d0%be%d0%ba'),
(478, 'uk_UK', 'Ремонт приставок', '', '%d0%a0%d0%b5%d0%bc%d0%be%d0%bd%d1%82-%d0%bf%d1%80%d0%b8%d1%81%d1%82%d0%b0%d0%b2%d0%be%d0%ba'),
(479, 'en_US', 'Climatic equipment', '', 'climatic-equipment'),
(479, 'ru_RU', 'Климатическое оборудование', '', '%d0%9a%d0%bb%d0%b8%d0%bc%d0%b0%d1%82%d0%b8%d1%87%d0%b5%d1%81%d0%ba%d0%be%d0%b5-%d0%be%d0%b1%d0%be%d1'),
(479, 'uk_UK', 'Кліматичне обладнання', '', '%d0%9a%d0%bb%d1%96%d0%bc%d0%b0%d1%82%d0%b8%d1%87%d0%bd%d0%b5-%d0%be%d0%b1%d0%bb%d0%b0%d0%b4%d0%bd%d0'),
(480, 'en_US', 'Air conditioners', '', 'air-conditioners'),
(480, 'ru_RU', 'Кондиционеры', '', '%d0%9a%d0%be%d0%bd%d0%b4%d0%b8%d1%86%d0%b8%d0%be%d0%bd%d0%b5%d1%80%d1%8b'),
(480, 'uk_UK', 'Кондиціонери', '', '%d0%9a%d0%be%d0%bd%d0%b4%d0%b8%d1%86%d1%96%d0%be%d0%bd%d0%b5%d1%80%d0%b8'),
(481, 'en_US', 'Humidifiers', '', 'humidifiers'),
(481, 'ru_RU', 'Увлажнители воздуха', '', '%d0%a3%d0%b2%d0%bb%d0%b0%d0%b6%d0%bd%d0%b8%d1%82%d0%b5%d0%bb%d0%b8-%d0%b2%d0%be%d0%b7%d0%b4%d1%83%d1'),
(481, 'uk_UK', 'Зволожувачі повітря', '', '%d0%97%d0%b2%d0%be%d0%bb%d0%be%d0%b6%d1%83%d0%b2%d0%b0%d1%87%d1%96-%d0%bf%d0%be%d0%b2%d1%96%d1%82%d1'),
(482, 'en_US', 'Ionizers', '', 'ionizers'),
(482, 'ru_RU', 'Ионизаторы', '', '%d0%98%d0%be%d0%bd%d0%b8%d0%b7%d0%b0%d1%82%d0%be%d1%80%d1%8b'),
(482, 'uk_UK', 'Іонізатори', '', '%d0%86%d0%be%d0%bd%d1%96%d0%b7%d0%b0%d1%82%d0%be%d1%80%d0%b8'),
(483, 'en_US', 'Other Electronics', '', 'other-electronics'),
(483, 'ru_RU', 'Прочая электроника', '', '%d0%9f%d1%80%d0%be%d1%87%d0%b0%d1%8f-%d1%8d%d0%bb%d0%b5%d0%ba%d1%82%d1%80%d0%be%d0%bd%d0%b8%d0%ba%d0'),
(483, 'uk_UK', 'Інша електроніка', '', '%d0%86%d0%bd%d1%88%d0%b0-%d0%b5%d0%bb%d0%b5%d0%ba%d1%82%d1%80%d0%be%d0%bd%d1%96%d0%ba%d0%b0'),
(484, 'en_US', 'Food/Drinks', '', 'fooddrinks'),
(484, 'ru_RU', 'Продукты/Напитки', '', '%d0%9f%d1%80%d0%be%d0%b4%d1%83%d0%ba%d1%82%d1%8b%d0%9d%d0%b0%d0%bf%d0%b8%d1%82%d0%ba%d0%b8'),
(484, 'uk_UK', 'Продукти/Напої', '', '%d0%9f%d1%80%d0%be%d0%b4%d1%83%d0%ba%d1%82%d0%b8%d0%9d%d0%b0%d0%bf%d0%be%d1%97'),
(485, 'en_US', 'Beverages', '', 'beverages'),
(485, 'ru_RU', 'Напитки', '', '%d0%9d%d0%b0%d0%bf%d0%b8%d1%82%d0%ba%d0%b8'),
(485, 'uk_UK', 'Напої', '', '%d0%9d%d0%b0%d0%bf%d0%be%d1%97'),
(486, 'en_US', 'Juice', '', 'juice'),
(486, 'ru_RU', 'Соки', '', '%d0%a1%d0%be%d0%ba%d0%b8'),
(486, 'uk_UK', 'Соки', '', '%d0%a1%d0%be%d0%ba%d0%b8'),
(487, 'en_US', 'Water', '', 'water'),
(487, 'ru_RU', 'Воды', '', '%d0%92%d0%be%d0%b4%d1%8b'),
(487, 'uk_UK', 'Води', '', '%d0%92%d0%be%d0%b4%d0%b8'),
(490, 'en_US', 'Other drinks', '', 'other-drinks'),
(490, 'ru_RU', 'Другие напитки', '', '%d0%94%d1%80%d1%83%d0%b3%d0%b8%d0%b5-%d0%bd%d0%b0%d0%bf%d0%b8%d1%82%d0%ba%d0%b8'),
(490, 'uk_UK', 'Інші напої', '', '%d0%86%d0%bd%d1%88%d1%96-%d0%bd%d0%b0%d0%bf%d0%be%d1%97'),
(491, 'en_US', 'Food', '', 'food'),
(491, 'ru_RU', 'Продукты', '', '%d0%9f%d1%80%d0%be%d0%b4%d1%83%d0%ba%d1%82%d1%8b'),
(491, 'uk_UK', 'Продукти', '', '%d0%9f%d1%80%d0%be%d0%b4%d1%83%d0%ba%d1%82%d0%b8'),
(492, 'en_US', 'Flour', '', 'flour'),
(492, 'ru_RU', 'Мука', '', '%d0%9c%d1%83%d0%ba%d0%b0'),
(492, 'uk_UK', 'Борошно', '', '%d0%91%d0%be%d1%80%d0%be%d1%88%d0%bd%d0%be'),
(493, 'en_US', 'Pasta', '', 'pasta'),
(493, 'ru_RU', 'Макароны', '', '%d0%9c%d0%b0%d0%ba%d0%b0%d1%80%d0%be%d0%bd%d1%8b'),
(493, 'uk_UK', 'Макарони', '', '%d0%9c%d0%b0%d0%ba%d0%b0%d1%80%d0%be%d0%bd%d0%b8'),
(494, 'en_US', 'Cereals', '', 'cereals'),
(494, 'ru_RU', 'Крупы', '', '%d0%9a%d1%80%d1%83%d0%bf%d1%8b'),
(494, 'uk_UK', 'Крупи', '', '%d0%9a%d1%80%d1%83%d0%bf%d0%b8'),
(495, 'en_US', 'Meat/Meat products', '', 'meatmeat-products'),
(495, 'ru_RU', 'Мясо/Мясопродукты', '', '%d0%9c%d1%8f%d1%81%d0%be%d0%9c%d1%8f%d1%81%d0%be%d0%bf%d1%80%d0%be%d0%b4%d1%83%d0%ba%d1%82%d1%8b');
INSERT INTO `oc_t_category_description` (`fk_i_category_id`, `fk_c_locale_code`, `s_name`, `s_description`, `s_slug`) VALUES
(495, 'uk_UK', 'М''ясо/М''ясопродукти', '', '%d0%9c-%d1%8f%d1%81%d0%be%d0%9c-%d1%8f%d1%81%d0%be%d0%bf%d1%80%d0%be%d0%b4%d1%83%d0%ba%d1%82%d0%b8'),
(496, 'en_US', 'Dairy', '', 'dairy'),
(496, 'ru_RU', 'Молокопродукты', '', '%d0%9c%d0%be%d0%bb%d0%be%d0%ba%d0%be%d0%bf%d1%80%d0%be%d0%b4%d1%83%d0%ba%d1%82%d1%8b'),
(496, 'uk_UK', 'Молокопродукти', '', '%d0%9c%d0%be%d0%bb%d0%be%d0%ba%d0%be%d0%bf%d1%80%d0%be%d0%b4%d1%83%d0%ba%d1%82%d0%b8'),
(497, 'en_US', 'Canned food', '', 'canned-food'),
(497, 'ru_RU', 'Консервы', '', '%d0%9a%d0%be%d0%bd%d1%81%d0%b5%d1%80%d0%b2%d1%8b'),
(497, 'uk_UK', 'Консерви', '', '%d0%9a%d0%be%d0%bd%d1%81%d0%b5%d1%80%d0%b2%d0%b8'),
(498, 'en_US', 'Sausages', '', 'sausages'),
(498, 'ru_RU', 'Колбасы', '', '%d0%9a%d0%be%d0%bb%d0%b1%d0%b0%d1%81%d1%8b'),
(498, 'uk_UK', 'Ковбаси', '', '%d0%9a%d0%be%d0%b2%d0%b1%d0%b0%d1%81%d0%b8'),
(499, 'en_US', 'Pate', '', 'pate'),
(499, 'ru_RU', 'Паштеты', '', '%d0%9f%d0%b0%d1%88%d1%82%d0%b5%d1%82%d1%8b'),
(499, 'uk_UK', 'Паштети', '', '%d0%9f%d0%b0%d1%88%d1%82%d0%b5%d1%82%d0%b8'),
(500, 'en_US', 'Fish', '', 'fish'),
(500, 'ru_RU', 'Рыба', '', '%d0%a0%d1%8b%d0%b1%d0%b0'),
(500, 'uk_UK', 'Риба', '', '%d0%a0%d0%b8%d0%b1%d0%b0'),
(501, 'en_US', 'Caviar', '', 'caviar'),
(501, 'ru_RU', 'Икра', '', '%d0%98%d0%ba%d1%80%d0%b0'),
(501, 'uk_UK', 'Ікра', '', '%d0%86%d0%ba%d1%80%d0%b0'),
(502, 'en_US', 'Cheese', '', 'cheese'),
(502, 'ru_RU', 'Сыры', '', '%d0%a1%d1%8b%d1%80%d1%8b'),
(502, 'uk_UK', 'Сири', '', '%d0%a1%d0%b8%d1%80%d0%b8'),
(503, 'en_US', 'Vegetables', '', 'vegetables'),
(503, 'ru_RU', 'Овощи', '', '%d0%9e%d0%b2%d0%be%d1%89%d0%b8'),
(503, 'uk_UK', 'Овочi', '', '%d0%9e%d0%b2%d0%be%d1%87i'),
(504, 'en_US', 'Fruits', '', 'fruits'),
(504, 'ru_RU', 'Фрукты', '', '%d0%a4%d1%80%d1%83%d0%ba%d1%82%d1%8b'),
(504, 'uk_UK', 'Фрукти', '', '%d0%a4%d1%80%d1%83%d0%ba%d1%82%d0%b8'),
(505, 'en_US', 'Dried fruits', '', 'dried-fruits'),
(505, 'ru_RU', 'Сухофрукты', '', '%d0%a1%d1%83%d1%85%d0%be%d1%84%d1%80%d1%83%d0%ba%d1%82%d1%8b'),
(505, 'uk_UK', 'Сухофрукти', '', '%d0%a1%d1%83%d1%85%d0%be%d1%84%d1%80%d1%83%d0%ba%d1%82%d0%b8'),
(506, 'en_US', 'Sauces/Ketchup', '', 'saucesketchup'),
(506, 'ru_RU', 'Соусы/Кетчупы', '', '%d0%a1%d0%be%d1%83%d1%81%d1%8b%d0%9a%d0%b5%d1%82%d1%87%d1%83%d0%bf%d1%8b'),
(506, 'uk_UK', 'Соуси/Кетчупи', '', '%d0%a1%d0%be%d1%83%d1%81%d0%b8%d0%9a%d0%b5%d1%82%d1%87%d1%83%d0%bf%d0%b8'),
(507, 'en_US', 'Honey', '', 'honey'),
(507, 'ru_RU', 'Мед', '', '%d0%9c%d0%b5%d0%b4'),
(507, 'uk_UK', 'Мед', '', '%d0%9c%d0%b5%d0%b4'),
(508, 'en_US', 'Spices', '', 'spices'),
(508, 'ru_RU', 'Пряности', '', '%d0%9f%d1%80%d1%8f%d0%bd%d0%be%d1%81%d1%82%d0%b8'),
(508, 'uk_UK', 'Прянощі', '', '%d0%9f%d1%80%d1%8f%d0%bd%d0%be%d1%89%d1%96'),
(509, 'en_US', 'Tea', '', 'tea'),
(509, 'ru_RU', 'Чай', '', '%d0%a7%d0%b0%d0%b9'),
(509, 'uk_UK', 'Чай', '', '%d0%a7%d0%b0%d0%b9'),
(510, 'en_US', 'Coffee', '', 'coffee'),
(510, 'ru_RU', 'Кофе', '', '%d0%9a%d0%be%d1%84%d0%b5'),
(510, 'uk_UK', 'Кава', '', '%d0%9a%d0%b0%d0%b2%d0%b0'),
(511, 'en_US', 'Nuts', '', 'nuts'),
(511, 'ru_RU', 'Орехи', '', '%d0%9e%d1%80%d0%b5%d1%85%d0%b8'),
(511, 'uk_UK', 'Горіхи', '', '%d0%93%d0%be%d1%80%d1%96%d1%85%d0%b8'),
(512, 'en_US', 'Healing Herbs', '', 'healing-herbs'),
(512, 'ru_RU', 'Лечебные травы', '', '%d0%9b%d0%b5%d1%87%d0%b5%d0%b1%d0%bd%d1%8b%d0%b5-%d1%82%d1%80%d0%b0%d0%b2%d1%8b'),
(512, 'uk_UK', 'Лікувальні трави', '', '%d0%9b%d1%96%d0%ba%d1%83%d0%b2%d0%b0%d0%bb%d1%8c%d0%bd%d1%96-%d1%82%d1%80%d0%b0%d0%b2%d0%b8'),
(513, 'en_US', 'Vegetable oil', '', 'vegetable-oil'),
(513, 'ru_RU', 'Растительное масло', '', '%d0%a0%d0%b0%d1%81%d1%82%d0%b8%d1%82%d0%b5%d0%bb%d1%8c%d0%bd%d0%be%d0%b5-%d0%bc%d0%b0%d1%81%d0%bb%d0'),
(513, 'uk_UK', 'Рослинна олія', '', '%d0%a0%d0%be%d1%81%d0%bb%d0%b8%d0%bd%d0%bd%d0%b0-%d0%be%d0%bb%d1%96%d1%8f'),
(514, 'en_US', 'Confectionery', '', 'confectionery'),
(514, 'ru_RU', 'Кондитерские изделия', '', '%d0%9a%d0%be%d0%bd%d0%b4%d0%b8%d1%82%d0%b5%d1%80%d1%81%d0%ba%d0%b8%d0%b5-%d0%b8%d0%b7%d0%b4%d0%b5%d0'),
(514, 'uk_UK', 'Кондитерські вироби', '', '%d0%9a%d0%be%d0%bd%d0%b4%d0%b8%d1%82%d0%b5%d1%80%d1%81%d1%8c%d0%ba%d1%96-%d0%b2%d0%b8%d1%80%d0%be%d0'),
(515, 'en_US', 'Special food', '', 'special-food'),
(515, 'ru_RU', 'Спецпитание', '', '%d0%a1%d0%bf%d0%b5%d1%86%d0%bf%d0%b8%d1%82%d0%b0%d0%bd%d0%b8%d0%b5'),
(515, 'uk_UK', 'Спецхарчування', '', '%d0%a1%d0%bf%d0%b5%d1%86%d1%85%d0%b0%d1%80%d1%87%d1%83%d0%b2%d0%b0%d0%bd%d0%bd%d1%8f'),
(516, 'en_US', 'Other', '', 'other_7'),
(516, 'ru_RU', 'Разное', '', '%d0%a0%d0%b0%d0%b7%d0%bd%d0%be%d0%b5'),
(516, 'uk_UK', 'Різне', '', '%d0%a0%d1%96%d0%b7%d0%bd%d0%b5'),
(518, 'en_US', 'Exchange', '', 'exchange'),
(518, 'ru_RU', 'Обмен', '', '%d0%9e%d0%b1%d0%bc%d0%b5%d0%bd'),
(518, 'uk_UK', 'Обмін', '', '%d0%9e%d0%b1%d0%bc%d1%96%d0%bd');

-- --------------------------------------------------------

--
-- Структура таблиці `oc_t_category_stats`
--

CREATE TABLE IF NOT EXISTS `oc_t_category_stats` (
  `fk_i_category_id` int(10) unsigned NOT NULL,
  `i_num_items` int(10) unsigned NOT NULL DEFAULT '0',
  PRIMARY KEY (`fk_i_category_id`)
) ENGINE=InnoDB DEFAULT CHARSET=utf8;

--
-- Дамп даних таблиці `oc_t_category_stats`
--

INSERT INTO `oc_t_category_stats` (`fk_i_category_id`, `i_num_items`) VALUES
(1, 0),
(2, 0),
(3, 0),
(4, 1),
(5, 1),
(6, 0),
(7, 0),
(8, 2),
(9, 0),
(10, 0),
(11, 0),
(12, 0),
(13, 0),
(14, 0),
(15, 0),
(16, 0),
(17, 0),
(18, 0),
(19, 0),
(20, 0),
(21, 0),
(22, 0),
(23, 0),
(24, 0),
(25, 0),
(26, 0),
(27, 0),
(28, 0),
(29, 0),
(30, 0),
(31, 0),
(32, 0),
(33, 0),
(34, 0),
(35, 0),
(36, 0),
(37, 0),
(38, 0),
(39, 0),
(40, 0),
(41, 0),
(42, 0),
(43, 0),
(44, 0),
(45, 0),
(46, 0),
(47, 1),
(48, 1),
(49, 0),
(50, 0),
(51, 0),
(52, 0),
(53, 0),
(54, 0),
(55, 0),
(56, 1),
(57, 0),
(58, 0),
(59, 0),
(60, 0),
(61, 0),
(63, 0),
(64, 0),
(65, 0),
(66, 0),
(67, 0),
(68, 0),
(69, 0),
(70, 0),
(71, 0),
(72, 0),
(73, 0),
(74, 0),
(75, 0),
(76, 0),
(77, 0),
(78, 0),
(79, 0),
(80, 0),
(81, 0),
(82, 0),
(83, 0),
(84, 0),
(85, 0),
(86, 0),
(87, 1),
(88, 0),
(89, 0),
(90, 0),
(91, 0),
(92, 0),
(93, 0),
(94, 0),
(95, 1),
(96, 0),
(97, 0),
(98, 0),
(99, 0),
(100, 0),
(102, 0),
(103, 0),
(104, 0),
(105, 0),
(106, 0),
(107, 0),
(108, 0),
(109, 0),
(110, 0),
(111, 0),
(112, 0),
(113, 0),
(114, 0),
(115, 0),
(116, 0),
(117, 0),
(118, 0),
(119, 0),
(120, 0),
(121, 0),
(122, 0),
(123, 0),
(124, 0),
(125, 0),
(126, 0),
(127, 0),
(128, 0),
(129, 2),
(130, 0),
(131, 0),
(132, 0),
(133, 0),
(134, 0),
(135, 0),
(136, 0),
(137, 0),
(138, 2),
(139, 0),
(140, 0),
(141, 1),
(142, 0),
(143, 1),
(144, 0),
(145, 0),
(146, 0),
(147, 0),
(148, 0),
(149, 0),
(150, 0),
(151, 0),
(152, 0),
(153, 0),
(154, 0),
(155, 0),
(156, 0),
(157, 0),
(158, 0),
(159, 0),
(160, 0),
(161, 0),
(162, 0),
(163, 0),
(164, 0),
(165, 0),
(166, 0),
(167, 0),
(168, 0),
(169, 0),
(170, 0),
(171, 0),
(172, 0),
(173, 0),
(174, 0),
(175, 0),
(176, 0),
(177, 0),
(178, 0),
(179, 0),
(180, 0),
(181, 0),
(182, 0),
(183, 0),
(184, 0),
(185, 0),
(186, 0),
(187, 0),
(188, 0),
(189, 0),
(190, 0),
(191, 0),
(192, 0),
(193, 0),
(194, 0),
(195, 0),
(196, 0),
(197, 0),
(198, 0),
(199, 0),
(200, 0),
(201, 0),
(202, 0),
(203, 0),
(204, 0),
(205, 0),
(206, 0),
(207, 0),
(208, 0),
(209, 0),
(210, 0),
(211, 0),
(212, 0),
(213, 0),
(214, 0),
(215, 0),
(216, 0),
(217, 0),
(218, 0),
(219, 0),
(220, 0),
(221, 0),
(222, 0),
(223, 0),
(224, 0),
(225, 0),
(226, 0),
(227, 0),
(228, 0),
(229, 0),
(230, 0),
(231, 0),
(232, 0),
(233, 0),
(234, 0),
(235, 0),
(236, 0),
(237, 0),
(238, 0),
(239, 0),
(240, 0),
(241, 0),
(242, 0),
(243, 0),
(244, 0),
(245, 0),
(246, 0),
(247, 0),
(248, 0),
(249, 0),
(250, 0),
(251, 0),
(252, 0),
(253, 0),
(254, 0),
(255, 0),
(256, 0),
(257, 0),
(258, 0),
(259, 0),
(260, 0),
(261, 0),
(262, 0),
(263, 0),
(264, 0),
(265, 0),
(266, 0),
(267, 0),
(268, 0),
(269, 0),
(270, 0),
(271, 0),
(272, 0),
(273, 0),
(274, 0),
(275, 0),
(276, 0),
(277, 0),
(278, 0),
(279, 0),
(280, 0),
(281, 0),
(282, 0),
(283, 0),
(284, 0),
(285, 0),
(286, 0),
(287, 0),
(288, 0),
(289, 0),
(290, 0),
(291, 0),
(292, 0),
(293, 0),
(294, 0),
(295, 0),
(296, 0),
(297, 0),
(298, 0),
(299, 0),
(300, 0),
(301, 0),
(302, 0),
(303, 0),
(304, 0),
(305, 0),
(306, 0),
(307, 0),
(308, 0),
(309, 0),
(310, 0),
(311, 0),
(312, 0),
(313, 0),
(314, 0),
(315, 0),
(316, 0),
(317, 0),
(318, 0),
(319, 0),
(320, 0),
(321, 0),
(322, 0),
(323, 0),
(324, 0),
(325, 0),
(326, 0),
(327, 0),
(328, 0),
(329, 0),
(330, 0),
(331, 0),
(332, 0),
(333, 0),
(334, 0),
(335, 0),
(336, 0),
(337, 0),
(338, 0),
(339, 0),
(340, 0),
(341, 0),
(342, 0),
(343, 0),
(344, 0),
(345, 0),
(346, 0),
(347, 0),
(348, 0),
(349, 0),
(350, 0),
(351, 0),
(352, 0),
(353, 0),
(354, 0),
(355, 0),
(356, 0),
(357, 0),
(358, 0),
(359, 0),
(360, 0),
(361, 0),
(362, 0),
(363, 0),
(364, 0),
(365, 0),
(366, 0),
(367, 0),
(368, 0),
(369, 0),
(370, 0),
(371, 0),
(372, 0),
(373, 0),
(374, 0),
(375, 0),
(376, 0),
(377, 0),
(378, 0),
(379, 0),
(380, 0),
(381, 0),
(382, 0),
(383, 0),
(384, 0),
(385, 0),
(386, 0),
(387, 0),
(388, 0),
(389, 0),
(390, 0),
(391, 0),
(392, 0),
(393, 0),
(394, 0),
(395, 0),
(396, 0),
(397, 0),
(398, 0),
(399, 1),
(400, 0),
(401, 0),
(402, 0),
(403, 0),
(404, 0),
(405, 0),
(406, 0),
(407, 0),
(408, 0),
(409, 0),
(410, 0),
(411, 0),
(412, 0),
(413, 0),
(414, 0),
(415, 0),
(416, 0),
(417, 0),
(418, 0),
(419, 0),
(420, 0),
(421, 0),
(422, 0),
(423, 0),
(424, 0),
(425, 0),
(426, 0),
(427, 0),
(428, 0),
(429, 0),
(430, 0),
(431, 0),
(432, 0),
(433, 0),
(434, 0),
(435, 0),
(436, 0),
(437, 0),
(438, 0),
(439, 0),
(440, 0),
(441, 0),
(442, 0),
(443, 0),
(444, 0),
(445, 0),
(446, 0),
(447, 0),
(448, 0),
(449, 0),
(450, 0),
(451, 0),
(452, 0),
(453, 0),
(454, 0),
(455, 0),
(456, 0),
(457, 0),
(458, 0),
(459, 0),
(460, 1),
(461, 0),
(462, 0),
(463, 0),
(464, 0),
(465, 0),
(466, 0),
(467, 1),
(468, 0),
(469, 0),
(470, 0),
(471, 0),
(472, 0),
(473, 0),
(474, 0),
(475, 0),
(476, 0),
(477, 0),
(478, 0),
(479, 0),
(480, 0),
(481, 0),
(482, 0),
(483, 0),
(484, 0),
(485, 0),
(486, 0),
(487, 0),
(490, 0),
(491, 0),
(492, 0),
(493, 0),
(494, 0),
(495, 0),
(496, 0),
(497, 0),
(498, 0),
(499, 0),
(500, 0),
(501, 0),
(502, 0),
(503, 0),
(504, 0),
(505, 0),
(506, 0),
(507, 0),
(508, 0),
(509, 0),
(510, 0),
(511, 0),
(512, 0),
(513, 0),
(514, 0),
(515, 0),
(516, 0),
(518, 0);

-- --------------------------------------------------------

--
-- Структура таблиці `oc_t_city`
--

CREATE TABLE IF NOT EXISTS `oc_t_city` (
  `pk_i_id` int(10) unsigned NOT NULL AUTO_INCREMENT,
  `fk_i_region_id` int(10) unsigned NOT NULL,
  `s_name` varchar(60) NOT NULL,
  `s_slug` varchar(60) NOT NULL DEFAULT '',
  `fk_c_country_code` char(2) DEFAULT NULL,
  `b_active` tinyint(1) NOT NULL DEFAULT '1',
  PRIMARY KEY (`pk_i_id`),
  KEY `fk_i_region_id` (`fk_i_region_id`),
  KEY `idx_s_name` (`s_name`),
  KEY `idx_s_slug` (`s_slug`),
  KEY `fk_c_country_code` (`fk_c_country_code`)
) ENGINE=InnoDB  DEFAULT CHARSET=utf8 AUTO_INCREMENT=575 ;

--
-- Дамп даних таблиці `oc_t_city`
--

INSERT INTO `oc_t_city` (`pk_i_id`, `fk_i_region_id`, `s_name`, `s_slug`, `fk_c_country_code`, `b_active`) VALUES
(1, 1, 'Киев', '%d0%9a%d0%b8%d0%b5%d0%b2', 'UA', 1),
(2, 2, 'Житомир', '%d0%96%d0%b8%d1%82%d0%be%d0%bc%d0%b8%d1%80', 'UA', 1),
(3, 7, 'Городище', '%d0%93%d0%be%d1%80%d0%be%d0%b4%d0%b8%d1%89%d0%b5', 'UA', 1),
(4, 1, 'Фастов', '%d0%a4%d0%b0%d1%81%d1%82%d0%be%d0%b2', 'UA', 1),
(5, 1, 'Бровари', '%d0%91%d1%80%d0%be%d0%b2%d0%b0%d1%80%d0%b8', 'UA', 1),
(6, 1, 'Боярка', '%d0%91%d0%be%d1%8f%d1%80%d0%ba%d0%b0', 'UA', 1),
(7, 1, 'Васильков', '%d0%92%d0%b0%d1%81%d0%b8%d0%bb%d1%8c%d0%ba%d0%be%d0%b2', 'UA', 1),
(8, 1, 'Ирпень', '%d0%98%d1%80%d0%bf%d0%b5%d0%bd%d1%8c', 'UA', 1),
(9, 1, 'Буча', '%d0%91%d1%83%d1%87%d0%b0', 'UA', 1),
(10, 1, 'Обухов', '%d0%9e%d0%b1%d1%83%d1%85%d0%be%d0%b2', 'UA', 1),
(11, 1, 'Яготин', '%d0%af%d0%b3%d0%be%d1%82%d0%b8%d0%bd', 'UA', 1),
(12, 1, 'Белая Церковь', '%d0%91%d0%b5%d0%bb%d0%b0%d1%8f-%d0%a6%d0%b5%d1%80%d0%ba%d0%b', 'UA', 1),
(13, 1, 'Вишневое', '%d0%92%d0%b8%d1%88%d0%bd%d0%b5%d0%b2%d0%be%d0%b5', 'UA', 1),
(14, 1, 'Барышевка', '%d0%91%d0%b0%d1%80%d1%8b%d1%88%d0%b5%d0%b2%d0%ba%d0%b0', 'UA', 1),
(15, 1, 'Березань', '%d0%91%d0%b5%d1%80%d0%b5%d0%b7%d0%b0%d0%bd%d1%8c', 'UA', 1),
(16, 1, 'Богуслав', '%d0%91%d0%be%d0%b3%d1%83%d1%81%d0%bb%d0%b0%d0%b2', 'UA', 1),
(17, 1, 'Борисполь', '%d0%91%d0%be%d1%80%d0%b8%d1%81%d0%bf%d0%be%d0%bb%d1%8c', 'UA', 1),
(18, 1, 'Бородянка', '%d0%91%d0%be%d1%80%d0%be%d0%b4%d1%8f%d0%bd%d0%ba%d0%b0', 'UA', 1),
(19, 1, 'Вышгород', '%d0%92%d1%8b%d1%88%d0%b3%d0%be%d1%80%d0%be%d0%b4', 'UA', 1),
(20, 1, 'Гостомель', '%d0%93%d0%be%d1%81%d1%82%d0%be%d0%bc%d0%b5%d0%bb%d1%8c', 'UA', 1),
(21, 1, 'Иванков', '%d0%98%d0%b2%d0%b0%d0%bd%d0%ba%d0%be%d0%b2', 'UA', 1),
(22, 1, 'Кагарлык', '%d0%9a%d0%b0%d0%b3%d0%b0%d1%80%d0%bb%d1%8b%d0%ba', 'UA', 1),
(23, 1, 'Коцюбинское', '%d0%9a%d0%be%d1%86%d1%8e%d0%b1%d0%b8%d0%bd%d1%81%d0%ba%d0%be', 'UA', 1),
(24, 1, 'Макаров', '%d0%9c%d0%b0%d0%ba%d0%b0%d1%80%d0%be%d0%b2', 'UA', 1),
(25, 1, 'Мироновка', '%d0%9c%d0%b8%d1%80%d0%be%d0%bd%d0%be%d0%b2%d0%ba%d0%b0', 'UA', 1),
(26, 1, 'Переяслав-Хмельницкий', '%d0%9f%d0%b5%d1%80%d0%b5%d1%8f%d1%81%d0%bb%d0%b0%d0%b2-%d0%a', 'UA', 1),
(27, 1, 'Рокитное', '%d0%a0%d0%be%d0%ba%d0%b8%d1%82%d0%bd%d0%be%d0%b5', 'UA', 1),
(28, 1, 'Сквира', '%d0%a1%d0%ba%d0%b2%d0%b8%d1%80%d0%b0', 'UA', 1),
(29, 1, 'Славутич', '%d0%a1%d0%bb%d0%b0%d0%b2%d1%83%d1%82%d0%b8%d1%87', 'UA', 1),
(30, 1, 'Тараща', '%d0%a2%d0%b0%d1%80%d0%b0%d1%89%d0%b0', 'UA', 1),
(31, 1, 'Тетиев', '%d0%a2%d0%b5%d1%82%d0%b8%d0%b5%d0%b2', 'UA', 1),
(32, 1, 'Узин', '%d0%a3%d0%b7%d0%b8%d0%bd', 'UA', 1),
(33, 1, 'Украинка', '%d0%a3%d0%ba%d1%80%d0%b0%d0%b8%d0%bd%d0%ba%d0%b0', 'UA', 1),
(34, 19, 'Симферополь', '%d0%a1%d0%b8%d0%bc%d1%84%d0%b5%d1%80%d0%be%d0%bf%d0%be%d0%bb', 'UA', 1),
(35, 8, 'Винница', '%d0%92%d0%b8%d0%bd%d0%bd%d0%b8%d1%86%d0%b0', 'UA', 1),
(36, 14, 'Луцк', '%d0%9b%d1%83%d1%86%d0%ba', 'UA', 1),
(38, 10, 'Донецк', '%d0%94%d0%be%d0%bd%d0%b5%d1%86%d0%ba', 'UA', 1),
(39, 24, 'Ужгород', '%d0%a3%d0%b6%d0%b3%d0%be%d1%80%d0%be%d0%b4', 'UA', 1),
(40, 11, 'Запорожье', '%d0%97%d0%b0%d0%bf%d0%be%d1%80%d0%be%d0%b6%d1%8c%d0%b5', 'UA', 1),
(41, 6, 'Ивано-Франковск', '%d0%98%d0%b2%d0%b0%d0%bd%d0%be-%d0%a4%d1%80%d0%b0%d0%bd%d0%b', 'UA', 1),
(42, 12, 'Кропивницкий', '%d0%9a%d1%80%d0%be%d0%bf%d0%b8%d0%b2%d0%bd%d0%b8%d1%86%d0%ba', 'UA', 1),
(43, 13, 'Луганск', '%d0%9b%d1%83%d0%b3%d0%b0%d0%bd%d1%81%d0%ba', 'UA', 1),
(44, 5, 'Львов', '%d0%9b%d1%8c%d0%b2%d0%be%d0%b2', 'UA', 1),
(45, 20, 'Николаев', '%d0%9d%d0%b8%d0%ba%d0%be%d0%bb%d0%b0%d0%b5%d0%b2', 'UA', 1),
(46, 15, 'Одесса', '%d0%9e%d0%b4%d0%b5%d1%81%d1%81%d0%b0', 'UA', 1),
(47, 3, 'Полтава', '%d0%9f%d0%be%d0%bb%d1%82%d0%b0%d0%b2%d0%b0', 'UA', 1),
(48, 4, 'Сумы', '%d0%a1%d1%83%d0%bc%d1%8b', 'UA', 1),
(49, 23, 'Тернополь', '%d0%a2%d0%b5%d1%80%d0%bd%d0%be%d0%bf%d0%be%d0%bb%d1%8c', 'UA', 1),
(50, 17, 'Харьков', '%d0%a5%d0%b0%d1%80%d1%8c%d0%ba%d0%be%d0%b2', 'UA', 1),
(51, 18, 'Херсон', '%d0%a5%d0%b5%d1%80%d1%81%d0%be%d0%bd', 'UA', 1),
(52, 21, 'Хмельницкий', '%d0%a5%d0%bc%d0%b5%d0%bb%d1%8c%d0%bd%d0%b8%d1%86%d0%ba%d0%b8', 'UA', 1),
(53, 7, 'Черкасы', '%d0%a7%d0%b5%d1%80%d0%ba%d0%b0%d1%81%d1%8b', 'UA', 1),
(54, 16, 'Чернигов', '%d0%a7%d0%b5%d1%80%d0%bd%d0%b8%d0%b3%d0%be%d0%b2', 'UA', 1),
(55, 25, 'Черновцы', '%d0%a7%d0%b5%d1%80%d0%bd%d0%be%d0%b2%d1%86%d1%8b', 'UA', 1),
(56, 8, 'Бар', '%d0%91%d0%b0%d1%80', 'UA', 1),
(57, 8, 'Бершадь', '%d0%91%d0%b5%d1%80%d1%88%d0%b0%d0%b4%d1%8c', 'UA', 1),
(58, 8, 'Гайсин', '%d0%93%d0%b0%d0%b9%d1%81%d0%b8%d0%bd', 'UA', 1),
(59, 8, 'Гнивань', '%d0%93%d0%bd%d0%b8%d0%b2%d0%b0%d0%bd%d1%8c', 'UA', 1),
(60, 8, 'Жмеринка', '%d0%96%d0%bc%d0%b5%d1%80%d0%b8%d0%bd%d0%ba%d0%b0', 'UA', 1),
(61, 8, 'Ильинцы', '%d0%98%d0%bb%d1%8c%d0%b8%d0%bd%d1%86%d1%8b', 'UA', 1),
(62, 8, 'Казатин', '%d0%9a%d0%b0%d0%b7%d0%b0%d1%82%d0%b8%d0%bd', 'UA', 1),
(63, 8, 'Калиновка', '%d0%9a%d0%b0%d0%bb%d0%b8%d0%bd%d0%be%d0%b2%d0%ba%d0%b0', 'UA', 1),
(64, 8, 'Крыжополь', '%d0%9a%d1%80%d1%8b%d0%b6%d0%be%d0%bf%d0%be%d0%bb%d1%8c', 'UA', 1),
(65, 8, 'Ладыжин', '%d0%9b%d0%b0%d0%b4%d1%8b%d0%b6%d0%b8%d0%bd', 'UA', 1),
(66, 8, 'Липовец', '%d0%9b%d0%b8%d0%bf%d0%be%d0%b2%d0%b5%d1%86', 'UA', 1),
(67, 8, 'Могилев-Подольский', '%d0%9c%d0%be%d0%b3%d0%b8%d0%bb%d0%b5%d0%b2-%d0%9f%d0%be%d0%b', 'UA', 1),
(68, 8, 'Немиров', '%d0%9d%d0%b5%d0%bc%d0%b8%d1%80%d0%be%d0%b2', 'UA', 1),
(69, 8, 'Погребище', '%d0%9f%d0%be%d0%b3%d1%80%d0%b5%d0%b1%d0%b8%d1%89%d0%b5', 'UA', 1),
(70, 8, 'Стрижавка', '%d0%a1%d1%82%d1%80%d0%b8%d0%b6%d0%b0%d0%b2%d0%ba%d0%b0', 'UA', 1),
(71, 8, 'Тульчин', '%d0%a2%d1%83%d0%bb%d1%8c%d1%87%d0%b8%d0%bd', 'UA', 1),
(72, 8, 'Хмельник', '%d0%a5%d0%bc%d0%b5%d0%bb%d1%8c%d0%bd%d0%b8%d0%ba', 'UA', 1),
(73, 8, 'Шаргород', '%d0%a8%d0%b0%d1%80%d0%b3%d0%be%d1%80%d0%be%d0%b4', 'UA', 1),
(74, 8, 'Ямполь', '%d0%af%d0%bc%d0%bf%d0%be%d0%bb%d1%8c', 'UA', 1),
(75, 9, 'Апостолово', '%d0%90%d0%bf%d0%be%d1%81%d1%82%d0%be%d0%bb%d0%be%d0%b2%d0%be', 'UA', 1),
(76, 9, 'Верхнеднепровск', '%d0%92%d0%b5%d1%80%d1%85%d0%bd%d0%b5%d0%b4%d0%bd%d0%b5%d0%bf', 'UA', 1),
(77, 9, 'Верховцево', '%d0%92%d0%b5%d1%80%d1%85%d0%be%d0%b2%d1%86%d0%b5%d0%b2%d0%be', 'UA', 1),
(78, 9, 'Вольногорск', '%d0%92%d0%be%d0%bb%d1%8c%d0%bd%d0%be%d0%b3%d0%be%d1%80%d1%81', 'UA', 1),
(79, 9, 'Днепр', '%d0%94%d0%bd%d0%b5%d0%bf%d1%80', 'UA', 1),
(80, 9, 'Желтые Воды', '%d0%96%d0%b5%d0%bb%d1%82%d1%8b%d0%b5-%d0%92%d0%be%d0%b4%d1%8', 'UA', 1),
(81, 9, 'Зеленодольск', '%d0%97%d0%b5%d0%bb%d0%b5%d0%bd%d0%be%d0%b4%d0%be%d0%bb%d1%8c', 'UA', 1),
(82, 9, 'Каменское', '%d0%9a%d0%b0%d0%bc%d0%b5%d0%bd%d1%81%d0%ba%d0%be%d0%b5', 'UA', 1),
(83, 9, 'Кривой Рог', '%d0%9a%d1%80%d0%b8%d0%b2%d0%be%d0%b9-%d0%a0%d0%be%d0%b3', 'UA', 1),
(84, 9, 'Марганец', '%d0%9c%d0%b0%d1%80%d0%b3%d0%b0%d0%bd%d0%b5%d1%86', 'UA', 1),
(85, 9, 'Никополь', '%d0%9d%d0%b8%d0%ba%d0%be%d0%bf%d0%be%d0%bb%d1%8c', 'UA', 1),
(86, 9, 'Новомосковск', '%d0%9d%d0%be%d0%b2%d0%be%d0%bc%d0%be%d1%81%d0%ba%d0%be%d0%b2', 'UA', 1),
(87, 9, 'Павлоград', '%d0%9f%d0%b0%d0%b2%d0%bb%d0%be%d0%b3%d1%80%d0%b0%d0%b4', 'UA', 1),
(88, 9, 'Перещепино', '%d0%9f%d0%b5%d1%80%d0%b5%d1%89%d0%b5%d0%bf%d0%b8%d0%bd%d0%be', 'UA', 1),
(89, 9, 'Першотравенск', '%d0%9f%d0%b5%d1%80%d1%88%d0%be%d1%82%d1%80%d0%b0%d0%b2%d0%b5', 'UA', 1),
(90, 9, 'Подгородное', '%d0%9f%d0%be%d0%b4%d0%b3%d0%be%d1%80%d0%be%d0%b4%d0%bd%d0%be', 'UA', 1),
(91, 9, 'Покров', '%d0%9f%d0%be%d0%ba%d1%80%d0%be%d0%b2', 'UA', 1),
(92, 9, 'Пятихатки', '%d0%9f%d1%8f%d1%82%d0%b8%d1%85%d0%b0%d1%82%d0%ba%d0%b8', 'UA', 1),
(93, 9, 'Синельниково', '%d0%a1%d0%b8%d0%bd%d0%b5%d0%bb%d1%8c%d0%bd%d0%b8%d0%ba%d0%be', 'UA', 1),
(94, 9, 'Терновка', '%d0%a2%d0%b5%d1%80%d0%bd%d0%be%d0%b2%d0%ba%d0%b0', 'UA', 1),
(95, 10, 'Авдеевка', '%d0%90%d0%b2%d0%b4%d0%b5%d0%b5%d0%b2%d0%ba%d0%b0', 'UA', 1),
(96, 10, 'Артемовск', '%d0%90%d1%80%d1%82%d0%b5%d0%bc%d0%be%d0%b2%d1%81%d0%ba', 'UA', 1),
(97, 10, 'Угледар', '%d0%a3%d0%b3%d0%bb%d0%b5%d0%b4%d0%b0%d1%80', 'UA', 1),
(98, 10, 'Горловка', '%d0%93%d0%be%d1%80%d0%bb%d0%be%d0%b2%d0%ba%d0%b0', 'UA', 1),
(99, 10, 'Дебальцево', '%d0%94%d0%b5%d0%b1%d0%b0%d0%bb%d1%8c%d1%86%d0%b5%d0%b2%d0%be', 'UA', 1),
(100, 10, 'Дзержинск', '%d0%94%d0%b7%d0%b5%d1%80%d0%b6%d0%b8%d0%bd%d1%81%d0%ba', 'UA', 1),
(101, 10, 'Димитров', '%d0%94%d0%b8%d0%bc%d0%b8%d1%82%d1%80%d0%be%d0%b2', 'UA', 1),
(102, 10, 'Доброполье', '%d0%94%d0%be%d0%b1%d1%80%d0%be%d0%bf%d0%be%d0%bb%d1%8c%d0%b5', 'UA', 1),
(103, 10, 'Докучаевск', '%d0%94%d0%be%d0%ba%d1%83%d1%87%d0%b0%d0%b5%d0%b2%d1%81%d0%ba', 'UA', 1),
(104, 10, 'Дружковка', '%d0%94%d1%80%d1%83%d0%b6%d0%ba%d0%be%d0%b2%d0%ba%d0%b0', 'UA', 1),
(105, 10, 'Енакиево', '%d0%95%d0%bd%d0%b0%d0%ba%d0%b8%d0%b5%d0%b2%d0%be', 'UA', 1),
(106, 10, 'Ждановка', '%d0%96%d0%b4%d0%b0%d0%bd%d0%be%d0%b2%d0%ba%d0%b0', 'UA', 1),
(107, 10, 'Кировское', '%d0%9a%d0%b8%d1%80%d0%be%d0%b2%d1%81%d0%ba%d0%be%d0%b5', 'UA', 1),
(108, 10, 'Константиновка', '%d0%9a%d0%be%d0%bd%d1%81%d1%82%d0%b0%d0%bd%d1%82%d0%b8%d0%bd', 'UA', 1),
(109, 10, 'Краматорск', '%d0%9a%d1%80%d0%b0%d0%bc%d0%b0%d1%82%d0%be%d1%80%d1%81%d0%ba', 'UA', 1),
(110, 10, 'Красноармейск', '%d0%9a%d1%80%d0%b0%d1%81%d0%bd%d0%be%d0%b0%d1%80%d0%bc%d0%b5', 'UA', 1),
(111, 10, 'Красный Лиман', '%d0%9a%d1%80%d0%b0%d1%81%d0%bd%d1%8b%d0%b9-%d0%9b%d0%b8%d0%b', 'UA', 1),
(112, 10, 'Макеевка', '%d0%9c%d0%b0%d0%ba%d0%b5%d0%b5%d0%b2%d0%ba%d0%b0', 'UA', 1),
(113, 10, 'Мариуполь', '%d0%9c%d0%b0%d1%80%d0%b8%d1%83%d0%bf%d0%be%d0%bb%d1%8c', 'UA', 1),
(114, 10, 'Новогродовка', '%d0%9d%d0%be%d0%b2%d0%be%d0%b3%d1%80%d0%be%d0%b4%d0%be%d0%b2', 'UA', 1),
(115, 10, 'Селидово', '%d0%a1%d0%b5%d0%bb%d0%b8%d0%b4%d0%be%d0%b2%d0%be', 'UA', 1),
(116, 10, 'Славянск', '%d0%a1%d0%bb%d0%b0%d0%b2%d1%8f%d0%bd%d1%81%d0%ba', 'UA', 1),
(117, 10, 'Снежное', '%d0%a1%d0%bd%d0%b5%d0%b6%d0%bd%d0%be%d0%b5', 'UA', 1),
(118, 10, 'Торез', '%d0%a2%d0%be%d1%80%d0%b5%d0%b7', 'UA', 1),
(119, 10, 'Харцызск', '%d0%a5%d0%b0%d1%80%d1%86%d1%8b%d0%b7%d1%81%d0%ba', 'UA', 1),
(120, 10, 'Шахтерск', '%d0%a8%d0%b0%d1%85%d1%82%d0%b5%d1%80%d1%81%d0%ba', 'UA', 1),
(121, 10, 'Ясиноватая', '%d0%af%d1%81%d0%b8%d0%bd%d0%be%d0%b2%d0%b0%d1%82%d0%b0%d1%8f', 'UA', 1),
(122, 2, 'Андрушевка', '%d0%90%d0%bd%d0%b4%d1%80%d1%83%d1%88%d0%b5%d0%b2%d0%ba%d0%b0', 'UA', 1),
(123, 2, 'Барановка', '%d0%91%d0%b0%d1%80%d0%b0%d0%bd%d0%be%d0%b2%d0%ba%d0%b0', 'UA', 1),
(124, 2, 'Бердичев', '%d0%91%d0%b5%d1%80%d0%b4%d0%b8%d1%87%d0%b5%d0%b2', 'UA', 1),
(125, 2, 'Емильчино', '%d0%95%d0%bc%d0%b8%d0%bb%d1%8c%d1%87%d0%b8%d0%bd%d0%be', 'UA', 1),
(126, 2, 'Иршанск', '%d0%98%d1%80%d1%88%d0%b0%d0%bd%d1%81%d0%ba', 'UA', 1),
(127, 2, 'Коростень', '%d0%9a%d0%be%d1%80%d0%be%d1%81%d1%82%d0%b5%d0%bd%d1%8c', 'UA', 1),
(128, 2, 'Коростышев', '%d0%9a%d0%be%d1%80%d0%be%d1%81%d1%82%d1%8b%d1%88%d0%b5%d0%b2', 'UA', 1),
(129, 2, 'Малин', '%d0%9c%d0%b0%d0%bb%d0%b8%d0%bd', 'UA', 1),
(130, 2, 'Новая Боровая', '%d0%9d%d0%be%d0%b2%d0%b0%d1%8f-%d0%91%d0%be%d1%80%d0%be%d0%b', 'UA', 1),
(131, 2, 'Новоград-Волынский', '%d0%9d%d0%be%d0%b2%d0%be%d0%b3%d1%80%d0%b0%d0%b4-%d0%92%d0%b', 'UA', 1),
(132, 2, 'Озерное', '%d0%9e%d0%b7%d0%b5%d1%80%d0%bd%d0%be%d0%b5', 'UA', 1),
(133, 2, 'Овруч', '%d0%9e%d0%b2%d1%80%d1%83%d1%87', 'UA', 1),
(134, 2, 'Олевск', '%d0%9e%d0%bb%d0%b5%d0%b2%d1%81%d0%ba', 'UA', 1),
(135, 2, 'Попельня', '%d0%9f%d0%be%d0%bf%d0%b5%d0%bb%d1%8c%d0%bd%d1%8f', 'UA', 1),
(136, 2, 'Радомышль', '%d0%a0%d0%b0%d0%b4%d0%be%d0%bc%d1%8b%d1%88%d0%bb%d1%8c', 'UA', 1),
(137, 2, 'Романов', '%d0%a0%d0%be%d0%bc%d0%b0%d0%bd%d0%be%d0%b2', 'UA', 1),
(138, 2, 'Хорошев', '%d0%a5%d0%be%d1%80%d0%be%d1%88%d0%b5%d0%b2', 'UA', 1),
(139, 2, 'Черняхов', '%d0%a7%d0%b5%d1%80%d0%bd%d1%8f%d1%85%d0%be%d0%b2', 'UA', 1),
(140, 2, 'Чуднов', '%d0%a7%d1%83%d0%b4%d0%bd%d0%be%d0%b2', 'UA', 1),
(141, 11, 'Акимовка', '%d0%90%d0%ba%d0%b8%d0%bc%d0%be%d0%b2%d0%ba%d0%b0', 'UA', 1),
(142, 11, 'Бердянск', '%d0%91%d0%b5%d1%80%d0%b4%d1%8f%d0%bd%d1%81%d0%ba', 'UA', 1),
(143, 11, 'Бильмак', '%d0%91%d0%b8%d0%bb%d1%8c%d0%bc%d0%b0%d0%ba', 'UA', 1),
(144, 11, 'Васильевка', '%d0%92%d0%b0%d1%81%d0%b8%d0%bb%d1%8c%d0%b5%d0%b2%d0%ba%d0%b0', 'UA', 1),
(145, 11, 'Веселое', '%d0%92%d0%b5%d1%81%d0%b5%d0%bb%d0%be%d0%b5', 'UA', 1),
(146, 11, 'Вольнянск', '%d0%92%d0%be%d0%bb%d1%8c%d0%bd%d1%8f%d0%bd%d1%81%d0%ba', 'UA', 1),
(147, 11, 'Гуляйполе', '%d0%93%d1%83%d0%bb%d1%8f%d0%b9%d0%bf%d0%be%d0%bb%d0%b5', 'UA', 1),
(148, 11, 'Днепрорудное', '%d0%94%d0%bd%d0%b5%d0%bf%d1%80%d0%be%d1%80%d1%83%d0%b4%d0%bd', 'UA', 1),
(149, 11, 'Каменка-Днепровская', '%d0%9a%d0%b0%d0%bc%d0%b5%d0%bd%d0%ba%d0%b0-%d0%94%d0%bd%d0%b', 'UA', 1),
(150, 11, 'Константиновка', '%d0%9a%d0%be%d0%bd%d1%81%d1%82%d0%b0%d0%bd%d1%82%d0%b8%d0%bd', 'UA', 1),
(151, 11, 'Кушугум', '%d0%9a%d1%83%d1%88%d1%83%d0%b3%d1%83%d0%bc', 'UA', 1),
(152, 11, 'Мелитополь', '%d0%9c%d0%b5%d0%bb%d0%b8%d1%82%d0%be%d0%bf%d0%be%d0%bb%d1%8c', 'UA', 1),
(153, 11, 'Михайловка', '%d0%9c%d0%b8%d1%85%d0%b0%d0%b9%d0%bb%d0%be%d0%b2%d0%ba%d0%b0', 'UA', 1),
(154, 11, 'Молочанск', '%d0%9c%d0%be%d0%bb%d0%be%d1%87%d0%b0%d0%bd%d1%81%d0%ba', 'UA', 1),
(155, 11, 'Орехов', '%d0%9e%d1%80%d0%b5%d1%85%d0%be%d0%b2', 'UA', 1),
(156, 11, 'Пологи', '%d0%9f%d0%be%d0%bb%d0%be%d0%b3%d0%b8', 'UA', 1),
(157, 11, 'Приморск', '%d0%9f%d1%80%d0%b8%d0%bc%d0%be%d1%80%d1%81%d0%ba', 'UA', 1),
(158, 11, 'Токмак', '%d0%a2%d0%be%d0%ba%d0%bc%d0%b0%d0%ba', 'UA', 1),
(159, 11, 'Энергодар', '%d0%ad%d0%bd%d0%b5%d1%80%d0%b3%d0%be%d0%b4%d0%b0%d1%80', 'UA', 1),
(160, 6, 'Богородчаны', '%d0%91%d0%be%d0%b3%d0%be%d1%80%d0%be%d0%b4%d1%87%d0%b0%d0%bd', 'UA', 1),
(161, 6, 'Болехов', '%d0%91%d0%be%d0%bb%d0%b5%d1%85%d0%be%d0%b2', 'UA', 1),
(162, 6, 'Бурштын', '%d0%91%d1%83%d1%80%d1%88%d1%82%d1%8b%d0%bd', 'UA', 1),
(163, 6, 'Галич', '%d0%93%d0%b0%d0%bb%d0%b8%d1%87', 'UA', 1),
(164, 6, 'Городенка', '%d0%93%d0%be%d1%80%d0%be%d0%b4%d0%b5%d0%bd%d0%ba%d0%b0', 'UA', 1),
(165, 6, 'Делятин', '%d0%94%d0%b5%d0%bb%d1%8f%d1%82%d0%b8%d0%bd', 'UA', 1),
(166, 6, 'Долина', '%d0%94%d0%be%d0%bb%d0%b8%d0%bd%d0%b0', 'UA', 1),
(167, 6, 'Калуш', '%d0%9a%d0%b0%d0%bb%d1%83%d1%88', 'UA', 1),
(168, 6, 'Коломыя', '%d0%9a%d0%be%d0%bb%d0%be%d0%bc%d1%8b%d1%8f', 'UA', 1),
(169, 6, 'Косов', '%d0%9a%d0%be%d1%81%d0%be%d0%b2', 'UA', 1),
(170, 6, 'Ланчин', '%d0%9b%d0%b0%d0%bd%d1%87%d0%b8%d0%bd', 'UA', 1),
(171, 6, 'Надворная', '%d0%9d%d0%b0%d0%b4%d0%b2%d0%be%d1%80%d0%bd%d0%b0%d1%8f', 'UA', 1),
(172, 6, 'Перегинское', '%d0%9f%d0%b5%d1%80%d0%b5%d0%b3%d0%b8%d0%bd%d1%81%d0%ba%d0%be', 'UA', 1),
(173, 6, 'Рогатин', '%d0%a0%d0%be%d0%b3%d0%b0%d1%82%d0%b8%d0%bd', 'UA', 1),
(174, 6, 'Снятын', '%d0%a1%d0%bd%d1%8f%d1%82%d1%8b%d0%bd', 'UA', 1),
(175, 6, 'Тлумач', '%d0%a2%d0%bb%d1%83%d0%bc%d0%b0%d1%87', 'UA', 1),
(176, 6, 'Тысменица', '%d0%a2%d1%8b%d1%81%d0%bc%d0%b5%d0%bd%d0%b8%d1%86%d0%b0', 'UA', 1),
(177, 6, 'Яремче', '%d0%af%d1%80%d0%b5%d0%bc%d1%87%d0%b5', 'UA', 1),
(178, 12, 'Александрия', '%d0%90%d0%bb%d0%b5%d0%ba%d1%81%d0%b0%d0%bd%d0%b4%d1%80%d0%b8', 'UA', 1),
(179, 12, 'Александровка', '%d0%90%d0%bb%d0%b5%d0%ba%d1%81%d0%b0%d0%bd%d0%b4%d1%80%d0%be', 'UA', 1),
(180, 12, 'Благовещенское', '%d0%91%d0%bb%d0%b0%d0%b3%d0%be%d0%b2%d0%b5%d1%89%d0%b5%d0%bd', 'UA', 1),
(181, 12, 'Бобринец', '%d0%91%d0%be%d0%b1%d1%80%d0%b8%d0%bd%d0%b5%d1%86', 'UA', 1),
(182, 12, 'Власовка', '%d0%92%d0%bb%d0%b0%d1%81%d0%be%d0%b2%d0%ba%d0%b0', 'UA', 1),
(183, 12, 'Гайворон', '%d0%93%d0%b0%d0%b9%d0%b2%d0%be%d1%80%d0%be%d0%bd', 'UA', 1),
(184, 12, 'Голованевск', '%d0%93%d0%be%d0%bb%d0%be%d0%b2%d0%b0%d0%bd%d0%b5%d0%b2%d1%81', 'UA', 1),
(185, 12, 'Долинская', '%d0%94%d0%be%d0%bb%d0%b8%d0%bd%d1%81%d0%ba%d0%b0%d1%8f', 'UA', 1),
(186, 12, 'Знаменка', '%d0%97%d0%bd%d0%b0%d0%bc%d0%b5%d0%bd%d0%ba%d0%b0', 'UA', 1),
(187, 12, 'Малая Виска', '%d0%9c%d0%b0%d0%bb%d0%b0%d1%8f-%d0%92%d0%b8%d1%81%d0%ba%d0%b', 'UA', 1),
(188, 12, 'Новая Прага', '%d0%9d%d0%be%d0%b2%d0%b0%d1%8f-%d0%9f%d1%80%d0%b0%d0%b3%d0%b', 'UA', 1),
(189, 12, 'Новое', '%d0%9d%d0%be%d0%b2%d0%be%d0%b5', 'UA', 1),
(190, 12, 'Новоархангельск', '%d0%9d%d0%be%d0%b2%d0%be%d0%b0%d1%80%d1%85%d0%b0%d0%bd%d0%b3', 'UA', 1),
(191, 12, 'Новомиргород', '%d0%9d%d0%be%d0%b2%d0%be%d0%bc%d0%b8%d1%80%d0%b3%d0%be%d1%80', 'UA', 1),
(192, 12, 'Новоукраинка', '%d0%9d%d0%be%d0%b2%d0%be%d1%83%d0%ba%d1%80%d0%b0%d0%b8%d0%bd', 'UA', 1),
(193, 12, 'Петрово', '%d0%9f%d0%b5%d1%82%d1%80%d0%be%d0%b2%d0%be', 'UA', 1),
(194, 12, 'Побугское', '%d0%9f%d0%be%d0%b1%d1%83%d0%b3%d1%81%d0%ba%d0%be%d0%b5', 'UA', 1),
(195, 12, 'Помошная', '%d0%9f%d0%be%d0%bc%d0%be%d1%88%d0%bd%d0%b0%d1%8f', 'UA', 1),
(196, 12, 'Светловодск', '%d0%a1%d0%b2%d0%b5%d1%82%d0%bb%d0%be%d0%b2%d0%be%d0%b4%d1%81', 'UA', 1),
(197, 12, 'Смолино', '%d0%a1%d0%bc%d0%be%d0%bb%d0%b8%d0%bd%d0%be', 'UA', 1),
(198, 13, 'Александровск', '%d0%90%d0%bb%d0%b5%d0%ba%d1%81%d0%b0%d0%bd%d0%b4%d1%80%d0%be', 'UA', 1),
(199, 13, 'Алмазная', '%d0%90%d0%bb%d0%bc%d0%b0%d0%b7%d0%bd%d0%b0%d1%8f', 'UA', 1),
(200, 13, 'Алчевск', '%d0%90%d0%bb%d1%87%d0%b5%d0%b2%d1%81%d0%ba', 'UA', 1),
(201, 13, 'Антрацит', '%d0%90%d0%bd%d1%82%d1%80%d0%b0%d1%86%d0%b8%d1%82', 'UA', 1),
(202, 13, 'Боково-Хрустальное', '%d0%91%d0%be%d0%ba%d0%be%d0%b2%d0%be-%d0%a5%d1%80%d1%83%d1%8', 'UA', 1),
(203, 13, 'Брянка', '%d0%91%d1%80%d1%8f%d0%bd%d0%ba%d0%b0', 'UA', 1),
(204, 13, 'Голубовка', '%d0%93%d0%be%d0%bb%d1%83%d0%b1%d0%be%d0%b2%d0%ba%d0%b0', 'UA', 1),
(205, 13, 'Горское', '%d0%93%d0%be%d1%80%d1%81%d0%ba%d0%be%d0%b5', 'UA', 1),
(206, 13, 'Должанск', '%d0%94%d0%be%d0%bb%d0%b6%d0%b0%d0%bd%d1%81%d0%ba', 'UA', 1),
(207, 13, 'Зимогорье', '%d0%97%d0%b8%d0%bc%d0%be%d0%b3%d0%be%d1%80%d1%8c%d0%b5', 'UA', 1),
(208, 13, 'Золотое', '%d0%97%d0%be%d0%bb%d0%be%d1%82%d0%be%d0%b5', 'UA', 1),
(209, 13, 'Зоринск', '%d0%97%d0%be%d1%80%d0%b8%d0%bd%d1%81%d0%ba', 'UA', 1),
(210, 13, 'Ирмино', '%d0%98%d1%80%d0%bc%d0%b8%d0%bd%d0%be', 'UA', 1),
(211, 13, 'Кадиевка', '%d0%9a%d0%b0%d0%b4%d0%b8%d0%b5%d0%b2%d0%ba%d0%b0', 'UA', 1),
(212, 13, 'Кипучее', '%d0%9a%d0%b8%d0%bf%d1%83%d1%87%d0%b5%d0%b5', 'UA', 1),
(213, 13, 'Кременная', '%d0%9a%d1%80%d0%b5%d0%bc%d0%b5%d0%bd%d0%bd%d0%b0%d1%8f', 'UA', 1),
(214, 13, 'Лисичанск', '%d0%9b%d0%b8%d1%81%d0%b8%d1%87%d0%b0%d0%bd%d1%81%d0%ba', 'UA', 1),
(215, 13, 'Лутугино', '%d0%9b%d1%83%d1%82%d1%83%d0%b3%d0%b8%d0%bd%d0%be', 'UA', 1),
(216, 13, 'Миусинск', '%d0%9c%d0%b8%d1%83%d1%81%d0%b8%d0%bd%d1%81%d0%ba', 'UA', 1),
(217, 13, 'Молодогвардейск', '%d0%9c%d0%be%d0%bb%d0%be%d0%b4%d0%be%d0%b3%d0%b2%d0%b0%d1%80', 'UA', 1),
(218, 13, 'Новодружеск', '%d0%9d%d0%be%d0%b2%d0%be%d0%b4%d1%80%d1%83%d0%b6%d0%b5%d1%81', 'UA', 1),
(219, 13, 'Первомайск', '%d0%9f%d0%b5%d1%80%d0%b2%d0%be%d0%bc%d0%b0%d0%b9%d1%81%d0%ba', 'UA', 1),
(220, 13, 'Перевальск', '%d0%9f%d0%b5%d1%80%d0%b5%d0%b2%d0%b0%d0%bb%d1%8c%d1%81%d0%ba', 'UA', 1),
(221, 13, 'Петрово-Красноселье', '%d0%9f%d0%b5%d1%82%d1%80%d0%be%d0%b2%d0%be-%d0%9a%d1%80%d0%b', 'UA', 1),
(222, 13, 'Попасная', '%d0%9f%d0%be%d0%bf%d0%b0%d1%81%d0%bd%d0%b0%d1%8f', 'UA', 1),
(223, 13, 'Приволье', '%d0%9f%d1%80%d0%b8%d0%b2%d0%be%d0%bb%d1%8c%d0%b5', 'UA', 1),
(224, 13, 'Ровеньки', '%d0%a0%d0%be%d0%b2%d0%b5%d0%bd%d1%8c%d0%ba%d0%b8', 'UA', 1),
(225, 13, 'Рубежное', '%d0%a0%d1%83%d0%b1%d0%b5%d0%b6%d0%bd%d0%be%d0%b5', 'UA', 1),
(226, 13, 'Сватово', '%d0%a1%d0%b2%d0%b0%d1%82%d0%be%d0%b2%d0%be', 'UA', 1),
(227, 13, 'Старобельск', '%d0%a1%d1%82%d0%b0%d1%80%d0%be%d0%b1%d0%b5%d0%bb%d1%8c%d1%81', 'UA', 1),
(228, 13, 'Суходольск', '%d0%a1%d1%83%d1%85%d0%be%d0%b4%d0%be%d0%bb%d1%8c%d1%81%d0%ba', 'UA', 1),
(229, 13, 'Счастье', '%d0%a1%d1%87%d0%b0%d1%81%d1%82%d1%8c%d0%b5', 'UA', 1),
(230, 13, 'Северодонецк', '%d0%a1%d0%b5%d0%b2%d0%b5%d1%80%d0%be%d0%b4%d0%be%d0%bd%d0%b5', 'UA', 1),
(231, 13, 'Сорокино', '%d0%a1%d0%be%d1%80%d0%be%d0%ba%d0%b8%d0%bd%d0%be', 'UA', 1),
(232, 13, 'Хрустальный', '%d0%a5%d1%80%d1%83%d1%81%d1%82%d0%b0%d0%bb%d1%8c%d0%bd%d1%8b', 'UA', 1),
(233, 14, 'Берестечко', '%d0%91%d0%b5%d1%80%d0%b5%d1%81%d1%82%d0%b5%d1%87%d0%ba%d0%be', 'UA', 1),
(234, 14, 'Владимир-Волынский', '%d0%92%d0%bb%d0%b0%d0%b4%d0%b8%d0%bc%d0%b8%d1%80-%d0%92%d0%b', 'UA', 1),
(235, 14, 'Горохов', '%d0%93%d0%be%d1%80%d0%be%d1%85%d0%be%d0%b2', 'UA', 1),
(236, 14, 'Иваничи', '%d0%98%d0%b2%d0%b0%d0%bd%d0%b8%d1%87%d0%b8', 'UA', 1),
(237, 14, 'Камень-Каширский', '%d0%9a%d0%b0%d0%bc%d0%b5%d0%bd%d1%8c-%d0%9a%d0%b0%d1%88%d0%b', 'UA', 1),
(238, 14, 'Киверцы', '%d0%9a%d0%b8%d0%b2%d0%b5%d1%80%d1%86%d1%8b', 'UA', 1),
(239, 14, 'Ковель', '%d0%9a%d0%be%d0%b2%d0%b5%d0%bb%d1%8c', 'UA', 1),
(240, 14, 'Любомль', '%d0%9b%d1%8e%d0%b1%d0%be%d0%bc%d0%bb%d1%8c', 'UA', 1),
(241, 14, 'Любешов', '%d0%9b%d1%8e%d0%b1%d0%b5%d1%88%d0%be%d0%b2', 'UA', 1),
(242, 14, 'Маневичи', '%d0%9c%d0%b0%d0%bd%d0%b5%d0%b2%d0%b8%d1%87%d0%b8', 'UA', 1),
(243, 14, 'Нововолынск', '%d0%9d%d0%be%d0%b2%d0%be%d0%b2%d0%be%d0%bb%d1%8b%d0%bd%d1%81', 'UA', 1),
(244, 14, 'Ратно', '%d0%a0%d0%b0%d1%82%d0%bd%d0%be', 'UA', 1),
(245, 14, 'Рожище', '%d0%a0%d0%be%d0%b6%d0%b8%d1%89%d0%b5', 'UA', 1),
(246, 14, 'Старая Выжевка', '%d0%a1%d1%82%d0%b0%d1%80%d0%b0%d1%8f-%d0%92%d1%8b%d0%b6%d0%b', 'UA', 1),
(247, 14, 'Турийск', '%d0%a2%d1%83%d1%80%d0%b8%d0%b9%d1%81%d0%ba', 'UA', 1),
(248, 14, 'Устилуг', '%d0%a3%d1%81%d1%82%d0%b8%d0%bb%d1%83%d0%b3', 'UA', 1),
(249, 14, 'Цумань', '%d0%a6%d1%83%d0%bc%d0%b0%d0%bd%d1%8c', 'UA', 1),
(250, 14, 'Шацк', '%d0%a8%d0%b0%d1%86%d0%ba', 'UA', 1),
(251, 5, 'Белз', '%d0%91%d0%b5%d0%bb%d0%b7', 'UA', 1),
(252, 5, 'Бобрка', '%d0%91%d0%be%d0%b1%d1%80%d0%ba%d0%b0', 'UA', 1),
(253, 5, 'Борислав', '%d0%91%d0%be%d1%80%d0%b8%d1%81%d0%bb%d0%b0%d0%b2', 'UA', 1),
(254, 5, 'Броды', '%d0%91%d1%80%d0%be%d0%b4%d1%8b', 'UA', 1),
(255, 5, 'Буск', '%d0%91%d1%83%d1%81%d0%ba', 'UA', 1),
(256, 5, 'Великие Мосты', '%d0%92%d0%b5%d0%bb%d0%b8%d0%ba%d0%b8%d0%b5-%d0%9c%d0%be%d1%8', 'UA', 1),
(257, 5, 'Винники', '%d0%92%d0%b8%d0%bd%d0%bd%d0%b8%d0%ba%d0%b8', 'UA', 1),
(258, 5, 'Глиняны', '%d0%93%d0%bb%d0%b8%d0%bd%d1%8f%d0%bd%d1%8b', 'UA', 1),
(259, 5, 'Городок', '%d0%93%d0%be%d1%80%d0%be%d0%b4%d0%be%d0%ba', 'UA', 1),
(260, 5, 'Добромиль', '%d0%94%d0%be%d0%b1%d1%80%d0%be%d0%bc%d0%b8%d0%bb%d1%8c', 'UA', 1),
(261, 5, 'Дрогобыч', '%d0%94%d1%80%d0%be%d0%b3%d0%be%d0%b1%d1%8b%d1%87', 'UA', 1),
(262, 5, 'Дубляны', '%d0%94%d1%83%d0%b1%d0%bb%d1%8f%d0%bd%d1%8b', 'UA', 1),
(263, 5, 'Жидачов', '%d0%96%d0%b8%d0%b4%d0%b0%d1%87%d0%be%d0%b2', 'UA', 1),
(264, 5, 'Жолква', '%d0%96%d0%be%d0%bb%d0%ba%d0%b2%d0%b0', 'UA', 1),
(265, 5, 'Золочев', '%d0%97%d0%be%d0%bb%d0%be%d1%87%d0%b5%d0%b2', 'UA', 1),
(266, 5, 'Каменка-Бугская', '%d0%9a%d0%b0%d0%bc%d0%b5%d0%bd%d0%ba%d0%b0-%d0%91%d1%83%d0%b', 'UA', 1),
(267, 5, 'Комарно', '%d0%9a%d0%be%d0%bc%d0%b0%d1%80%d0%bd%d0%be', 'UA', 1),
(268, 5, 'Мостиска', '%d0%9c%d0%be%d1%81%d1%82%d0%b8%d1%81%d0%ba%d0%b0', 'UA', 1),
(269, 5, 'Моршин', '%d0%9c%d0%be%d1%80%d1%88%d0%b8%d0%bd', 'UA', 1),
(270, 5, 'Николаев', '%d0%9d%d0%b8%d0%ba%d0%be%d0%bb%d0%b0%d0%b5%d0%b2-1', 'UA', 1),
(271, 5, 'Новояворовск', '%d0%9d%d0%be%d0%b2%d0%be%d1%8f%d0%b2%d0%be%d1%80%d0%be%d0%b2', 'UA', 1),
(272, 5, 'Новый Калинов', '%d0%9d%d0%be%d0%b2%d1%8b%d0%b9-%d0%9a%d0%b0%d0%bb%d0%b8%d0%b', 'UA', 1),
(273, 5, 'Новый Роздол', '%d0%9d%d0%be%d0%b2%d1%8b%d0%b9-%d0%a0%d0%be%d0%b7%d0%b4%d0%b', 'UA', 1),
(274, 5, 'Перемышляны', '%d0%9f%d0%b5%d1%80%d0%b5%d0%bc%d1%8b%d1%88%d0%bb%d1%8f%d0%bd', 'UA', 1),
(275, 5, 'Пустомыты', '%d0%9f%d1%83%d1%81%d1%82%d0%be%d0%bc%d1%8b%d1%82%d1%8b', 'UA', 1),
(276, 5, 'Рава-Русская', '%d0%a0%d0%b0%d0%b2%d0%b0-%d0%a0%d1%83%d1%81%d1%81%d0%ba%d0%b', 'UA', 1),
(277, 5, 'Радехов', '%d0%a0%d0%b0%d0%b4%d0%b5%d1%85%d0%be%d0%b2', 'UA', 1),
(278, 5, 'Рудки', '%d0%a0%d1%83%d0%b4%d0%ba%d0%b8', 'UA', 1),
(279, 5, 'Самбор', '%d0%a1%d0%b0%d0%bc%d0%b1%d0%be%d1%80', 'UA', 1),
(280, 5, 'Сколе', '%d0%a1%d0%ba%d0%be%d0%bb%d0%b5', 'UA', 1),
(281, 5, 'Сокаль', '%d0%a1%d0%be%d0%ba%d0%b0%d0%bb%d1%8c', 'UA', 1),
(282, 5, 'Сосновка', '%d0%a1%d0%be%d1%81%d0%bd%d0%be%d0%b2%d0%ba%d0%b0', 'UA', 1),
(283, 5, 'Старый Самбор', '%d0%a1%d1%82%d0%b0%d1%80%d1%8b%d0%b9-%d0%a1%d0%b0%d0%bc%d0%b', 'UA', 1),
(284, 5, 'Стебник', '%d0%a1%d1%82%d0%b5%d0%b1%d0%bd%d0%b8%d0%ba', 'UA', 1),
(285, 5, 'Стрый', '%d0%a1%d1%82%d1%80%d1%8b%d0%b9', 'UA', 1),
(286, 5, 'Трускавец', '%d0%a2%d1%80%d1%83%d1%81%d0%ba%d0%b0%d0%b2%d0%b5%d1%86', 'UA', 1),
(287, 5, 'Турка', '%d0%a2%d1%83%d1%80%d0%ba%d0%b0', 'UA', 1),
(288, 5, 'Угнев', '%d0%a3%d0%b3%d0%bd%d0%b5%d0%b2', 'UA', 1),
(289, 5, 'Ходоров', '%d0%a5%d0%be%d0%b4%d0%be%d1%80%d0%be%d0%b2', 'UA', 1),
(290, 5, 'Хыров', '%d0%a5%d1%8b%d1%80%d0%be%d0%b2', 'UA', 1),
(291, 5, 'Червоноград', '%d0%a7%d0%b5%d1%80%d0%b2%d0%be%d0%bd%d0%be%d0%b3%d1%80%d0%b0', 'UA', 1),
(292, 5, 'Яворов', '%d0%af%d0%b2%d0%be%d1%80%d0%be%d0%b2', 'UA', 1),
(293, 20, 'Александровка', '%d0%90%d0%bb%d0%b5%d0%ba%d1%81%d0%b0%d0%bd%d0%b4%d1%80%d0%be', 'UA', 1),
(294, 20, 'Арбузинка', '%d0%90%d1%80%d0%b1%d1%83%d0%b7%d0%b8%d0%bd%d0%ba%d0%b0', 'UA', 1),
(295, 20, 'Баштанка', '%d0%91%d0%b0%d1%88%d1%82%d0%b0%d0%bd%d0%ba%d0%b0', 'UA', 1),
(296, 20, 'Березнеговатое', '%d0%91%d0%b5%d1%80%d0%b5%d0%b7%d0%bd%d0%b5%d0%b3%d0%be%d0%b2', 'UA', 1),
(297, 20, 'Братское', '%d0%91%d1%80%d0%b0%d1%82%d1%81%d0%ba%d0%be%d0%b5', 'UA', 1),
(298, 20, 'Веселиново', '%d0%92%d0%b5%d1%81%d0%b5%d0%bb%d0%b8%d0%bd%d0%be%d0%b2%d0%be', 'UA', 1),
(299, 20, 'Вознесенск', '%d0%92%d0%be%d0%b7%d0%bd%d0%b5%d1%81%d0%b5%d0%bd%d1%81%d0%ba', 'UA', 1),
(300, 20, 'Врадиевка', '%d0%92%d1%80%d0%b0%d0%b4%d0%b8%d0%b5%d0%b2%d0%ba%d0%b0', 'UA', 1),
(301, 20, 'Доманевка', '%d0%94%d0%be%d0%bc%d0%b0%d0%bd%d0%b5%d0%b2%d0%ba%d0%b0', 'UA', 1),
(302, 20, 'Казанка', '%d0%9a%d0%b0%d0%b7%d0%b0%d0%bd%d0%ba%d0%b0', 'UA', 1),
(303, 20, 'Кривое Озеро', '%d0%9a%d1%80%d0%b8%d0%b2%d0%be%d0%b5-%d0%9e%d0%b7%d0%b5%d1%8', 'UA', 1),
(304, 20, 'Мешково-Погорелово', '%d0%9c%d0%b5%d1%88%d0%ba%d0%be%d0%b2%d0%be-%d0%9f%d0%be%d0%b', 'UA', 1),
(305, 20, 'Новая Одесса', '%d0%9d%d0%be%d0%b2%d0%b0%d1%8f-%d0%9e%d0%b4%d0%b5%d1%81%d1%8', 'UA', 1),
(306, 20, 'Новый Буг', '%d0%9d%d0%be%d0%b2%d1%8b%d0%b9-%d0%91%d1%83%d0%b3', 'UA', 1),
(307, 20, 'Очаков', '%d0%9e%d1%87%d0%b0%d0%ba%d0%be%d0%b2', 'UA', 1),
(308, 20, 'Первомайск', '%d0%9f%d0%b5%d1%80%d0%b2%d0%be%d0%bc%d0%b0%d0%b9%d1%81%d0%ba', 'UA', 1),
(309, 20, 'Снигиревка', '%d0%a1%d0%bd%d0%b8%d0%b3%d0%b8%d1%80%d0%b5%d0%b2%d0%ba%d0%b0', 'UA', 1),
(310, 20, 'Южноукраинск', '%d0%ae%d0%b6%d0%bd%d0%be%d1%83%d0%ba%d1%80%d0%b0%d0%b8%d0%bd', 'UA', 1),
(311, 15, 'Ананьев', '%d0%90%d0%bd%d0%b0%d0%bd%d1%8c%d0%b5%d0%b2', 'UA', 1),
(312, 15, 'Арциз', '%d0%90%d1%80%d1%86%d0%b8%d0%b7', 'UA', 1),
(313, 15, 'Балта', '%d0%91%d0%b0%d0%bb%d1%82%d0%b0', 'UA', 1),
(314, 15, 'Белгород-Днестровский', '%d0%91%d0%b5%d0%bb%d0%b3%d0%be%d1%80%d0%be%d0%b4-%d0%94%d0%b', 'UA', 1),
(315, 15, 'Беляевка', '%d0%91%d0%b5%d0%bb%d1%8f%d0%b5%d0%b2%d0%ba%d0%b0', 'UA', 1),
(316, 15, 'Березовка', '%d0%91%d0%b5%d1%80%d0%b5%d0%b7%d0%be%d0%b2%d0%ba%d0%b0', 'UA', 1),
(317, 15, 'Болград', '%d0%91%d0%be%d0%bb%d0%b3%d1%80%d0%b0%d0%b4', 'UA', 1),
(318, 15, 'Великодолинское', '%d0%92%d0%b5%d0%bb%d0%b8%d0%ba%d0%be%d0%b4%d0%be%d0%bb%d0%b8', 'UA', 1),
(319, 15, 'Вилково', '%d0%92%d0%b8%d0%bb%d0%ba%d0%be%d0%b2%d0%be', 'UA', 1),
(320, 15, 'Измаил', '%d0%98%d0%b7%d0%bc%d0%b0%d0%b8%d0%bb', 'UA', 1),
(321, 15, 'Килия', '%d0%9a%d0%b8%d0%bb%d0%b8%d1%8f', 'UA', 1),
(322, 15, 'Кодыма', '%d0%9a%d0%be%d0%b4%d1%8b%d0%bc%d0%b0', 'UA', 1),
(323, 15, 'Любашевка', '%d0%9b%d1%8e%d0%b1%d0%b0%d1%88%d0%b5%d0%b2%d0%ba%d0%b0', 'UA', 1),
(324, 15, 'Овидиополь', '%d0%9e%d0%b2%d0%b8%d0%b4%d0%b8%d0%be%d0%bf%d0%be%d0%bb%d1%8c', 'UA', 1),
(325, 15, 'Подольск', '%d0%9f%d0%be%d0%b4%d0%be%d0%bb%d1%8c%d1%81%d0%ba', 'UA', 1),
(326, 15, 'Раздельная', '%d0%a0%d0%b0%d0%b7%d0%b4%d0%b5%d0%bb%d1%8c%d0%bd%d0%b0%d1%8f', 'UA', 1),
(327, 15, 'Рени', '%d0%a0%d0%b5%d0%bd%d0%b8', 'UA', 1),
(328, 15, 'Татарбунары', '%d0%a2%d0%b0%d1%82%d0%b0%d1%80%d0%b1%d1%83%d0%bd%d0%b0%d1%80', 'UA', 1),
(329, 15, 'Теплодар', '%d0%a2%d0%b5%d0%bf%d0%bb%d0%be%d0%b4%d0%b0%d1%80', 'UA', 1),
(330, 15, 'Черноморск', '%d0%a7%d0%b5%d1%80%d0%bd%d0%be%d0%bc%d0%be%d1%80%d1%81%d0%ba', 'UA', 1),
(331, 15, 'Южное', '%d0%ae%d0%b6%d0%bd%d0%be%d0%b5', 'UA', 1),
(332, 1, 'Красятичи', '%d0%9a%d1%80%d0%b0%d1%81%d1%8f%d1%82%d0%b8%d1%87%d0%b8', 'UA', 1),
(333, 1, 'Згуровка', '%d0%97%d0%b3%d1%83%d1%80%d0%be%d0%b2%d0%ba%d0%b0', 'UA', 1),
(334, 1, 'Ставище', '%d0%a1%d1%82%d0%b0%d0%b2%d0%b8%d1%89%d0%b5', 'UA', 1),
(335, 1, 'Ржищев', '%d0%a0%d0%b6%d0%b8%d1%89%d0%b5%d0%b2', 'UA', 1),
(336, 3, 'Гадяч', '%d0%93%d0%b0%d0%b4%d1%8f%d1%87', 'UA', 1),
(337, 3, 'Глобино', '%d0%93%d0%bb%d0%be%d0%b1%d0%b8%d0%bd%d0%be', 'UA', 1),
(338, 3, 'Горишние Плавни', '%d0%93%d0%be%d1%80%d0%b8%d1%88%d0%bd%d0%b8%d0%b5-%d0%9f%d0%b', 'UA', 1),
(339, 3, 'Гребенка', '%d0%93%d1%80%d0%b5%d0%b1%d0%b5%d0%bd%d0%ba%d0%b0', 'UA', 1),
(340, 3, 'Диканька', '%d0%94%d0%b8%d0%ba%d0%b0%d0%bd%d1%8c%d0%ba%d0%b0', 'UA', 1),
(341, 3, 'Заводское', '%d0%97%d0%b0%d0%b2%d0%be%d0%b4%d1%81%d0%ba%d0%be%d0%b5', 'UA', 1),
(342, 3, 'Зеньков', '%d0%97%d0%b5%d0%bd%d1%8c%d0%ba%d0%be%d0%b2', 'UA', 1),
(343, 3, 'Карловка', '%d0%9a%d0%b0%d1%80%d0%bb%d0%be%d0%b2%d0%ba%d0%b0', 'UA', 1),
(344, 3, 'Кобеляки', '%d0%9a%d0%be%d0%b1%d0%b5%d0%bb%d1%8f%d0%ba%d0%b8', 'UA', 1),
(345, 3, 'Котельва', '%d0%9a%d0%be%d1%82%d0%b5%d0%bb%d1%8c%d0%b2%d0%b0', 'UA', 1),
(346, 3, 'Кременчуг', '%d0%9a%d1%80%d0%b5%d0%bc%d0%b5%d0%bd%d1%87%d1%83%d0%b3', 'UA', 1),
(347, 3, 'Лохвица', '%d0%9b%d0%be%d1%85%d0%b2%d0%b8%d1%86%d0%b0', 'UA', 1),
(348, 3, 'Лубны', '%d0%9b%d1%83%d0%b1%d0%bd%d1%8b', 'UA', 1),
(349, 3, 'Миргород', '%d0%9c%d0%b8%d1%80%d0%b3%d0%be%d1%80%d0%be%d0%b4', 'UA', 1),
(350, 3, 'Новые Санжары', '%d0%9d%d0%be%d0%b2%d1%8b%d0%b5-%d0%a1%d0%b0%d0%bd%d0%b6%d0%b', 'UA', 1),
(351, 3, 'Пирятин', '%d0%9f%d0%b8%d1%80%d1%8f%d1%82%d0%b8%d0%bd', 'UA', 1),
(352, 3, 'Решетиловка', '%d0%a0%d0%b5%d1%88%d0%b5%d1%82%d0%b8%d0%bb%d0%be%d0%b2%d0%ba', 'UA', 1),
(353, 3, 'Хорол', '%d0%a5%d0%be%d1%80%d0%be%d0%bb', 'UA', 1),
(354, 3, 'Шишаки', '%d0%a8%d0%b8%d1%88%d0%b0%d0%ba%d0%b8', 'UA', 1),
(355, 22, 'Березно', '%d0%91%d0%b5%d1%80%d0%b5%d0%b7%d0%bd%d0%be', 'UA', 1),
(356, 22, 'Вараш', '%d0%92%d0%b0%d1%80%d0%b0%d1%88', 'UA', 1),
(357, 22, 'Владимирец', '%d0%92%d0%bb%d0%b0%d0%b4%d0%b8%d0%bc%d0%b8%d1%80%d0%b5%d1%86', 'UA', 1),
(358, 22, 'Гоща', '%d0%93%d0%be%d1%89%d0%b0', 'UA', 1),
(359, 22, 'Дубно', '%d0%94%d1%83%d0%b1%d0%bd%d0%be', 'UA', 1),
(360, 22, 'Дубровица', '%d0%94%d1%83%d0%b1%d1%80%d0%be%d0%b2%d0%b8%d1%86%d0%b0', 'UA', 1),
(361, 22, 'Заречное', '%d0%97%d0%b0%d1%80%d0%b5%d1%87%d0%bd%d0%be%d0%b5', 'UA', 1),
(362, 22, 'Здолбунов', '%d0%97%d0%b4%d0%be%d0%bb%d0%b1%d1%83%d0%bd%d0%be%d0%b2', 'UA', 1),
(363, 22, 'Квасилов', '%d0%9a%d0%b2%d0%b0%d1%81%d0%b8%d0%bb%d0%be%d0%b2', 'UA', 1),
(364, 22, 'Клевань', '%d0%9a%d0%bb%d0%b5%d0%b2%d0%b0%d0%bd%d1%8c', 'UA', 1),
(365, 22, 'Клесов', '%d0%9a%d0%bb%d0%b5%d1%81%d0%be%d0%b2', 'UA', 1),
(366, 22, 'Корец', '%d0%9a%d0%be%d1%80%d0%b5%d1%86', 'UA', 1),
(367, 22, 'Костополь', '%d0%9a%d0%be%d1%81%d1%82%d0%be%d0%bf%d0%be%d0%bb%d1%8c', 'UA', 1),
(368, 22, 'Млинов', '%d0%9c%d0%bb%d0%b8%d0%bd%d0%be%d0%b2', 'UA', 1),
(369, 22, 'Острог', '%d0%9e%d1%81%d1%82%d1%80%d0%be%d0%b3', 'UA', 1),
(370, 22, 'Радивилов', '%d0%a0%d0%b0%d0%b4%d0%b8%d0%b2%d0%b8%d0%bb%d0%be%d0%b2', 'UA', 1),
(371, 22, 'Рокитное', '%d0%a0%d0%be%d0%ba%d0%b8%d1%82%d0%bd%d0%be%d0%b5-1', 'UA', 1),
(372, 22, 'Ровно', '%d0%a0%d0%be%d0%b2%d0%bd%d0%be', 'UA', 1),
(373, 22, 'Сарны', '%d0%a1%d0%b0%d1%80%d0%bd%d1%8b', 'UA', 1),
(374, 22, 'Степань', '%d0%a1%d1%82%d0%b5%d0%bf%d0%b0%d0%bd%d1%8c', 'UA', 1),
(375, 4, 'Ахтырка', '%d0%90%d1%85%d1%82%d1%8b%d1%80%d0%ba%d0%b0', 'UA', 1),
(376, 4, 'Белополье', '%d0%91%d0%b5%d0%bb%d0%be%d0%bf%d0%be%d0%bb%d1%8c%d0%b5', 'UA', 1),
(377, 4, 'Бурынь', '%d0%91%d1%83%d1%80%d1%8b%d0%bd%d1%8c', 'UA', 1),
(378, 4, 'Ворожба', '%d0%92%d0%be%d1%80%d0%be%d0%b6%d0%b1%d0%b0', 'UA', 1),
(379, 4, 'Воронеж', '%d0%92%d0%be%d1%80%d0%be%d0%bd%d0%b5%d0%b6', 'UA', 1),
(380, 4, 'Глухов', '%d0%93%d0%bb%d1%83%d1%85%d0%be%d0%b2', 'UA', 1),
(381, 4, 'Дружба', '%d0%94%d1%80%d1%83%d0%b6%d0%b1%d0%b0', 'UA', 1),
(382, 4, 'Конотоп', '%d0%9a%d0%be%d0%bd%d0%be%d1%82%d0%be%d0%bf', 'UA', 1),
(383, 4, 'Краснополье', '%d0%9a%d1%80%d0%b0%d1%81%d0%bd%d0%be%d0%bf%d0%be%d0%bb%d1%8c', 'UA', 1),
(384, 4, 'Кролевец', '%d0%9a%d1%80%d0%be%d0%bb%d0%b5%d0%b2%d0%b5%d1%86', 'UA', 1),
(385, 4, 'Лебедин', '%d0%9b%d0%b5%d0%b1%d0%b5%d0%b4%d0%b8%d0%bd', 'UA', 1),
(386, 4, 'Липовая Долина', '%d0%9b%d0%b8%d0%bf%d0%be%d0%b2%d0%b0%d1%8f-%d0%94%d0%be%d0%b', 'UA', 1),
(387, 4, 'Недригайлов', '%d0%9d%d0%b5%d0%b4%d1%80%d0%b8%d0%b3%d0%b0%d0%b9%d0%bb%d0%be', 'UA', 1),
(388, 4, 'Путивль', '%d0%9f%d1%83%d1%82%d0%b8%d0%b2%d0%bb%d1%8c', 'UA', 1),
(389, 4, 'Ромны', '%d0%a0%d0%be%d0%bc%d0%bd%d1%8b', 'UA', 1),
(390, 4, 'Свесса', '%d0%a1%d0%b2%d0%b5%d1%81%d1%81%d0%b0', 'UA', 1),
(391, 4, 'Середина-Буда', '%d0%a1%d0%b5%d1%80%d0%b5%d0%b4%d0%b8%d0%bd%d0%b0-%d0%91%d1%8', 'UA', 1),
(392, 4, 'Степановка', '%d0%a1%d1%82%d0%b5%d0%bf%d0%b0%d0%bd%d0%be%d0%b2%d0%ba%d0%b0', 'UA', 1),
(393, 4, 'Тростянец', '%d0%a2%d1%80%d0%be%d1%81%d1%82%d1%8f%d0%bd%d0%b5%d1%86', 'UA', 1),
(394, 4, 'Шостка', '%d0%a8%d0%be%d1%81%d1%82%d0%ba%d0%b0', 'UA', 1),
(395, 23, 'Бережаны', '%d0%91%d0%b5%d1%80%d0%b5%d0%b6%d0%b0%d0%bd%d1%8b', 'UA', 1),
(396, 23, 'Борщев', '%d0%91%d0%be%d1%80%d1%89%d0%b5%d0%b2', 'UA', 1),
(397, 23, 'Бучач', '%d0%91%d1%83%d1%87%d0%b0%d1%87', 'UA', 1),
(398, 23, 'Великая Березовица', '%d0%92%d0%b5%d0%bb%d0%b8%d0%ba%d0%b0%d1%8f-%d0%91%d0%b5%d1%8', 'UA', 1),
(399, 23, 'Гусятин', '%d0%93%d1%83%d1%81%d1%8f%d1%82%d0%b8%d0%bd', 'UA', 1),
(400, 23, 'Залещики', '%d0%97%d0%b0%d0%bb%d0%b5%d1%89%d0%b8%d0%ba%d0%b8', 'UA', 1),
(401, 23, 'Збараж', '%d0%97%d0%b1%d0%b0%d1%80%d0%b0%d0%b6', 'UA', 1),
(402, 23, 'Зборов', '%d0%97%d0%b1%d0%be%d1%80%d0%be%d0%b2', 'UA', 1),
(403, 23, 'Козова', '%d0%9a%d0%be%d0%b7%d0%be%d0%b2%d0%b0', 'UA', 1),
(404, 23, 'Копычинцы', '%d0%9a%d0%be%d0%bf%d1%8b%d1%87%d0%b8%d0%bd%d1%86%d1%8b', 'UA', 1),
(405, 23, 'Кременец', '%d0%9a%d1%80%d0%b5%d0%bc%d0%b5%d0%bd%d0%b5%d1%86', 'UA', 1),
(406, 23, 'Лановцы', '%d0%9b%d0%b0%d0%bd%d0%be%d0%b2%d1%86%d1%8b', 'UA', 1),
(407, 23, 'Монастыриска', '%d0%9c%d0%be%d0%bd%d0%b0%d1%81%d1%82%d1%8b%d1%80%d0%b8%d1%81', 'UA', 1),
(408, 23, 'Подволочиск', '%d0%9f%d0%be%d0%b4%d0%b2%d0%be%d0%bb%d0%be%d1%87%d0%b8%d1%81', 'UA', 1),
(409, 23, 'Подгайцы', '%d0%9f%d0%be%d0%b4%d0%b3%d0%b0%d0%b9%d1%86%d1%8b', 'UA', 1),
(410, 23, 'Почаев', '%d0%9f%d0%be%d1%87%d0%b0%d0%b5%d0%b2', 'UA', 1),
(411, 23, 'Скалат', '%d0%a1%d0%ba%d0%b0%d0%bb%d0%b0%d1%82', 'UA', 1),
(412, 23, 'Теребовля', '%d0%a2%d0%b5%d1%80%d0%b5%d0%b1%d0%be%d0%b2%d0%bb%d1%8f', 'UA', 1),
(413, 23, 'Хоростков', '%d0%a5%d0%be%d1%80%d0%be%d1%81%d1%82%d0%ba%d0%be%d0%b2', 'UA', 1),
(414, 23, 'Чортков', '%d0%a7%d0%be%d1%80%d1%82%d0%ba%d0%be%d0%b2', 'UA', 1),
(415, 23, 'Шумск', '%d0%a8%d1%83%d0%bc%d1%81%d0%ba', 'UA', 1),
(416, 24, 'Берегово', '%d0%91%d0%b5%d1%80%d0%b5%d0%b3%d0%be%d0%b2%d0%be', 'UA', 1),
(417, 24, 'Буштыно', '%d0%91%d1%83%d1%88%d1%82%d1%8b%d0%bd%d0%be', 'UA', 1),
(418, 24, 'Великий Бычков', '%d0%92%d0%b5%d0%bb%d0%b8%d0%ba%d0%b8%d0%b9-%d0%91%d1%8b%d1%8', 'UA', 1),
(419, 24, 'Виноградов', '%d0%92%d0%b8%d0%bd%d0%be%d0%b3%d1%80%d0%b0%d0%b4%d0%be%d0%b2', 'UA', 1),
(420, 24, 'Вышково', '%d0%92%d1%8b%d1%88%d0%ba%d0%be%d0%b2%d0%be', 'UA', 1),
(421, 24, 'Дубовое', '%d0%94%d1%83%d0%b1%d0%be%d0%b2%d0%be%d0%b5', 'UA', 1),
(422, 24, 'Иршава', '%d0%98%d1%80%d1%88%d0%b0%d0%b2%d0%b0', 'UA', 1),
(423, 24, 'Королево', '%d0%9a%d0%be%d1%80%d0%be%d0%bb%d0%b5%d0%b2%d0%be', 'UA', 1),
(424, 24, 'Межгорье', '%d0%9c%d0%b5%d0%b6%d0%b3%d0%be%d1%80%d1%8c%d0%b5', 'UA', 1),
(425, 24, 'Мукачево', '%d0%9c%d1%83%d0%ba%d0%b0%d1%87%d0%b5%d0%b2%d0%be', 'UA', 1),
(426, 24, 'Перечин', '%d0%9f%d0%b5%d1%80%d0%b5%d1%87%d0%b8%d0%bd', 'UA', 1),
(427, 24, 'Рахов', '%d0%a0%d0%b0%d1%85%d0%be%d0%b2', 'UA', 1),
(428, 24, 'Свалява', '%d0%a1%d0%b2%d0%b0%d0%bb%d1%8f%d0%b2%d0%b0', 'UA', 1),
(429, 24, 'Солотвино', '%d0%a1%d0%be%d0%bb%d0%be%d1%82%d0%b2%d0%b8%d0%bd%d0%be', 'UA', 1),
(430, 24, 'Тячев', '%d0%a2%d1%8f%d1%87%d0%b5%d0%b2', 'UA', 1),
(431, 24, 'Хуст', '%d0%a5%d1%83%d1%81%d1%82', 'UA', 1),
(432, 24, 'Чоп', '%d0%a7%d0%be%d0%bf', 'UA', 1),
(433, 24, 'Ясиня', '%d0%af%d1%81%d0%b8%d0%bd%d1%8f', 'UA', 1),
(434, 17, 'Балаклея', '%d0%91%d0%b0%d0%bb%d0%b0%d0%ba%d0%bb%d0%b5%d1%8f', 'UA', 1),
(435, 17, 'Барвенково', '%d0%91%d0%b0%d1%80%d0%b2%d0%b5%d0%bd%d0%ba%d0%be%d0%b2%d0%be', 'UA', 1),
(436, 17, 'Богодухов', '%d0%91%d0%be%d0%b3%d0%be%d0%b4%d1%83%d1%85%d0%be%d0%b2', 'UA', 1),
(437, 17, 'Валки', '%d0%92%d0%b0%d0%bb%d0%ba%d0%b8', 'UA', 1),
(438, 17, 'Волчанск', '%d0%92%d0%be%d0%bb%d1%87%d0%b0%d0%bd%d1%81%d0%ba', 'UA', 1),
(439, 17, 'Высокий', '%d0%92%d1%8b%d1%81%d0%be%d0%ba%d0%b8%d0%b9', 'UA', 1),
(440, 17, 'Дергачи', '%d0%94%d0%b5%d1%80%d0%b3%d0%b0%d1%87%d0%b8', 'UA', 1),
(441, 17, 'Змиев', '%d0%97%d0%bc%d0%b8%d0%b5%d0%b2', 'UA', 1),
(442, 17, 'Изюм', '%d0%98%d0%b7%d1%8e%d0%bc', 'UA', 1),
(443, 17, 'Ковшаровка', '%d0%9a%d0%be%d0%b2%d1%88%d0%b0%d1%80%d0%be%d0%b2%d0%ba%d0%b0', 'UA', 1),
(444, 17, 'Красноград', '%d0%9a%d1%80%d0%b0%d1%81%d0%bd%d0%be%d0%b3%d1%80%d0%b0%d0%b4', 'UA', 1),
(445, 17, 'Купянск', '%d0%9a%d1%83%d0%bf%d1%8f%d0%bd%d1%81%d0%ba', 'UA', 1),
(446, 17, 'Лозовая', '%d0%9b%d0%be%d0%b7%d0%be%d0%b2%d0%b0%d1%8f', 'UA', 1),
(447, 17, 'Люботин', '%d0%9b%d1%8e%d0%b1%d0%be%d1%82%d0%b8%d0%bd', 'UA', 1),
(448, 17, 'Мерефа', '%d0%9c%d0%b5%d1%80%d0%b5%d1%84%d0%b0', 'UA', 1),
(449, 17, 'Новая Водолага', '%d0%9d%d0%be%d0%b2%d0%b0%d1%8f-%d0%92%d0%be%d0%b4%d0%be%d0%b', 'UA', 1),
(450, 17, 'Первомайский', '%d0%9f%d0%b5%d1%80%d0%b2%d0%be%d0%bc%d0%b0%d0%b9%d1%81%d0%ba', 'UA', 1),
(451, 17, 'Песочин', '%d0%9f%d0%b5%d1%81%d0%be%d1%87%d0%b8%d0%bd', 'UA', 1),
(452, 17, 'Пивденное', '%d0%9f%d0%b8%d0%b2%d0%b4%d0%b5%d0%bd%d0%bd%d0%be%d0%b5', 'UA', 1),
(453, 17, 'Солоницевка', '%d0%a1%d0%be%d0%bb%d0%be%d0%bd%d0%b8%d1%86%d0%b5%d0%b2%d0%ba', 'UA', 1),
(454, 17, 'Слобожанское', '%d0%a1%d0%bb%d0%be%d0%b1%d0%be%d0%b6%d0%b0%d0%bd%d1%81%d0%ba', 'UA', 1),
(455, 17, 'Чугуев', '%d0%a7%d1%83%d0%b3%d1%83%d0%b5%d0%b2', 'UA', 1),
(456, 18, 'Алешки', '%d0%90%d0%bb%d0%b5%d1%88%d0%ba%d0%b8', 'UA', 1),
(457, 18, 'Антоновка', '%d0%90%d0%bd%d1%82%d0%be%d0%bd%d0%be%d0%b2%d0%ba%d0%b0', 'UA', 1),
(458, 18, 'Берислав', '%d0%91%d0%b5%d1%80%d0%b8%d1%81%d0%bb%d0%b0%d0%b2', 'UA', 1),
(459, 18, 'Великая Александровка', '%d0%92%d0%b5%d0%bb%d0%b8%d0%ba%d0%b0%d1%8f-%d0%90%d0%bb%d0%b', 'UA', 1),
(460, 18, 'Великая Лепетиха', '%d0%92%d0%b5%d0%bb%d0%b8%d0%ba%d0%b0%d1%8f-%d0%9b%d0%b5%d0%b', 'UA', 1),
(461, 18, 'Геническ', '%d0%93%d0%b5%d0%bd%d0%b8%d1%87%d0%b5%d1%81%d0%ba', 'UA', 1),
(462, 18, 'Голая Пристань', '%d0%93%d0%be%d0%bb%d0%b0%d1%8f-%d0%9f%d1%80%d0%b8%d1%81%d1%8', 'UA', 1),
(463, 18, 'Горностаевка', '%d0%93%d0%be%d1%80%d0%bd%d0%be%d1%81%d1%82%d0%b0%d0%b5%d0%b2', 'UA', 1),
(464, 18, 'Камышаны', '%d0%9a%d0%b0%d0%bc%d1%8b%d1%88%d0%b0%d0%bd%d1%8b', 'UA', 1),
(465, 18, 'Каховка', '%d0%9a%d0%b0%d1%85%d0%be%d0%b2%d0%ba%d0%b0', 'UA', 1),
(466, 18, 'Новая Каховка', '%d0%9d%d0%be%d0%b2%d0%b0%d1%8f-%d0%9a%d0%b0%d1%85%d0%be%d0%b', 'UA', 1),
(467, 18, 'Новая Маячка', '%d0%9d%d0%be%d0%b2%d0%b0%d1%8f-%d0%9c%d0%b0%d1%8f%d1%87%d0%b', 'UA', 1),
(468, 18, 'Нововоронцовка', '%d0%9d%d0%be%d0%b2%d0%be%d0%b2%d0%be%d1%80%d0%be%d0%bd%d1%86', 'UA', 1),
(469, 18, 'Новотроицкое', '%d0%9d%d0%be%d0%b2%d0%be%d1%82%d1%80%d0%be%d0%b8%d1%86%d0%ba', 'UA', 1),
(470, 18, 'Скадовск', '%d0%a1%d0%ba%d0%b0%d0%b4%d0%be%d0%b2%d1%81%d0%ba', 'UA', 1),
(471, 18, 'Таврийск', '%d0%a2%d0%b0%d0%b2%d1%80%d0%b8%d0%b9%d1%81%d0%ba', 'UA', 1),
(472, 18, 'Новоалексеевка', '%d0%9d%d0%be%d0%b2%d0%be%d0%b0%d0%bb%d0%b5%d0%ba%d1%81%d0%b5', 'UA', 1),
(473, 18, 'Чаплинка', '%d0%a7%d0%b0%d0%bf%d0%bb%d0%b8%d0%bd%d0%ba%d0%b0', 'UA', 1),
(474, 18, 'Белозерка', '%d0%91%d0%b5%d0%bb%d0%be%d0%b7%d0%b5%d1%80%d0%ba%d0%b0', 'UA', 1),
(475, 18, 'Каланчак', '%d0%9a%d0%b0%d0%bb%d0%b0%d0%bd%d1%87%d0%b0%d0%ba', 'UA', 1),
(476, 21, 'Белогорье', '%d0%91%d0%b5%d0%bb%d0%be%d0%b3%d0%be%d1%80%d1%8c%d0%b5', 'UA', 1),
(477, 21, 'Виньковцы', '%d0%92%d0%b8%d0%bd%d1%8c%d0%ba%d0%be%d0%b2%d1%86%d1%8b', 'UA', 1),
(478, 21, 'Волочиск', '%d0%92%d0%be%d0%bb%d0%be%d1%87%d0%b8%d1%81%d0%ba', 'UA', 1),
(479, 21, 'Городок', '%d0%93%d0%be%d1%80%d0%be%d0%b4%d0%be%d0%ba-1', 'UA', 1),
(480, 21, 'Деражня', '%d0%94%d0%b5%d1%80%d0%b0%d0%b6%d0%bd%d1%8f', 'UA', 1),
(481, 21, 'Дунаевцы', '%d0%94%d1%83%d0%bd%d0%b0%d0%b5%d0%b2%d1%86%d1%8b', 'UA', 1),
(482, 21, 'Изяслав', '%d0%98%d0%b7%d1%8f%d1%81%d0%bb%d0%b0%d0%b2', 'UA', 1),
(483, 21, 'Каменец-Подольский', '%d0%9a%d0%b0%d0%bc%d0%b5%d0%bd%d0%b5%d1%86-%d0%9f%d0%be%d0%b', 'UA', 1),
(484, 21, 'Красилов', '%d0%9a%d1%80%d0%b0%d1%81%d0%b8%d0%bb%d0%be%d0%b2', 'UA', 1),
(485, 21, 'Летичев', '%d0%9b%d0%b5%d1%82%d0%b8%d1%87%d0%b5%d0%b2', 'UA', 1),
(486, 21, 'Нетешин', '%d0%9d%d0%b5%d1%82%d0%b5%d1%88%d0%b8%d0%bd', 'UA', 1),
(487, 21, 'Полонное', '%d0%9f%d0%be%d0%bb%d0%be%d0%bd%d0%bd%d0%be%d0%b5', 'UA', 1),
(488, 21, 'Понинка', '%d0%9f%d0%be%d0%bd%d0%b8%d0%bd%d0%ba%d0%b0', 'UA', 1),
(489, 21, 'Славута', '%d0%a1%d0%bb%d0%b0%d0%b2%d1%83%d1%82%d0%b0', 'UA', 1),
(490, 21, 'Старая Синява', '%d0%a1%d1%82%d0%b0%d1%80%d0%b0%d1%8f-%d0%a1%d0%b8%d0%bd%d1%8', 'UA', 1),
(491, 21, 'Староконстантинов', '%d0%a1%d1%82%d0%b0%d1%80%d0%be%d0%ba%d0%be%d0%bd%d1%81%d1%82', 'UA', 1),
(492, 21, 'Теофиполь', '%d0%a2%d0%b5%d0%be%d1%84%d0%b8%d0%bf%d0%be%d0%bb%d1%8c', 'UA', 1),
(493, 21, 'Шепетовка', '%d0%a8%d0%b5%d0%bf%d0%b5%d1%82%d0%be%d0%b2%d0%ba%d0%b0', 'UA', 1),
(494, 21, 'Чемеровцы', '%d0%a7%d0%b5%d0%bc%d0%b5%d1%80%d0%be%d0%b2%d1%86%d1%8b', 'UA', 1),
(495, 21, 'Ярмолинцы', '%d0%af%d1%80%d0%bc%d0%be%d0%bb%d0%b8%d0%bd%d1%86%d1%8b', 'UA', 1),
(496, 7, 'Ватутино', '%d0%92%d0%b0%d1%82%d1%83%d1%82%d0%b8%d0%bd%d0%be', 'UA', 1),
(497, 7, 'Драбов', '%d0%94%d1%80%d0%b0%d0%b1%d0%be%d0%b2', 'UA', 1),
(498, 7, 'Жашков', '%d0%96%d0%b0%d1%88%d0%ba%d0%be%d0%b2', 'UA', 1),
(499, 7, 'Звенигородка', '%d0%97%d0%b2%d0%b5%d0%bd%d0%b8%d0%b3%d0%be%d1%80%d0%be%d0%b4', 'UA', 1),
(500, 7, 'Золотоноша', '%d0%97%d0%be%d0%bb%d0%be%d1%82%d0%be%d0%bd%d0%be%d1%88%d0%b0', 'UA', 1),
(501, 7, 'Каменка', '%d0%9a%d0%b0%d0%bc%d0%b5%d0%bd%d0%ba%d0%b0', 'UA', 1),
(502, 7, 'Канев', '%d0%9a%d0%b0%d0%bd%d0%b5%d0%b2', 'UA', 1),
(503, 7, 'Корсунь-Шевченковский', '%d0%9a%d0%be%d1%80%d1%81%d1%83%d0%bd%d1%8c-%d0%a8%d0%b5%d0%b', 'UA', 1),
(504, 7, 'Маньковка', '%d0%9c%d0%b0%d0%bd%d1%8c%d0%ba%d0%be%d0%b2%d0%ba%d0%b0', 'UA', 1),
(505, 7, 'Монастырище', '%d0%9c%d0%be%d0%bd%d0%b0%d1%81%d1%82%d1%8b%d1%80%d0%b8%d1%89', 'UA', 1),
(506, 7, 'Смела', '%d0%a1%d0%bc%d0%b5%d0%bb%d0%b0', 'UA', 1),
(507, 7, 'Тальное', '%d0%a2%d0%b0%d0%bb%d1%8c%d0%bd%d0%be%d0%b5', 'UA', 1),
(508, 7, 'Умань', '%d0%a3%d0%bc%d0%b0%d0%bd%d1%8c', 'UA', 1),
(509, 7, 'Христиновка', '%d0%a5%d1%80%d0%b8%d1%81%d1%82%d0%b8%d0%bd%d0%be%d0%b2%d0%ba', 'UA', 1),
(510, 7, 'Чернобай', '%d0%a7%d0%b5%d1%80%d0%bd%d0%be%d0%b1%d0%b0%d0%b9', 'UA', 1),
(511, 7, 'Чигирин', '%d0%a7%d0%b8%d0%b3%d0%b8%d1%80%d0%b8%d0%bd', 'UA', 1),
(512, 7, 'Шпола', '%d0%a8%d0%bf%d0%be%d0%bb%d0%b0', 'UA', 1),
(513, 16, 'Батурин', '%d0%91%d0%b0%d1%82%d1%83%d1%80%d0%b8%d0%bd', 'UA', 1),
(514, 16, 'Бахмач', '%d0%91%d0%b0%d1%85%d0%bc%d0%b0%d1%87', 'UA', 1),
(515, 16, 'Бобровица', '%d0%91%d0%be%d0%b1%d1%80%d0%be%d0%b2%d0%b8%d1%86%d0%b0', 'UA', 1),
(516, 16, 'Борзна', '%d0%91%d0%be%d1%80%d0%b7%d0%bd%d0%b0', 'UA', 1),
(517, 16, 'Варва', '%d0%92%d0%b0%d1%80%d0%b2%d0%b0', 'UA', 1),
(518, 16, 'Городня', '%d0%93%d0%be%d1%80%d0%be%d0%b4%d0%bd%d1%8f', 'UA', 1),
(519, 16, 'Десна', '%d0%94%d0%b5%d1%81%d0%bd%d0%b0', 'UA', 1),
(520, 16, 'Ичня', '%d0%98%d1%87%d0%bd%d1%8f', 'UA', 1),
(521, 16, 'Козелец', '%d0%9a%d0%be%d0%b7%d0%b5%d0%bb%d0%b5%d1%86', 'UA', 1),
(522, 16, 'Короп', '%d0%9a%d0%be%d1%80%d0%be%d0%bf', 'UA', 1),
(523, 16, 'Корюковка', '%d0%9a%d0%be%d1%80%d1%8e%d0%ba%d0%be%d0%b2%d0%ba%d0%b0', 'UA', 1),
(524, 16, 'Куликовка', '%d0%9a%d1%83%d0%bb%d0%b8%d0%ba%d0%be%d0%b2%d0%ba%d0%b0', 'UA', 1),
(525, 16, 'Ладан', '%d0%9b%d0%b0%d0%b4%d0%b0%d0%bd', 'UA', 1),
(526, 16, 'Мена', '%d0%9c%d0%b5%d0%bd%d0%b0', 'UA', 1),
(527, 16, 'Нежин', '%d0%9d%d0%b5%d0%b6%d0%b8%d0%bd', 'UA', 1),
(528, 16, 'Новгород-Северский', '%d0%9d%d0%be%d0%b2%d0%b3%d0%be%d1%80%d0%be%d0%b4-%d0%a1%d0%b', 'UA', 1),
(529, 16, 'Носовка', '%d0%9d%d0%be%d1%81%d0%be%d0%b2%d0%ba%d0%b0', 'UA', 1),
(530, 16, 'Остер', '%d0%9e%d1%81%d1%82%d0%b5%d1%80', 'UA', 1),
(531, 16, 'Прилуки', '%d0%9f%d1%80%d0%b8%d0%bb%d1%83%d0%ba%d0%b8', 'UA', 1),
(532, 16, 'Репки', '%d0%a0%d0%b5%d0%bf%d0%ba%d0%b8', 'UA', 1),
(533, 16, 'Семеновка', '%d0%a1%d0%b5%d0%bc%d0%b5%d0%bd%d0%be%d0%b2%d0%ba%d0%b0', 'UA', 1),
(534, 16, 'Сновск', '%d0%a1%d0%bd%d0%be%d0%b2%d1%81%d0%ba', 'UA', 1),
(535, 16, 'Сосница', '%d0%a1%d0%be%d1%81%d0%bd%d0%b8%d1%86%d0%b0', 'UA', 1),
(536, 16, 'Талалаевка', '%d0%a2%d0%b0%d0%bb%d0%b0%d0%bb%d0%b0%d0%b5%d0%b2%d0%ba%d0%b0', 'UA', 1),
(537, 25, 'Берегомет', '%d0%91%d0%b5%d1%80%d0%b5%d0%b3%d0%be%d0%bc%d0%b5%d1%82', 'UA', 1),
(538, 25, 'Вашковцы', '%d0%92%d0%b0%d1%88%d0%ba%d0%be%d0%b2%d1%86%d1%8b', 'UA', 1),
(539, 25, 'Великий Кучуров', '%d0%92%d0%b5%d0%bb%d0%b8%d0%ba%d0%b8%d0%b9-%d0%9a%d1%83%d1%8', 'UA', 1),
(540, 25, 'Вижница', '%d0%92%d0%b8%d0%b6%d0%bd%d0%b8%d1%86%d0%b0', 'UA', 1),
(541, 25, 'Герца', '%d0%93%d0%b5%d1%80%d1%86%d0%b0', 'UA', 1),
(542, 25, 'Глыбокая', '%d0%93%d0%bb%d1%8b%d0%b1%d0%be%d0%ba%d0%b0%d1%8f', 'UA', 1),
(543, 25, 'Заставна', '%d0%97%d0%b0%d1%81%d1%82%d0%b0%d0%b2%d0%bd%d0%b0', 'UA', 1),
(544, 25, 'Каменка', '%d0%9a%d0%b0%d0%bc%d0%b5%d0%bd%d0%ba%d0%b0-1', 'UA', 1),
(545, 25, 'Кельменцы', '%d0%9a%d0%b5%d0%bb%d1%8c%d0%bc%d0%b5%d0%bd%d1%86%d1%8b', 'UA', 1),
(546, 25, 'Кицмань', '%d0%9a%d0%b8%d1%86%d0%bc%d0%b0%d0%bd%d1%8c', 'UA', 1),
(547, 25, 'Клишковцы', '%d0%9a%d0%bb%d0%b8%d1%88%d0%ba%d0%be%d0%b2%d1%86%d1%8b', 'UA', 1),
(548, 25, 'Красноильск', '%d0%9a%d1%80%d0%b0%d1%81%d0%bd%d0%be%d0%b8%d0%bb%d1%8c%d1%81', 'UA', 1),
(549, 25, 'Новоднестровск', '%d0%9d%d0%be%d0%b2%d0%be%d0%b4%d0%bd%d0%b5%d1%81%d1%82%d1%80', 'UA', 1),
(550, 25, 'Новоселица', '%d0%9d%d0%be%d0%b2%d0%be%d1%81%d0%b5%d0%bb%d0%b8%d1%86%d0%b0', 'UA', 1),
(551, 25, 'Сокиряны', '%d0%a1%d0%be%d0%ba%d0%b8%d1%80%d1%8f%d0%bd%d1%8b', 'UA', 1),
(552, 25, 'Сторожинец', '%d0%a1%d1%82%d0%be%d1%80%d0%be%d0%b6%d0%b8%d0%bd%d0%b5%d1%86', 'UA', 1),
(553, 25, 'Хотин', '%d0%a5%d0%be%d1%82%d0%b8%d0%bd', 'UA', 1),
(554, 19, 'Алупка', '%d0%90%d0%bb%d1%83%d0%bf%d0%ba%d0%b0', 'UA', 1),
(555, 19, 'Алушта', '%d0%90%d0%bb%d1%83%d1%88%d1%82%d0%b0', 'UA', 1),
(556, 19, 'Армянск', '%d0%90%d1%80%d0%bc%d1%8f%d0%bd%d1%81%d0%ba', 'UA', 1),
(557, 19, 'Бахчисарай', '%d0%91%d0%b0%d1%85%d1%87%d0%b8%d1%81%d0%b0%d1%80%d0%b0%d0%b9', 'UA', 1),
(558, 19, 'Белогорский', '%d0%91%d0%b5%d0%bb%d0%be%d0%b3%d0%be%d1%80%d1%81%d0%ba%d0%b8', 'UA', 1),
(559, 19, 'Джанкой', '%d0%94%d0%b6%d0%b0%d0%bd%d0%ba%d0%be%d0%b9', 'UA', 1),
(560, 19, 'Евпатория', '%d0%95%d0%b2%d0%bf%d0%b0%d1%82%d0%be%d1%80%d0%b8%d1%8f', 'UA', 1);
INSERT INTO `oc_t_city` (`pk_i_id`, `fk_i_region_id`, `s_name`, `s_slug`, `fk_c_country_code`, `b_active`) VALUES
(561, 19, 'Керчь', '%d0%9a%d0%b5%d1%80%d1%87%d1%8c', 'UA', 1),
(562, 19, 'Кировское', '%d0%9a%d0%b8%d1%80%d0%be%d0%b2%d1%81%d0%ba%d0%be%d0%b5-1', 'UA', 1),
(563, 19, 'Красногвардейск', '%d0%9a%d1%80%d0%b0%d1%81%d0%bd%d0%be%d0%b3%d0%b2%d0%b0%d1%80', 'UA', 1),
(564, 19, 'Красноперекопск', '%d0%9a%d1%80%d0%b0%d1%81%d0%bd%d0%be%d0%bf%d0%b5%d1%80%d0%b5', 'UA', 1),
(565, 19, 'Ленино', '%d0%9b%d0%b5%d0%bd%d0%b8%d0%bd%d0%be', 'UA', 1),
(566, 19, 'Нижнегорский', '%d0%9d%d0%b8%d0%b6%d0%bd%d0%b5%d0%b3%d0%be%d1%80%d1%81%d0%ba', 'UA', 1),
(567, 19, 'Первомайское', '%d0%9f%d0%b5%d1%80%d0%b2%d0%be%d0%bc%d0%b0%d0%b9%d1%81%d0%ba', 'UA', 1),
(568, 19, 'Раздольное', '%d0%a0%d0%b0%d0%b7%d0%b4%d0%be%d0%bb%d1%8c%d0%bd%d0%be%d0%b5', 'UA', 1),
(569, 19, 'Саки', '%d0%a1%d0%b0%d0%ba%d0%b8', 'UA', 1),
(570, 19, 'Советский', '%d0%a1%d0%be%d0%b2%d0%b5%d1%82%d1%81%d0%ba%d0%b8%d0%b9', 'UA', 1),
(571, 19, 'Судак', '%d0%a1%d1%83%d0%b4%d0%b0%d0%ba', 'UA', 1),
(572, 19, 'Феодосия', '%d0%a4%d0%b5%d0%be%d0%b4%d0%be%d1%81%d0%b8%d1%8f', 'UA', 1),
(573, 19, 'Черноморское', '%d0%a7%d0%b5%d1%80%d0%bd%d0%be%d0%bc%d0%be%d1%80%d1%81%d0%ba', 'UA', 1),
(574, 19, 'Ялта', '%d0%af%d0%bb%d1%82%d0%b0', 'UA', 1);

-- --------------------------------------------------------

--
-- Структура таблиці `oc_t_city_area`
--

CREATE TABLE IF NOT EXISTS `oc_t_city_area` (
  `pk_i_id` int(10) unsigned NOT NULL,
  `fk_i_city_id` int(10) unsigned NOT NULL,
  `s_name` varchar(255) NOT NULL,
  PRIMARY KEY (`pk_i_id`),
  KEY `fk_i_city_id` (`fk_i_city_id`),
  KEY `idx_s_name` (`s_name`)
) ENGINE=InnoDB DEFAULT CHARSET=utf8;

-- --------------------------------------------------------

--
-- Структура таблиці `oc_t_city_stats`
--

CREATE TABLE IF NOT EXISTS `oc_t_city_stats` (
  `fk_i_city_id` int(10) unsigned NOT NULL,
  `i_num_items` int(10) unsigned NOT NULL DEFAULT '0',
  PRIMARY KEY (`fk_i_city_id`),
  KEY `idx_num_items` (`i_num_items`)
) ENGINE=InnoDB DEFAULT CHARSET=utf8;

--
-- Дамп даних таблиці `oc_t_city_stats`
--

INSERT INTO `oc_t_city_stats` (`fk_i_city_id`, `i_num_items`) VALUES
(2, 0),
(3, 0),
(5, 0),
(6, 0),
(7, 0),
(8, 0),
(9, 0),
(10, 0),
(11, 0),
(12, 0),
(13, 0),
(14, 0),
(15, 0),
(16, 0),
(17, 0),
(18, 0),
(19, 0),
(20, 0),
(21, 0),
(22, 0),
(23, 0),
(24, 0),
(25, 0),
(26, 0),
(27, 0),
(28, 0),
(29, 0),
(30, 0),
(31, 0),
(32, 0),
(33, 0),
(34, 0),
(35, 0),
(36, 0),
(38, 0),
(39, 0),
(40, 0),
(41, 0),
(42, 0),
(43, 0),
(44, 0),
(45, 0),
(46, 0),
(47, 0),
(48, 0),
(49, 0),
(50, 0),
(51, 0),
(52, 0),
(53, 0),
(54, 0),
(55, 0),
(56, 0),
(57, 0),
(58, 0),
(59, 0),
(60, 0),
(61, 0),
(62, 0),
(63, 0),
(64, 0),
(65, 0),
(66, 0),
(67, 0),
(68, 0),
(69, 0),
(70, 0),
(71, 0),
(72, 0),
(73, 0),
(74, 0),
(75, 0),
(76, 0),
(77, 0),
(78, 0),
(79, 0),
(80, 0),
(81, 0),
(82, 0),
(83, 0),
(84, 0),
(85, 0),
(86, 0),
(87, 0),
(88, 0),
(89, 0),
(90, 0),
(91, 0),
(92, 0),
(93, 0),
(94, 0),
(95, 0),
(96, 0),
(97, 0),
(98, 0),
(99, 0),
(100, 0),
(101, 0),
(102, 0),
(103, 0),
(104, 0),
(105, 0),
(106, 0),
(107, 0),
(108, 0),
(109, 0),
(110, 0),
(111, 0),
(112, 0),
(113, 0),
(114, 0),
(115, 0),
(116, 0),
(117, 0),
(118, 0),
(119, 0),
(120, 0),
(121, 0),
(122, 0),
(123, 0),
(124, 0),
(125, 0),
(126, 0),
(127, 0),
(128, 0),
(129, 0),
(130, 0),
(131, 0),
(132, 0),
(133, 0),
(134, 0),
(135, 0),
(136, 0),
(137, 0),
(138, 0),
(139, 0),
(140, 0),
(141, 0),
(142, 0),
(143, 0),
(144, 0),
(145, 0),
(146, 0),
(147, 0),
(148, 0),
(149, 0),
(150, 0),
(151, 0),
(152, 0),
(153, 0),
(154, 0),
(155, 0),
(156, 0),
(157, 0),
(158, 0),
(159, 0),
(160, 0),
(161, 0),
(162, 0),
(163, 0),
(164, 0),
(165, 0),
(166, 0),
(167, 0),
(168, 0),
(169, 0),
(170, 0),
(171, 0),
(172, 0),
(173, 0),
(174, 0),
(175, 0),
(176, 0),
(177, 0),
(178, 0),
(179, 0),
(180, 0),
(181, 0),
(182, 0),
(183, 0),
(184, 0),
(185, 0),
(186, 0),
(187, 0),
(188, 0),
(189, 0),
(190, 0),
(191, 0),
(192, 0),
(193, 0),
(194, 0),
(195, 0),
(196, 0),
(197, 0),
(198, 0),
(199, 0),
(200, 0),
(201, 0),
(202, 0),
(203, 0),
(204, 0),
(205, 0),
(206, 0),
(207, 0),
(208, 0),
(209, 0),
(210, 0),
(211, 0),
(212, 0),
(213, 0),
(214, 0),
(215, 0),
(216, 0),
(217, 0),
(218, 0),
(219, 0),
(220, 0),
(221, 0),
(222, 0),
(223, 0),
(224, 0),
(225, 0),
(226, 0),
(227, 0),
(228, 0),
(229, 0),
(230, 0),
(231, 0),
(232, 0),
(233, 0),
(234, 0),
(235, 0),
(236, 0),
(237, 0),
(238, 0),
(239, 0),
(240, 0),
(241, 0),
(242, 0),
(243, 0),
(244, 0),
(245, 0),
(246, 0),
(247, 0),
(248, 0),
(249, 0),
(250, 0),
(251, 0),
(252, 0),
(253, 0),
(254, 0),
(255, 0),
(256, 0),
(257, 0),
(258, 0),
(259, 0),
(260, 0),
(261, 0),
(262, 0),
(263, 0),
(264, 0),
(265, 0),
(266, 0),
(267, 0),
(268, 0),
(269, 0),
(270, 0),
(271, 0),
(272, 0),
(273, 0),
(274, 0),
(275, 0),
(276, 0),
(277, 0),
(278, 0),
(279, 0),
(280, 0),
(281, 0),
(282, 0),
(283, 0),
(284, 0),
(285, 0),
(286, 0),
(287, 0),
(288, 0),
(289, 0),
(290, 0),
(291, 0),
(292, 0),
(293, 0),
(294, 0),
(295, 0),
(296, 0),
(297, 0),
(298, 0),
(299, 0),
(300, 0),
(301, 0),
(302, 0),
(303, 0),
(304, 0),
(305, 0),
(306, 0),
(307, 0),
(308, 0),
(309, 0),
(310, 0),
(311, 0),
(312, 0),
(313, 0),
(314, 0),
(315, 0),
(316, 0),
(317, 0),
(318, 0),
(319, 0),
(320, 0),
(321, 0),
(322, 0),
(323, 0),
(324, 0),
(325, 0),
(326, 0),
(327, 0),
(328, 0),
(329, 0),
(330, 0),
(331, 0),
(332, 0),
(333, 0),
(334, 0),
(335, 0),
(336, 0),
(337, 0),
(338, 0),
(339, 0),
(340, 0),
(341, 0),
(342, 0),
(343, 0),
(344, 0),
(345, 0),
(346, 0),
(347, 0),
(348, 0),
(349, 0),
(350, 0),
(351, 0),
(352, 0),
(353, 0),
(354, 0),
(355, 0),
(356, 0),
(357, 0),
(358, 0),
(359, 0),
(360, 0),
(361, 0),
(362, 0),
(363, 0),
(364, 0),
(365, 0),
(366, 0),
(367, 0),
(368, 0),
(369, 0),
(370, 0),
(371, 0),
(372, 0),
(373, 0),
(374, 0),
(375, 0),
(376, 0),
(377, 0),
(378, 0),
(379, 0),
(380, 0),
(381, 0),
(382, 0),
(383, 0),
(384, 0),
(385, 0),
(386, 0),
(387, 0),
(388, 0),
(389, 0),
(390, 0),
(391, 0),
(392, 0),
(393, 0),
(394, 0),
(395, 0),
(396, 0),
(397, 0),
(398, 0),
(399, 0),
(400, 0),
(401, 0),
(402, 0),
(403, 0),
(404, 0),
(405, 0),
(406, 0),
(407, 0),
(408, 0),
(409, 0),
(410, 0),
(411, 0),
(412, 0),
(413, 0),
(414, 0),
(415, 0),
(416, 0),
(417, 0),
(418, 0),
(419, 0),
(420, 0),
(421, 0),
(422, 0),
(423, 0),
(424, 0),
(425, 0),
(426, 0),
(427, 0),
(428, 0),
(429, 0),
(430, 0),
(431, 0),
(432, 0),
(433, 0),
(434, 0),
(435, 0),
(436, 0),
(437, 0),
(438, 0),
(439, 0),
(440, 0),
(441, 0),
(442, 0),
(443, 0),
(444, 0),
(445, 0),
(446, 0),
(447, 0),
(448, 0),
(449, 0),
(450, 0),
(451, 0),
(452, 0),
(453, 0),
(454, 0),
(455, 0),
(456, 0),
(457, 0),
(458, 0),
(459, 0),
(460, 0),
(461, 0),
(462, 0),
(463, 0),
(464, 0),
(465, 0),
(466, 0),
(467, 0),
(468, 0),
(469, 0),
(470, 0),
(471, 0),
(472, 0),
(473, 0),
(474, 0),
(475, 0),
(476, 0),
(477, 0),
(478, 0),
(479, 0),
(480, 0),
(481, 0),
(482, 0),
(483, 0),
(484, 0),
(485, 0),
(486, 0),
(487, 0),
(488, 0),
(489, 0),
(490, 0),
(491, 0),
(492, 0),
(493, 0),
(494, 0),
(495, 0),
(496, 0),
(497, 0),
(498, 0),
(499, 0),
(500, 0),
(501, 0),
(502, 0),
(503, 0),
(504, 0),
(505, 0),
(506, 0),
(507, 0),
(508, 0),
(509, 0),
(510, 0),
(511, 0),
(512, 0),
(513, 0),
(514, 0),
(515, 0),
(516, 0),
(517, 0),
(518, 0),
(519, 0),
(520, 0),
(521, 0),
(522, 0),
(523, 0),
(524, 0),
(525, 0),
(526, 0),
(527, 0),
(528, 0),
(529, 0),
(530, 0),
(531, 0),
(532, 0),
(533, 0),
(534, 0),
(535, 0),
(536, 0),
(537, 0),
(538, 0),
(539, 0),
(540, 0),
(541, 0),
(542, 0),
(543, 0),
(544, 0),
(545, 0),
(546, 0),
(547, 0),
(548, 0),
(549, 0),
(550, 0),
(551, 0),
(552, 0),
(553, 0),
(554, 0),
(555, 0),
(556, 0),
(557, 0),
(558, 0),
(559, 0),
(560, 0),
(561, 0),
(562, 0),
(563, 0),
(564, 0),
(565, 0),
(566, 0),
(567, 0),
(568, 0),
(569, 0),
(570, 0),
(571, 0),
(572, 0),
(573, 0),
(574, 0),
(4, 1),
(1, 6);

-- --------------------------------------------------------

--
-- Структура таблиці `oc_t_country`
--

CREATE TABLE IF NOT EXISTS `oc_t_country` (
  `pk_c_code` char(2) NOT NULL,
  `s_name` varchar(80) NOT NULL,
  `s_slug` varchar(80) NOT NULL DEFAULT '',
  PRIMARY KEY (`pk_c_code`),
  KEY `idx_s_slug` (`s_slug`),
  KEY `idx_s_name` (`s_name`)
) ENGINE=InnoDB DEFAULT CHARSET=utf8;

--
-- Дамп даних таблиці `oc_t_country`
--

INSERT INTO `oc_t_country` (`pk_c_code`, `s_name`, `s_slug`) VALUES
('UA', 'Украина', 'ukraine');

-- --------------------------------------------------------

--
-- Структура таблиці `oc_t_country_stats`
--

CREATE TABLE IF NOT EXISTS `oc_t_country_stats` (
  `fk_c_country_code` char(2) NOT NULL,
  `i_num_items` int(10) unsigned NOT NULL DEFAULT '0',
  PRIMARY KEY (`fk_c_country_code`),
  KEY `idx_num_items` (`i_num_items`)
) ENGINE=InnoDB DEFAULT CHARSET=utf8;

--
-- Дамп даних таблиці `oc_t_country_stats`
--

INSERT INTO `oc_t_country_stats` (`fk_c_country_code`, `i_num_items`) VALUES
('UA', 7);

-- --------------------------------------------------------

--
-- Структура таблиці `oc_t_cron`
--

CREATE TABLE IF NOT EXISTS `oc_t_cron` (
  `e_type` enum('INSTANT','HOURLY','DAILY','WEEKLY','CUSTOM') NOT NULL,
  `d_last_exec` datetime NOT NULL,
  `d_next_exec` datetime NOT NULL
) ENGINE=InnoDB DEFAULT CHARSET=utf8;

--
-- Дамп даних таблиці `oc_t_cron`
--

INSERT INTO `oc_t_cron` (`e_type`, `d_last_exec`, `d_next_exec`) VALUES
('HOURLY', '2017-02-03 11:55:44', '2017-02-03 12:55:44'),
('DAILY', '2017-02-03 05:18:34', '2017-02-04 05:18:34'),
('WEEKLY', '2017-01-31 04:00:05', '2017-02-07 04:00:05');

-- --------------------------------------------------------

--
-- Структура таблиці `oc_t_currency`
--

CREATE TABLE IF NOT EXISTS `oc_t_currency` (
  `pk_c_code` char(3) NOT NULL,
  `s_name` varchar(40) NOT NULL,
  `s_description` varchar(80) DEFAULT NULL,
  `b_enabled` tinyint(1) NOT NULL DEFAULT '1',
  PRIMARY KEY (`pk_c_code`),
  UNIQUE KEY `s_name` (`s_name`)
) ENGINE=InnoDB DEFAULT CHARSET=utf8;

--
-- Дамп даних таблиці `oc_t_currency`
--

INSERT INTO `oc_t_currency` (`pk_c_code`, `s_name`, `s_description`, `b_enabled`) VALUES
('EUR', 'European Union euro', 'EUR', 1),
('UAH', 'Ukrainian Hrivna', 'ГРН', 1),
('USD', 'United States dollar', 'USD', 1);

-- --------------------------------------------------------

--
-- Структура таблиці `oc_t_facebook_connect`
--

CREATE TABLE IF NOT EXISTS `oc_t_facebook_connect` (
  `fk_i_user_id` int(10) unsigned NOT NULL,
  `i_facebook_uid` varchar(30) DEFAULT NULL,
  PRIMARY KEY (`fk_i_user_id`)
) ENGINE=InnoDB DEFAULT CHARSET=utf8;

-- --------------------------------------------------------

--
-- Структура таблиці `oc_t_favorite_items`
--

CREATE TABLE IF NOT EXISTS `oc_t_favorite_items` (
  `record_id` int(11) NOT NULL AUTO_INCREMENT,
  `list_id` int(10) unsigned NOT NULL,
  `item_id` int(10) unsigned NOT NULL,
  `added_date` datetime DEFAULT NULL,
  PRIMARY KEY (`record_id`),
  UNIQUE KEY `record_id` (`record_id`),
  KEY `list_id` (`list_id`),
  KEY `item_id` (`item_id`)
) ENGINE=InnoDB  DEFAULT CHARSET=utf8 AUTO_INCREMENT=117 ;

--
-- Дамп даних таблиці `oc_t_favorite_items`
--

INSERT INTO `oc_t_favorite_items` (`record_id`, `list_id`, `item_id`, `added_date`) VALUES
(40, 12, 21, '2016-03-12 23:11:24'),
(41, 13, 21, '2016-03-12 23:33:01'),
(116, 6, 21, '2016-05-06 09:07:08');

-- --------------------------------------------------------

--
-- Структура таблиці `oc_t_favorite_list`
--

CREATE TABLE IF NOT EXISTS `oc_t_favorite_list` (
  `list_id` int(10) unsigned NOT NULL AUTO_INCREMENT,
  `list_name` varchar(100) NOT NULL,
  `current` varchar(60) NOT NULL,
  `user_id` bigint(20) NOT NULL,
  `user_logged` tinyint(1) DEFAULT '0',
  `notification` tinyint(1) DEFAULT '0',
  `last_access` datetime DEFAULT NULL,
  PRIMARY KEY (`list_id`),
  UNIQUE KEY `list_id` (`list_id`)
) ENGINE=InnoDB  DEFAULT CHARSET=utf8 AUTO_INCREMENT=34 ;

--
-- Дамп даних таблиці `oc_t_favorite_list`
--

INSERT INTO `oc_t_favorite_list` (`list_id`, `list_name`, `current`, `user_id`, `user_logged`, `notification`, `last_access`) VALUES
(1, 'Дома', '0', 2, 1, 1, '2016-03-16 17:28:39'),
(3, 'Favorite List', '1', 173627880873378092, 0, 0, '2016-02-26 13:26:17'),
(6, 'Велосипеды', '0', 2, 1, 1, '2016-03-11 11:43:58'),
(9, 'всяка всячина', '1', 5, 1, 1, '2016-03-12 15:52:38'),
(12, 'Favorite List', '0', 6, 1, 0, '2016-03-12 23:11:24'),
(13, 'Favorite List', '1', 6, 1, 0, '2016-03-12 23:33:01'),
(22, 'Список 2', '1', 4, 1, 1, '2016-03-16 17:44:46'),
(24, '1 объявлений', '1', 2, 1, 1, '2016-03-17 16:18:24'),
(26, 'Favorite List', '1', 0, 0, 0, '2016-03-23 10:12:06'),
(31, '1 список', '1', 2, 1, 1, '2016-05-07 07:01:56'),
(32, 'Favorite List', '1', 499435862051373961, 0, 0, '2016-09-07 13:30:59'),
(33, 'Favorite List', '1', 46517134628159114, 0, 0, '2017-01-29 12:18:12');

-- --------------------------------------------------------

--
-- Структура таблиці `oc_t_item`
--

CREATE TABLE IF NOT EXISTS `oc_t_item` (
  `pk_i_id` int(10) unsigned NOT NULL AUTO_INCREMENT,
  `fk_i_user_id` int(10) unsigned DEFAULT NULL,
  `fk_i_category_id` int(10) unsigned NOT NULL,
  `dt_pub_date` datetime NOT NULL,
  `dt_mod_date` datetime DEFAULT NULL,
  `f_price` float DEFAULT NULL,
  `i_price` bigint(20) DEFAULT NULL,
  `fk_c_currency_code` char(3) DEFAULT NULL,
  `s_contact_name` varchar(100) DEFAULT NULL,
  `s_contact_email` varchar(140) NOT NULL,
  `s_ip` varchar(64) NOT NULL DEFAULT '',
  `b_premium` tinyint(1) NOT NULL DEFAULT '0',
  `b_enabled` tinyint(1) NOT NULL DEFAULT '1',
  `b_active` tinyint(1) NOT NULL DEFAULT '0',
  `b_spam` tinyint(1) NOT NULL DEFAULT '0',
  `s_secret` varchar(40) DEFAULT NULL,
  `b_show_email` tinyint(1) DEFAULT NULL,
  `dt_expiration` datetime NOT NULL DEFAULT '9999-12-31 23:59:59',
  `dt_r_colorized` datetime NOT NULL,
  PRIMARY KEY (`pk_i_id`),
  KEY `fk_i_user_id` (`fk_i_user_id`),
  KEY `idx_b_premium` (`b_premium`),
  KEY `idx_s_contact_email` (`s_contact_email`(10)),
  KEY `fk_i_category_id` (`fk_i_category_id`),
  KEY `fk_c_currency_code` (`fk_c_currency_code`),
  KEY `idx_pub_date` (`dt_pub_date`),
  KEY `idx_price` (`i_price`)
) ENGINE=InnoDB  DEFAULT CHARSET=utf8 AUTO_INCREMENT=70 ;

--
-- Дамп даних таблиці `oc_t_item`
--

INSERT INTO `oc_t_item` (`pk_i_id`, `fk_i_user_id`, `fk_i_category_id`, `dt_pub_date`, `dt_mod_date`, `f_price`, `i_price`, `fk_c_currency_code`, `s_contact_name`, `s_contact_email`, `s_ip`, `b_premium`, `b_enabled`, `b_active`, `b_spam`, `s_secret`, `b_show_email`, `dt_expiration`, `dt_r_colorized`) VALUES
(2, 2, 48, '2016-05-06 11:01:10', '2016-03-17 13:52:53', NULL, 3200000000, 'EUR', 'Василий Шуйский', 'main@design-plus.kiev.ua', '82.144.205.45', 0, 1, 1, 0, 'D9ujvZX6', 0, '9999-12-31 23:59:59', '0000-00-00 00:00:00'),
(13, 1, 141, '2016-03-04 19:33:25', '2016-03-09 19:38:17', NULL, 14000000000, 'UAH', 'Юрий', 'vish_vish@list.ru', '176.37.131.50', 0, 1, 1, 0, 'HL6RcpU4', 0, '9999-12-31 23:59:59', '0000-00-00 00:00:00'),
(21, 6, 56, '2016-03-12 20:06:04', NULL, NULL, NULL, NULL, 'Иван Иванович', 'anjemay@stolyca.com.ua', '31.43.131.21', 1, 1, 1, 0, 'Sbc1SSJr', 0, '9999-12-31 23:59:59', '0000-00-00 00:00:00'),
(24, 7, 95, '2016-03-22 16:37:47', NULL, NULL, NULL, NULL, 'Елена', 'lbox@ukr.net', '82.144.205.45', 0, 1, 1, 0, 'SHjPgdAf', 0, '9999-12-31 23:59:59', '0000-00-00 00:00:00'),
(67, 21, 143, '2017-01-27 14:27:15', NULL, NULL, 750000000, 'UAH', 'Дмитрий', 'barashdm@gmail.com', '82.144.205.45', 0, 1, 1, 0, 'OKLlLp7D', 0, '9999-12-31 23:59:59', '0000-00-00 00:00:00'),
(68, 21, 467, '2017-01-27 14:58:00', NULL, NULL, NULL, NULL, 'Дмитрий', 'barashdm@gmail.com', '82.144.205.45', 0, 1, 1, 0, 'o8fj5qye', 0, '9999-12-31 23:59:59', '0000-00-00 00:00:00'),
(69, NULL, 87, '2017-02-02 12:43:46', NULL, NULL, NULL, NULL, 'Женя', 'jaljuk@rambler.ru', '82.144.205.45', 0, 1, 1, 0, 'C6RNOsZa', 0, '9999-12-31 23:59:59', '0000-00-00 00:00:00');

-- --------------------------------------------------------

--
-- Структура таблиці `oc_t_item_comment`
--

CREATE TABLE IF NOT EXISTS `oc_t_item_comment` (
  `pk_i_id` int(10) unsigned NOT NULL AUTO_INCREMENT,
  `fk_i_item_id` int(10) unsigned NOT NULL,
  `dt_pub_date` datetime NOT NULL,
  `s_title` varchar(200) NOT NULL,
  `s_author_name` varchar(100) NOT NULL,
  `s_author_email` varchar(100) NOT NULL,
  `s_body` text NOT NULL,
  `b_enabled` tinyint(1) NOT NULL DEFAULT '1',
  `b_active` tinyint(1) NOT NULL DEFAULT '0',
  `b_spam` tinyint(1) NOT NULL DEFAULT '0',
  `fk_i_user_id` int(10) unsigned DEFAULT NULL,
  PRIMARY KEY (`pk_i_id`),
  KEY `fk_i_item_id` (`fk_i_item_id`),
  KEY `fk_i_user_id` (`fk_i_user_id`)
) ENGINE=InnoDB DEFAULT CHARSET=utf8 AUTO_INCREMENT=1 ;

-- --------------------------------------------------------

--
-- Структура таблиці `oc_t_item_description`
--

CREATE TABLE IF NOT EXISTS `oc_t_item_description` (
  `fk_i_item_id` int(10) unsigned NOT NULL,
  `fk_c_locale_code` char(5) NOT NULL,
  `s_title` varchar(100) NOT NULL,
  `s_description` mediumtext NOT NULL,
  PRIMARY KEY (`fk_i_item_id`,`fk_c_locale_code`),
  FULLTEXT KEY `s_description` (`s_description`,`s_title`)
) ENGINE=MyISAM DEFAULT CHARSET=utf8;

--
-- Дамп даних таблиці `oc_t_item_description`
--

INSERT INTO `oc_t_item_description` (`fk_i_item_id`, `fk_c_locale_code`, `s_title`, `s_description`) VALUES
(13, 'en_US', 'Велосипед Specialized Rockhopper', 'Велосипед в отличном состоянии. Одна из самых престижных марок в мире. Рама L, рост 175-185. Для улучшения характеристик цепь заменена на топовую Shimano CN-HG98, а задняя перекидка на топовую Shimano XT. В подарок: фляжка SKS (Германия), подседельная сумочка ABUS, надрамная сумочка Specialized, велокомпьютер Sigma, Ld/Led фонарь с лазерной дорожкой, рожки Richey, грипсы V-Grips, цифровой замок ABUS на тросе. Прошу 14 000 грн '),
(13, 'ru_RU', 'Велосипед Specialized Rockhopper', 'Велосипед в отличном состоянии. Одна из самых престижных марок в мире. Рама L, рост 175-185. Для улучшения характеристик цепь заменена на топовую Shimano CN-HG98, а задняя перекидка на топовую Shimano XT. В подарок: фляжка SKS (Германия), подседельная сумочка ABUS, надрамная сумочка Specialized, велокомпьютер Sigma, Ld/Led фонарь с лазерной дорожкой, рожки Richey, грипсы V-Grips, цифровой замок ABUS на тросе. Прошу 14 000 грн '),
(2, 'uk_UK', 'Здам особам пенсійного віку пів- будинку, або продам (75м2)', 'По ходу електрички в селі біля Фастова. Земля 20 соток, сад . Газ, вода, уалет, ванна в будинку. Господарчі споруди, погріб 36м2, колодязь До Києва – 60 км. До електрички - 10 хв. '),
(2, 'en_US', 'Здам особам пенсійного віку пів- будинку, або продам (75м2)', ''),
(2, 'ru_RU', 'Здам пів-будинку(75 м2), або продам', 'Здам особам пенсійного віку пів-будинку, або продам (75 м2)\nПо ходу електрички в селі біля Фастова. Земля 20 соток, сад . Газ, вода, туалет, ванна в будинку. Господарчі споруди, погріб 36м2, колодязь До Києва – 60 км. До електрички - 10 хв. \n'),
(68, 'en_US', '', ''),
(68, 'ru_RU', 'Какой-то текст', 'Какой-то текст Какой-то текст Какой-то текст Какой-то текст'),
(68, 'uk_UK', '', ''),
(69, 'en_US', '', ''),
(69, 'ru_RU', 'Нужен ремонт квартиры или офиса? Ремонт всех видов,под ключ и поэтапно', 'Строительные работы, качественный ремонт квартир, офисов, домов  любой сложности «под ключ» и частично. Женя тел. 0677892461,0664099449,Гриша 0967880200,0636409436\nВыполним ремонтные работы : \nШпатлевка, Оклейка обоев, Покраска, Откосы, Линолеум,  Ламинат, Пластик, Гипсокартон  ( любой сложности), Стяжка, Электрика, Кафель и другое. Есть фото работ.\n'),
(67, 'uk_UK', '', ''),
(13, 'uk_UK', 'Велосипед Specialized Rockhopper', 'Велосипед в отличном состоянии. Одна из самых престижных марок в мире. Рама L, рост 175-185. Для улучшения характеристик цепь заменена на топовую Shimano CN-HG98, а задняя перекидка на топовую Shimano XT. В подарок: фляжка SKS (Германия), подседельная сумочка ABUS, надрамная сумочка Specialized, велокомпьютер Sigma, Ld/Led фонарь с лазерной дорожкой, рожки Richey, грипсы V-Grips, цифровой замок ABUS на тросе. Прошу 14 000 грн '),
(69, 'uk_UK', '', ''),
(21, 'en_US', '', ''),
(21, 'ru_RU', 'Сборный железбетон', 'Железобетонные конструкции, товарный бетон, раствор\n\nАссортимент продукции: Сборный железобетон, товарный бетон, раствор, арматура, товарная сетка, мраморная крошка. \nВозможно изготовление железобетонных изделий по индивидуальному чертежу". \nКачество - проверенное не одним десятилетием. \nХороший производственный арсенал позволяет предприятию быть надежным фундаментом строительного бизнеса.\nКупить железобетонные изделия, строительный раствор и арматурные конструкции нашего производства можно в Киеве связавшись с нашими менеджерами. Параметры и цены на продукцию вы найдете в перечне на нашем сайте.\nАссортимент продукции завода:\n- раствор\n- железобетон\n- арматура\n- плиты железобетонные\n- столбы забора,\n- лестничные площадки \n- сетка \n- фундаментные блоки\n- другие железобетонные конструкции различной сложности. '),
(21, 'uk_UK', '', ''),
(24, 'en_US', 'Шукаємо промоутерів', 'Потрібні промоутери для роздачі листівок. '),
(24, 'ru_RU', '', ''),
(24, 'uk_UK', '', ''),
(67, 'ru_RU', 'Горнолыжный костюм для сноуборда/лыж/походов. Штаны и куртка', 'Продаю тёплый костюм для сноуборда или лыж, или походов, так как он реально утепленный. Не подошёл размер, как видите на 87-килограммового парня он оказался великоват. Рост подходит, на фото 183 см. Думаю на 100-килограмового человека сядет хорошо. Размеры штанов от пояса по внешн шву 118 см, по внутр 78, длина от пояса до матни 36. могу сбросить в фото в сообщениях (больше не лепится в объявлении). Размеры куртки: рукав по внутр 58, по внешн 66, от горла до низу 85, от подмышки до низу 50 см.'),
(67, 'en_US', 'Горнолыжный костюм для сноуборда/лыж/походов. Штаны и куртка', '');

-- --------------------------------------------------------

--
-- Структура таблиці `oc_t_item_location`
--

CREATE TABLE IF NOT EXISTS `oc_t_item_location` (
  `fk_i_item_id` int(10) unsigned NOT NULL,
  `fk_c_country_code` char(2) DEFAULT NULL,
  `s_country` varchar(40) DEFAULT NULL,
  `s_address` varchar(100) DEFAULT NULL,
  `s_zip` varchar(15) DEFAULT NULL,
  `fk_i_region_id` int(10) unsigned DEFAULT NULL,
  `s_region` varchar(100) DEFAULT NULL,
  `fk_i_city_id` int(10) unsigned DEFAULT NULL,
  `s_city` varchar(100) DEFAULT NULL,
  `fk_i_city_area_id` int(10) unsigned DEFAULT NULL,
  `s_city_area` varchar(200) DEFAULT NULL,
  `d_coord_lat` decimal(10,6) DEFAULT NULL,
  `d_coord_long` decimal(10,6) DEFAULT NULL,
  PRIMARY KEY (`fk_i_item_id`),
  KEY `fk_c_country_code` (`fk_c_country_code`),
  KEY `fk_i_region_id` (`fk_i_region_id`),
  KEY `fk_i_city_id` (`fk_i_city_id`),
  KEY `fk_i_city_area_id` (`fk_i_city_area_id`)
) ENGINE=InnoDB DEFAULT CHARSET=utf8;

--
-- Дамп даних таблиці `oc_t_item_location`
--

INSERT INTO `oc_t_item_location` (`fk_i_item_id`, `fk_c_country_code`, `s_country`, `s_address`, `s_zip`, `fk_i_region_id`, `s_region`, `fk_i_city_id`, `s_city`, `fk_i_city_area_id`, `s_city_area`, `d_coord_lat`, `d_coord_long`) VALUES
(2, 'UA', 'Ukraine', '', NULL, 1, 'Киевская', 4, 'Фастов', NULL, '096 491 59 69', 50.063768, 29.904968),
(13, 'UA', 'Ukraine', '', NULL, 1, 'Киевская', 1, 'Киев', NULL, '050 846 48 40', 50.450100, 30.523400),
(21, 'UA', 'Ukraine', 'Віскозна, 3', NULL, 1, 'Киевская', 1, 'Киев', NULL, '044 502-48-08', 50.451997, 30.653559),
(24, 'UA', 'Україна', '', NULL, 1, 'Киевская', 1, 'Киев', NULL, '', 50.450100, 30.523400),
(67, 'UA', 'Украина', '', NULL, 1, 'Киевская', 1, 'Киев', NULL, '0993283537', 50.450100, 30.523400),
(68, 'UA', 'Украина', '', NULL, 1, 'Киевская', 1, 'Киев', NULL, '0993283537', 50.450100, 30.523400),
(69, 'UA', 'Украина', '', NULL, 1, 'Киевская', 1, 'Киев', NULL, '', 50.450100, 30.523400);

-- --------------------------------------------------------

--
-- Структура таблиці `oc_t_item_meta`
--

CREATE TABLE IF NOT EXISTS `oc_t_item_meta` (
  `fk_i_item_id` int(10) unsigned NOT NULL,
  `fk_i_field_id` int(10) unsigned NOT NULL,
  `s_value` text,
  `s_multi` varchar(20) NOT NULL DEFAULT '',
  PRIMARY KEY (`fk_i_item_id`,`fk_i_field_id`,`s_multi`),
  KEY `s_value` (`s_value`(255)),
  KEY `fk_i_field_id` (`fk_i_field_id`)
) ENGINE=InnoDB DEFAULT CHARSET=utf8;

-- --------------------------------------------------------

--
-- Структура таблиці `oc_t_item_resource`
--

CREATE TABLE IF NOT EXISTS `oc_t_item_resource` (
  `pk_i_id` int(10) unsigned NOT NULL AUTO_INCREMENT,
  `fk_i_item_id` int(10) unsigned NOT NULL,
  `s_name` varchar(60) DEFAULT NULL,
  `s_extension` varchar(10) DEFAULT NULL,
  `s_content_type` varchar(40) DEFAULT NULL,
  `s_path` varchar(250) DEFAULT NULL,
  PRIMARY KEY (`pk_i_id`),
  KEY `fk_i_item_id` (`fk_i_item_id`),
  KEY `idx_s_content_type` (`pk_i_id`,`s_content_type`(10))
) ENGINE=InnoDB  DEFAULT CHARSET=utf8 AUTO_INCREMENT=84 ;

--
-- Дамп даних таблиці `oc_t_item_resource`
--

INSERT INTO `oc_t_item_resource` (`pk_i_id`, `fk_i_item_id`, `s_name`, `s_extension`, `s_content_type`, `s_path`) VALUES
(3, 2, 'Use6SGM4', 'jpg', 'image/jpeg', 'oc-content/uploads/0/'),
(18, 13, 'wpQ2BQ6p', 'jpg', 'image/jpeg', 'oc-content/uploads/0/'),
(20, 2, 'WUuESz9D', 'jpg', 'image/jpeg', 'oc-content/uploads/0/'),
(23, 21, 'VYK28gX0', 'jpg', 'image/jpeg', 'oc-content/uploads/0/'),
(24, 21, 'whn7BcXZ', 'jpg', 'image/jpeg', 'oc-content/uploads/0/'),
(25, 21, 'ozdp9fhW', 'jpg', 'image/jpeg', 'oc-content/uploads/0/'),
(26, 21, 'FlsC1ehX', 'jpg', 'image/jpeg', 'oc-content/uploads/0/'),
(27, 2, 'e5eDy0kF', 'jpg', 'image/jpeg', 'oc-content/uploads/0/'),
(71, 67, 'krECEU5h', 'jpg', 'image/jpeg', 'oc-content/uploads/0/'),
(72, 67, 'WURvRySL', 'jpg', 'image/jpeg', 'oc-content/uploads/0/'),
(73, 67, 'E0nOXPGV', 'jpg', 'image/jpeg', 'oc-content/uploads/0/'),
(74, 67, 'tRuDycxF', 'jpg', 'image/jpeg', 'oc-content/uploads/0/'),
(75, 67, 'IQRY7HvY', 'jpg', 'image/jpeg', 'oc-content/uploads/0/'),
(76, 67, 'qYAsWC0U', 'jpg', 'image/jpeg', 'oc-content/uploads/0/'),
(77, 69, '8WP1Ctyq', 'jpg', 'image/jpeg', 'oc-content/uploads/0/'),
(78, 69, '7TzQsIsI', 'jpg', 'image/jpeg', 'oc-content/uploads/0/'),
(79, 69, 'NSs13V2u', 'jpg', 'image/jpeg', 'oc-content/uploads/0/'),
(80, 69, 'EFMx9ElL', 'jpg', 'image/jpeg', 'oc-content/uploads/0/'),
(81, 69, 'LC2upjTG', 'jpg', 'image/jpeg', 'oc-content/uploads/0/'),
(82, 69, 'BJL0xfdN', 'jpg', 'image/jpeg', 'oc-content/uploads/0/'),
(83, 69, '4sHGa1hr', 'jpg', 'image/jpeg', 'oc-content/uploads/0/');

-- --------------------------------------------------------

--
-- Структура таблиці `oc_t_item_stats`
--

CREATE TABLE IF NOT EXISTS `oc_t_item_stats` (
  `fk_i_item_id` int(10) unsigned NOT NULL,
  `i_num_views` int(10) unsigned NOT NULL DEFAULT '0',
  `i_num_spam` int(10) unsigned NOT NULL DEFAULT '0',
  `i_num_repeated` int(10) unsigned NOT NULL DEFAULT '0',
  `i_num_bad_classified` int(10) unsigned NOT NULL DEFAULT '0',
  `i_num_offensive` int(10) unsigned NOT NULL DEFAULT '0',
  `i_num_expired` int(10) unsigned NOT NULL DEFAULT '0',
  `i_num_premium_views` int(10) unsigned NOT NULL DEFAULT '0',
  `dt_date` date NOT NULL,
  PRIMARY KEY (`fk_i_item_id`,`dt_date`),
  KEY `dt_date` (`dt_date`,`fk_i_item_id`)
) ENGINE=InnoDB DEFAULT CHARSET=utf8;

--
-- Дамп даних таблиці `oc_t_item_stats`
--

INSERT INTO `oc_t_item_stats` (`fk_i_item_id`, `i_num_views`, `i_num_spam`, `i_num_repeated`, `i_num_bad_classified`, `i_num_offensive`, `i_num_expired`, `i_num_premium_views`, `dt_date`) VALUES
(2, 7, 0, 0, 0, 0, 0, 0, '2016-03-04'),
(2, 1, 0, 0, 0, 0, 0, 0, '2016-03-05'),
(2, 3, 0, 0, 0, 0, 0, 0, '2016-03-09'),
(2, 3, 0, 0, 0, 0, 0, 2, '2016-03-10'),
(2, 4, 0, 0, 0, 0, 0, 0, '2016-03-11'),
(2, 3, 0, 0, 0, 0, 0, 0, '2016-03-16'),
(2, 4, 0, 0, 0, 0, 0, 0, '2016-03-17'),
(2, 1, 0, 0, 0, 0, 0, 0, '2016-03-22'),
(2, 1, 0, 0, 0, 0, 0, 0, '2016-03-23'),
(2, 1, 0, 0, 0, 0, 0, 0, '2016-03-25'),
(2, 1, 0, 0, 0, 0, 0, 0, '2016-03-27'),
(2, 3, 0, 0, 0, 0, 0, 0, '2016-04-01'),
(2, 1, 0, 0, 0, 0, 0, 0, '2016-04-20'),
(2, 21, 0, 0, 0, 0, 0, 0, '2016-05-13'),
(2, 3, 0, 0, 0, 0, 0, 0, '2016-05-24'),
(2, 1, 0, 0, 0, 0, 0, 0, '2016-06-02'),
(2, 2, 0, 0, 0, 0, 0, 0, '2016-06-11'),
(2, 1, 0, 0, 0, 0, 0, 0, '2016-06-23'),
(2, 1, 0, 0, 0, 0, 0, 0, '2016-08-17'),
(2, 1, 0, 0, 0, 0, 0, 0, '2016-10-19'),
(2, 1, 0, 0, 0, 0, 0, 0, '2016-10-24'),
(2, 2, 0, 0, 0, 0, 0, 0, '2016-11-09'),
(2, 1, 0, 0, 0, 0, 0, 0, '2016-11-12'),
(2, 1, 0, 0, 0, 0, 0, 0, '2016-11-16'),
(2, 9, 0, 0, 0, 0, 0, 0, '2016-11-23'),
(2, 1, 0, 0, 0, 0, 0, 0, '2016-11-25'),
(2, 1, 0, 0, 0, 0, 0, 0, '2016-12-02'),
(2, 2, 0, 0, 0, 0, 0, 0, '2016-12-05'),
(2, 1, 0, 0, 0, 0, 0, 0, '2016-12-14'),
(2, 1, 0, 0, 0, 0, 0, 0, '2017-01-29'),
(2, 1, 0, 0, 0, 0, 0, 0, '2017-02-03'),
(13, 7, 0, 0, 0, 0, 0, 0, '2016-03-04'),
(13, 3, 0, 0, 0, 0, 0, 0, '2016-03-05'),
(13, 1, 0, 0, 0, 0, 0, 0, '2016-03-06'),
(13, 1, 0, 0, 0, 0, 0, 0, '2016-03-08'),
(13, 11, 0, 0, 0, 0, 0, 0, '2016-03-09'),
(13, 2, 0, 0, 0, 0, 0, 2, '2016-03-10'),
(13, 2, 0, 0, 0, 0, 0, 0, '2016-03-11'),
(13, 1, 0, 0, 0, 0, 0, 0, '2016-03-12'),
(13, 0, 0, 0, 0, 0, 0, 0, '2016-03-13'),
(13, 4, 0, 0, 0, 0, 0, 0, '2016-03-15'),
(13, 5, 0, 0, 0, 0, 0, 0, '2016-03-16'),
(13, 3, 0, 0, 0, 0, 0, 0, '2016-03-17'),
(13, 1, 0, 0, 0, 0, 0, 0, '2016-03-18'),
(13, 1, 0, 0, 0, 0, 0, 0, '2016-03-22'),
(13, 1, 0, 0, 0, 0, 0, 0, '2016-03-24'),
(13, 3, 0, 0, 0, 0, 0, 0, '2016-03-25'),
(13, 1, 0, 0, 0, 0, 0, 0, '2016-03-27'),
(13, 11, 0, 0, 0, 0, 0, 0, '2016-03-30'),
(13, 5, 0, 0, 0, 0, 0, 0, '2016-04-01'),
(13, 7, 0, 0, 0, 0, 0, 0, '2016-04-03'),
(13, 1, 0, 0, 0, 0, 0, 0, '2016-04-07'),
(13, 1, 0, 0, 0, 0, 0, 0, '2016-04-12'),
(13, 2, 0, 0, 0, 0, 0, 0, '2016-04-13'),
(13, 0, 0, 0, 0, 0, 1, 0, '2016-04-21'),
(13, 1, 0, 0, 0, 0, 0, 0, '2016-04-22'),
(13, 6, 0, 0, 0, 0, 0, 0, '2016-04-24'),
(13, 2, 0, 0, 0, 0, 0, 0, '2016-04-27'),
(13, 2, 0, 0, 0, 0, 0, 0, '2016-05-03'),
(13, 1, 0, 0, 0, 0, 0, 0, '2016-06-01'),
(13, 1, 0, 0, 0, 0, 0, 0, '2016-11-29'),
(13, 1, 0, 0, 0, 0, 0, 0, '2016-12-02'),
(13, 4, 0, 0, 0, 0, 0, 0, '2017-01-29'),
(21, 0, 0, 0, 0, 0, 0, 0, '2016-03-12'),
(21, 0, 0, 0, 0, 0, 0, 0, '2016-03-13'),
(21, 2, 0, 0, 0, 0, 0, 0, '2016-03-15'),
(21, 3, 0, 0, 0, 0, 0, 0, '2016-03-16'),
(21, 1, 0, 0, 0, 0, 0, 0, '2016-03-24'),
(21, 3, 0, 0, 0, 0, 0, 0, '2016-03-25'),
(21, 2, 0, 0, 0, 0, 0, 0, '2016-04-01'),
(21, 4, 0, 0, 0, 0, 0, 0, '2016-04-03'),
(21, 1, 0, 0, 0, 0, 0, 0, '2016-04-04'),
(21, 1, 0, 0, 0, 0, 0, 0, '2016-04-08'),
(21, 4, 0, 0, 0, 0, 0, 0, '2016-04-13'),
(21, 1, 0, 0, 0, 0, 0, 0, '2016-04-20'),
(21, 5, 0, 0, 0, 0, 0, 0, '2016-04-23'),
(21, 13, 0, 0, 0, 0, 0, 0, '2016-04-24'),
(21, 2, 0, 0, 0, 0, 0, 0, '2016-04-28'),
(21, 369, 0, 0, 0, 0, 0, 0, '2016-05-07'),
(21, 12, 0, 0, 0, 0, 0, 0, '2016-05-10'),
(21, 11, 0, 0, 0, 0, 0, 0, '2016-05-11'),
(21, 6, 0, 0, 0, 0, 0, 0, '2016-05-13'),
(21, 4, 0, 0, 0, 0, 0, 0, '2016-05-18'),
(21, 2, 0, 0, 0, 0, 0, 0, '2016-05-19'),
(21, 1, 0, 0, 0, 0, 0, 0, '2016-05-21'),
(21, 2, 0, 0, 0, 0, 0, 0, '2016-06-01'),
(21, 4, 0, 0, 0, 0, 0, 0, '2016-06-05'),
(21, 2, 0, 0, 0, 0, 0, 0, '2016-06-07'),
(21, 7, 0, 0, 0, 0, 0, 0, '2016-06-08'),
(21, 18, 0, 0, 0, 0, 0, 0, '2016-06-09'),
(21, 4, 0, 0, 0, 0, 0, 0, '2016-06-10'),
(21, 7, 0, 0, 0, 0, 0, 0, '2016-06-11'),
(21, 28, 0, 0, 0, 0, 0, 0, '2016-06-13'),
(21, 2, 0, 0, 0, 0, 0, 0, '2016-06-14'),
(21, 1, 0, 0, 0, 0, 0, 0, '2016-06-15'),
(21, 1, 0, 0, 0, 0, 0, 0, '2016-06-16'),
(21, 3, 0, 0, 0, 0, 0, 0, '2016-07-26'),
(21, 2, 0, 0, 0, 0, 0, 0, '2016-08-23'),
(21, 1, 0, 0, 0, 0, 0, 0, '2016-09-02'),
(21, 1, 0, 0, 0, 0, 0, 0, '2016-09-05'),
(21, 1, 0, 0, 0, 0, 0, 0, '2016-11-22'),
(21, 2, 0, 0, 0, 0, 0, 0, '2016-11-23'),
(21, 5, 0, 0, 0, 0, 0, 0, '2016-11-26'),
(21, 1, 0, 0, 0, 0, 0, 0, '2016-11-28'),
(21, 1, 0, 0, 0, 0, 0, 0, '2016-11-30'),
(21, 2, 0, 0, 0, 0, 0, 0, '2016-12-01'),
(21, 2, 0, 0, 0, 0, 0, 0, '2016-12-02'),
(21, 1, 0, 0, 0, 0, 0, 0, '2016-12-05'),
(21, 1, 0, 0, 0, 0, 0, 0, '2017-01-27'),
(24, 0, 0, 0, 0, 0, 0, 0, '2016-03-22'),
(24, 1, 0, 0, 0, 0, 0, 0, '2017-02-03'),
(67, 7, 0, 0, 0, 0, 0, 0, '2017-01-27'),
(67, 1, 0, 0, 0, 0, 0, 0, '2017-02-01'),
(67, 1, 0, 0, 0, 0, 0, 0, '2017-02-03'),
(68, 0, 0, 0, 0, 0, 0, 0, '2017-01-27'),
(68, 1, 0, 0, 0, 0, 0, 0, '2017-02-03'),
(69, 2, 0, 0, 0, 0, 0, 0, '2017-02-02'),
(69, 3, 0, 0, 0, 0, 0, 0, '2017-02-03');

-- --------------------------------------------------------

--
-- Структура таблиці `oc_t_keywords`
--

CREATE TABLE IF NOT EXISTS `oc_t_keywords` (
  `s_md5` varchar(32) NOT NULL,
  `fk_c_locale_code` char(5) NOT NULL,
  `s_original_text` varchar(255) NOT NULL,
  `s_anchor_text` varchar(255) NOT NULL,
  `s_normalized_text` varchar(255) NOT NULL,
  `fk_i_category_id` int(10) unsigned DEFAULT NULL,
  `fk_i_city_id` int(10) unsigned DEFAULT NULL,
  PRIMARY KEY (`s_md5`,`fk_c_locale_code`),
  KEY `fk_i_category_id` (`fk_i_category_id`),
  KEY `fk_i_city_id` (`fk_i_city_id`),
  KEY `fk_c_locale_code` (`fk_c_locale_code`)
) ENGINE=InnoDB DEFAULT CHARSET=utf8;

-- --------------------------------------------------------

--
-- Структура таблиці `oc_t_latest_searches`
--

CREATE TABLE IF NOT EXISTS `oc_t_latest_searches` (
  `d_date` datetime NOT NULL,
  `s_search` varchar(255) NOT NULL
) ENGINE=InnoDB DEFAULT CHARSET=utf8;

-- --------------------------------------------------------

--
-- Структура таблиці `oc_t_locale`
--

CREATE TABLE IF NOT EXISTS `oc_t_locale` (
  `pk_c_code` char(5) NOT NULL,
  `s_name` varchar(100) NOT NULL,
  `s_short_name` varchar(40) NOT NULL,
  `s_description` varchar(100) NOT NULL,
  `s_version` varchar(20) NOT NULL,
  `s_author_name` varchar(100) NOT NULL,
  `s_author_url` varchar(100) NOT NULL,
  `s_currency_format` varchar(50) NOT NULL,
  `s_dec_point` varchar(2) DEFAULT '.',
  `s_thousands_sep` varchar(2) DEFAULT '',
  `i_num_dec` tinyint(4) DEFAULT '2',
  `s_date_format` varchar(20) NOT NULL,
  `s_stop_words` text,
  `b_enabled` tinyint(1) NOT NULL DEFAULT '1',
  `b_enabled_bo` tinyint(1) NOT NULL DEFAULT '1',
  PRIMARY KEY (`pk_c_code`),
  UNIQUE KEY `s_short_name` (`s_short_name`)
) ENGINE=InnoDB DEFAULT CHARSET=utf8;

--
-- Дамп даних таблиці `oc_t_locale`
--

INSERT INTO `oc_t_locale` (`pk_c_code`, `s_name`, `s_short_name`, `s_description`, `s_version`, `s_author_name`, `s_author_url`, `s_currency_format`, `s_dec_point`, `s_thousands_sep`, `i_num_dec`, `s_date_format`, `s_stop_words`, `b_enabled`, `b_enabled_bo`) VALUES
('en_US', 'English', 'English', 'English translation', '2.3', 'Osclass', 'http://osclass.org/', '{NUMBER} {CURRENCY}', ',', ' ', 0, 'm/d/Y', 'i,a,about,an,are,as,at,be,by,com,for,from,how,in,is,it,of,on,or,that,the,this,to,was,what,when,where,who,will,with,the', 1, 1),
('ru_RU', 'Русский', 'Русский', 'Russian translation', 'Osclass 3.5.0', 'Osclass', 'http://osclass.org/', '{NUMBER} {CURRENCY}', '.', ' ', 0, 'm/d/Y', '', 1, 1),
('uk_UK', 'Українська', 'Українська', 'Ukrainian translation', 'Osclass 3.5.0', 'Osclass', 'http://osclass.org/', '{NUMBER} {CURRENCY}', ',', ' ', 0, 'm/d/Y', '', 1, 1);

-- --------------------------------------------------------

--
-- Структура таблиці `oc_t_locations_tmp`
--

CREATE TABLE IF NOT EXISTS `oc_t_locations_tmp` (
  `id_location` varchar(10) NOT NULL,
  `e_type` enum('COUNTRY','REGION','CITY') NOT NULL,
  PRIMARY KEY (`id_location`,`e_type`)
) ENGINE=InnoDB DEFAULT CHARSET=utf8;

-- --------------------------------------------------------

--
-- Структура таблиці `oc_t_log`
--

CREATE TABLE IF NOT EXISTS `oc_t_log` (
  `dt_date` datetime NOT NULL,
  `s_section` varchar(50) NOT NULL,
  `s_action` varchar(50) NOT NULL,
  `fk_i_id` int(10) unsigned NOT NULL,
  `s_data` varchar(250) NOT NULL,
  `s_ip` varchar(50) NOT NULL,
  `s_who` varchar(50) NOT NULL,
  `fk_i_who_id` int(10) unsigned NOT NULL
) ENGINE=InnoDB DEFAULT CHARSET=utf8;

--
-- Дамп даних таблиці `oc_t_log`
--

INSERT INTO `oc_t_log` (`dt_date`, `s_section`, `s_action`, `fk_i_id`, `s_data`, `s_ip`, `s_who`, `fk_i_who_id`) VALUES
('2016-02-24 21:09:31', 'item', 'add', 1, 'Example Ad', '31.43.131.21', 'admin', 0),
('2016-02-24 22:00:41', 'item', 'add', 2, 'Toyota Camry 2008', '31.43.131.21', 'user', 0),
('2016-02-24 22:12:45', 'item', 'add', 3, 'Продам дом', '31.43.131.21', 'user', 0),
('2016-02-24 22:58:41', 'itemActions', 'deleteResourcesFromHD', 1, '1', '31.43.131.21', 'admin', 1),
('2016-02-24 22:58:41', 'itemActions', 'deleteResourcesFromHD', 1, '0', '31.43.131.21', 'admin', 1),
('2016-02-24 22:58:41', 'item', 'delete', 1, 'Example Ad', '31.43.131.21', 'admin', 1),
('2016-02-24 22:58:41', 'Item', 'deleteResourcesFromHD', 1, '1', '31.43.131.21', 'admin', 1),
('2016-02-24 22:58:41', 'Item', 'deleteResourcesFromHD', 1, '0', '31.43.131.21', 'admin', 1),
('2016-02-24 23:53:15', 'item', 'add', 4, 'Продам картину', '31.43.131.21', 'user', 0),
('2016-02-25 11:05:52', 'item', 'edit', 4, '', '82.144.205.45', 'admin', 1),
('2016-02-25 11:06:04', 'item', 'edit', 3, 'Продам дом', '82.144.205.45', 'admin', 1),
('2016-02-25 11:06:21', 'item', 'edit', 2, 'Toyota Camry 2008', '82.144.205.45', 'admin', 1),
('2016-02-25 13:34:38', 'item', 'add', 5, 'Продам ВАЗ 2101', '82.144.205.45', 'user', 0),
('2016-02-25 13:42:49', 'item', 'edit', 3, 'Продам дом', '82.144.205.45', 'admin', 1),
('2016-02-25 15:03:39', 'user', 'add', 1, 'vish_vish@list.ru', '82.144.205.45', 'user', 1),
('2016-02-25 15:16:56', 'item', 'add', 6, '', '82.144.205.45', 'user', 1),
('2016-02-25 16:43:50', 'itemActions', 'deleteResourcesFromHD', 3, '3', '82.144.205.45', 'admin', 1),
('2016-02-25 16:43:50', 'item', 'delete resource', 2, '2', '82.144.205.45', 'admin', 1),
('2016-02-25 16:43:50', 'item', 'delete resource backtrace', 2, '#0 osc_deleteResource called@ [/var/www/porukam/porukam.kiev.ua/oc-includes/osclass/ItemActions.php:812] / #1 deleteResourcesFromHD called@ [/var/www/porukam/porukam.kiev.ua/oc-includes/osclass/ItemActions.php:790] / #2 delete called@ [/var/www/poruk', '82.144.205.45', 'admin', 1),
('2016-02-25 16:43:50', 'itemActions', 'deleteResourcesFromHD', 3, '2,', '82.144.205.45', 'admin', 1),
('2016-02-25 16:43:50', 'item', 'delete', 3, 'Дома или квартиры на продажу in Київ', '82.144.205.45', 'admin', 1),
('2016-02-25 16:43:50', 'Item', 'deleteResourcesFromHD', 3, '3', '82.144.205.45', 'admin', 1),
('2016-02-25 16:43:50', 'item', 'delete resource', 2, '2', '82.144.205.45', 'admin', 1),
('2016-02-25 16:43:50', 'item', 'delete resource backtrace', 2, '#0 osc_deleteResource called@ [/var/www/porukam/porukam.kiev.ua/oc-includes/osclass/model/Item.php:990] / #1 deleteResourcesFromHD called@ [/var/www/porukam/porukam.kiev.ua/oc-includes/osclass/model/Item.php:961] / #2 deleteByPrimaryKey called@ [/var', '82.144.205.45', 'admin', 1),
('2016-02-25 16:43:50', 'Item', 'deleteResourcesFromHD', 3, '2,', '82.144.205.45', 'admin', 1),
('2016-02-25 17:50:16', 'item', 'add', 7, 'Продается дом', '82.144.205.45', 'user', 0),
('2016-02-25 17:54:07', 'item', 'add', 8, 'выпавыпаро', '82.144.205.45', 'user', 0),
('2016-02-25 17:58:35', 'item', 'add', 9, 'Продам ВАЗ 2101', '82.144.205.45', 'user', 0),
('2016-02-25 23:42:43', 'itemActions', 'deleteResourcesFromHD', 7, '7', '31.43.131.21', 'admin', 1),
('2016-02-25 23:42:43', 'item', 'delete resource', 6, '6', '31.43.131.21', 'admin', 1),
('2016-02-25 23:42:43', 'item', 'delete resource backtrace', 6, '#0 osc_deleteResource called@ [/var/www/porukam/porukam.kiev.ua/oc-includes/osclass/ItemActions.php:812] / #1 deleteResourcesFromHD called@ [/var/www/porukam/porukam.kiev.ua/oc-includes/osclass/ItemActions.php:790] / #2 delete called@ [/var/www/poruk', '31.43.131.21', 'admin', 1),
('2016-02-25 23:42:43', 'itemActions', 'deleteResourcesFromHD', 7, '6,', '31.43.131.21', 'admin', 1),
('2016-02-25 23:42:43', 'item', 'delete', 7, 'Дома или квартиры на продажу in Київ', '31.43.131.21', 'admin', 1),
('2016-02-25 23:42:43', 'Item', 'deleteResourcesFromHD', 7, '7', '31.43.131.21', 'admin', 1),
('2016-02-25 23:42:43', 'item', 'delete resource', 6, '6', '31.43.131.21', 'admin', 1),
('2016-02-25 23:42:43', 'item', 'delete resource backtrace', 6, '#0 osc_deleteResource called@ [/var/www/porukam/porukam.kiev.ua/oc-includes/osclass/model/Item.php:990] / #1 deleteResourcesFromHD called@ [/var/www/porukam/porukam.kiev.ua/oc-includes/osclass/model/Item.php:961] / #2 deleteByPrimaryKey called@ [/var', '31.43.131.21', 'admin', 1),
('2016-02-25 23:42:43', 'Item', 'deleteResourcesFromHD', 7, '6,', '31.43.131.21', 'admin', 1),
('2016-02-25 23:49:49', 'item', 'edit', 4, '', '31.43.131.21', 'admin', 1),
('2016-02-26 02:09:10', 'item', 'add', 10, 'paint', '31.43.131.21', 'user', 0),
('2016-02-26 10:23:08', 'item', 'edit', 10, 'paint', '82.144.205.45', 'admin', 1),
('2016-02-26 11:29:12', 'user', 'add', 2, 'main@design-plus.kiev.ua', '82.144.205.45', 'user', 2),
('2016-02-26 11:38:27', 'item', 'add', 11, 'Продам  запорожец', '82.144.205.45', 'user', 2),
('2016-02-26 23:20:58', 'user', 'edit', 2, 'main@design-plus.kiev.ua', '31.43.131.21', 'user', 2),
('2016-02-27 00:42:05', 'item', 'edit', 10, 'paint', '31.43.131.21', 'admin', 1),
('2016-02-27 00:42:46', 'item', 'edit', 4, '', '31.43.131.21', 'admin', 1),
('2016-02-28 01:31:55', 'item', 'add', 12, '', '31.43.131.21', 'user', 0),
('2016-02-28 01:34:27', 'item', 'edit', 4, 'Картина', '31.43.131.21', 'user', 2),
('2016-02-28 02:12:02', 'itemActions', 'deleteResourcesFromHD', 8, '8', '31.43.131.21', 'admin', 1),
('2016-02-28 02:12:02', 'item', 'delete resource', 7, '7', '31.43.131.21', 'admin', 1),
('2016-02-28 02:12:02', 'item', 'delete resource backtrace', 7, '#0 osc_deleteResource called@ [/var/www/porukam/porukam.kiev.ua/oc-includes/osclass/ItemActions.php:812] / #1 deleteResourcesFromHD called@ [/var/www/porukam/porukam.kiev.ua/oc-includes/osclass/ItemActions.php:790] / #2 delete called@ [/var/www/poruk', '31.43.131.21', 'admin', 1),
('2016-02-28 02:12:02', 'itemActions', 'deleteResourcesFromHD', 8, '7,', '31.43.131.21', 'admin', 1),
('2016-02-28 02:12:02', 'item', 'delete', 8, 'Легковые in Київ', '31.43.131.21', 'admin', 1),
('2016-02-28 02:12:02', 'Item', 'deleteResourcesFromHD', 8, '8', '31.43.131.21', 'admin', 1),
('2016-02-28 02:12:02', 'item', 'delete resource', 7, '7', '31.43.131.21', 'admin', 1),
('2016-02-28 02:12:02', 'item', 'delete resource backtrace', 7, '#0 osc_deleteResource called@ [/var/www/porukam/porukam.kiev.ua/oc-includes/osclass/model/Item.php:990] / #1 deleteResourcesFromHD called@ [/var/www/porukam/porukam.kiev.ua/oc-includes/osclass/model/Item.php:961] / #2 deleteByPrimaryKey called@ [/var', '31.43.131.21', 'admin', 1),
('2016-02-28 02:12:02', 'Item', 'deleteResourcesFromHD', 8, '7,', '31.43.131.21', 'admin', 1),
('2016-02-28 02:12:44', 'itemActions', 'deleteResourcesFromHD', 8, '8', '31.43.131.21', 'admin', 1),
('2016-02-28 02:12:44', 'itemActions', 'deleteResourcesFromHD', 8, '0', '31.43.131.21', 'admin', 1),
('2016-02-28 02:12:44', 'item', 'delete', 8, 'Легковые in', '31.43.131.21', 'admin', 1),
('2016-02-28 02:12:44', 'Item', 'deleteResourcesFromHD', 8, '8', '31.43.131.21', 'admin', 1),
('2016-02-28 02:12:44', 'Item', 'deleteResourcesFromHD', 8, '0', '31.43.131.21', 'admin', 1),
('2016-02-28 02:13:19', 'itemActions', 'deleteResourcesFromHD', 8, '8', '31.43.131.21', 'admin', 1),
('2016-02-28 02:13:19', 'itemActions', 'deleteResourcesFromHD', 8, '0', '31.43.131.21', 'admin', 1),
('2016-02-28 02:13:19', 'item', 'delete', 8, 'Легковые in', '31.43.131.21', 'admin', 1),
('2016-02-28 02:13:19', 'Item', 'deleteResourcesFromHD', 8, '8', '31.43.131.21', 'admin', 1),
('2016-02-28 02:13:19', 'Item', 'deleteResourcesFromHD', 8, '0', '31.43.131.21', 'admin', 1),
('2016-02-28 02:14:06', 'itemActions', 'deleteResourcesFromHD', 8, '8', '31.43.131.21', 'admin', 1),
('2016-02-28 02:14:06', 'itemActions', 'deleteResourcesFromHD', 8, '0', '31.43.131.21', 'admin', 1),
('2016-02-28 02:14:06', 'item', 'delete', 8, 'Легковые in', '31.43.131.21', 'admin', 1),
('2016-02-28 02:14:06', 'Item', 'deleteResourcesFromHD', 8, '8', '31.43.131.21', 'admin', 1),
('2016-02-28 02:14:06', 'Item', 'deleteResourcesFromHD', 8, '0', '31.43.131.21', 'admin', 1),
('2016-02-28 13:04:08', 'item', 'delete resource', 11, '11', '31.43.131.21', 'user', 0),
('2016-02-28 13:04:08', 'item', 'delete resource backtrace', 11, '#0 osc_deleteResource called@ [/var/www/porukam/porukam.kiev.ua/oc-includes/osclass/controller/ajax.php:146] / #1 doModel called@ [/var/www/porukam/porukam.kiev.ua/index.php:117] / ', '31.43.131.21', 'user', 0),
('2016-02-28 13:04:09', 'ajax', 'deleteimage', 11, '11', '31.43.131.21', 'user', 0),
('2016-02-28 13:04:27', 'item', 'edit', 12, '', '31.43.131.21', 'admin', 1),
('2016-02-28 13:04:44', 'itemActions', 'deleteResourcesFromHD', 8, '8', '31.43.131.21', 'admin', 1),
('2016-02-28 13:04:44', 'itemActions', 'deleteResourcesFromHD', 8, '0', '31.43.131.21', 'admin', 1),
('2016-02-28 13:04:44', 'item', 'delete', 8, 'Легковые in', '31.43.131.21', 'admin', 1),
('2016-02-28 13:04:44', 'Item', 'deleteResourcesFromHD', 8, '8', '31.43.131.21', 'admin', 1),
('2016-02-28 13:04:44', 'Item', 'deleteResourcesFromHD', 8, '0', '31.43.131.21', 'admin', 1),
('2016-02-28 13:05:27', 'item', 'delete resource', 10, '10', '31.43.131.21', 'user', 0),
('2016-02-28 13:05:27', 'item', 'delete resource backtrace', 10, '#0 osc_deleteResource called@ [/var/www/porukam/porukam.kiev.ua/oc-includes/osclass/controller/ajax.php:146] / #1 doModel called@ [/var/www/porukam/porukam.kiev.ua/index.php:117] / ', '31.43.131.21', 'user', 0),
('2016-02-28 13:05:27', 'ajax', 'deleteimage', 10, '10', '31.43.131.21', 'user', 0),
('2016-02-28 13:08:28', 'itemActions', 'deleteResourcesFromHD', 11, '11', '31.43.131.21', 'admin', 1),
('2016-02-28 13:08:28', 'itemActions', 'deleteResourcesFromHD', 11, '0', '31.43.131.21', 'admin', 1),
('2016-02-28 13:08:28', 'item', 'delete', 11, 'Легковые in Житомир', '31.43.131.21', 'admin', 1),
('2016-02-28 13:08:28', 'Item', 'deleteResourcesFromHD', 11, '11', '31.43.131.21', 'admin', 1),
('2016-02-28 13:08:28', 'Item', 'deleteResourcesFromHD', 11, '0', '31.43.131.21', 'admin', 1),
('2016-02-28 13:08:28', 'itemActions', 'deleteResourcesFromHD', 12, '12', '31.43.131.21', 'admin', 1),
('2016-02-28 13:08:28', 'item', 'delete resource', 12, '12', '31.43.131.21', 'admin', 1),
('2016-02-28 13:08:28', 'item', 'delete resource backtrace', 12, '#0 osc_deleteResource called@ [/var/www/porukam/porukam.kiev.ua/oc-includes/osclass/ItemActions.php:812] / #1 deleteResourcesFromHD called@ [/var/www/porukam/porukam.kiev.ua/oc-includes/osclass/ItemActions.php:790] / #2 delete called@ [/var/www/poruk', '31.43.131.21', 'admin', 1),
('2016-02-28 13:08:28', 'itemActions', 'deleteResourcesFromHD', 12, '12,', '31.43.131.21', 'admin', 1),
('2016-02-28 13:08:28', 'item', 'delete', 12, 'Картина', '31.43.131.21', 'admin', 1),
('2016-02-28 13:08:28', 'Item', 'deleteResourcesFromHD', 12, '12', '31.43.131.21', 'admin', 1),
('2016-02-28 13:08:28', 'item', 'delete resource', 12, '12', '31.43.131.21', 'admin', 1),
('2016-02-28 13:08:28', 'item', 'delete resource backtrace', 12, '#0 osc_deleteResource called@ [/var/www/porukam/porukam.kiev.ua/oc-includes/osclass/model/Item.php:990] / #1 deleteResourcesFromHD called@ [/var/www/porukam/porukam.kiev.ua/oc-includes/osclass/model/Item.php:961] / #2 deleteByPrimaryKey called@ [/var', '31.43.131.21', 'admin', 1),
('2016-02-28 13:08:28', 'Item', 'deleteResourcesFromHD', 12, '12,', '31.43.131.21', 'admin', 1),
('2016-02-28 13:08:28', 'itemActions', 'deleteResourcesFromHD', 9, '9', '31.43.131.21', 'admin', 1),
('2016-02-28 13:08:28', 'item', 'delete resource', 8, '8', '31.43.131.21', 'admin', 1),
('2016-02-28 13:08:28', 'item', 'delete resource backtrace', 8, '#0 osc_deleteResource called@ [/var/www/porukam/porukam.kiev.ua/oc-includes/osclass/ItemActions.php:812] / #1 deleteResourcesFromHD called@ [/var/www/porukam/porukam.kiev.ua/oc-includes/osclass/ItemActions.php:790] / #2 delete called@ [/var/www/poruk', '31.43.131.21', 'admin', 1),
('2016-02-28 13:08:29', 'itemActions', 'deleteResourcesFromHD', 9, '8,', '31.43.131.21', 'admin', 1),
('2016-02-28 13:08:29', 'item', 'delete', 9, 'Легковые in ', '31.43.131.21', 'admin', 1),
('2016-02-28 13:08:29', 'Item', 'deleteResourcesFromHD', 9, '9', '31.43.131.21', 'admin', 1),
('2016-02-28 13:08:29', 'item', 'delete resource', 8, '8', '31.43.131.21', 'admin', 1),
('2016-02-28 13:08:29', 'item', 'delete resource backtrace', 8, '#0 osc_deleteResource called@ [/var/www/porukam/porukam.kiev.ua/oc-includes/osclass/model/Item.php:990] / #1 deleteResourcesFromHD called@ [/var/www/porukam/porukam.kiev.ua/oc-includes/osclass/model/Item.php:961] / #2 deleteByPrimaryKey called@ [/var', '31.43.131.21', 'admin', 1),
('2016-02-28 13:08:29', 'Item', 'deleteResourcesFromHD', 9, '8,', '31.43.131.21', 'admin', 1),
('2016-02-28 13:08:29', 'itemActions', 'deleteResourcesFromHD', 10, '10', '31.43.131.21', 'admin', 1),
('2016-02-28 13:08:29', 'item', 'delete resource', 9, '9', '31.43.131.21', 'admin', 1),
('2016-02-28 13:08:29', 'item', 'delete resource backtrace', 9, '#0 osc_deleteResource called@ [/var/www/porukam/porukam.kiev.ua/oc-includes/osclass/ItemActions.php:812] / #1 deleteResourcesFromHD called@ [/var/www/porukam/porukam.kiev.ua/oc-includes/osclass/ItemActions.php:790] / #2 delete called@ [/var/www/poruk', '31.43.131.21', 'admin', 1),
('2016-02-28 13:08:29', 'itemActions', 'deleteResourcesFromHD', 10, '9,', '31.43.131.21', 'admin', 1),
('2016-02-28 13:08:29', 'item', 'delete', 10, 'Картина', '31.43.131.21', 'admin', 1),
('2016-02-28 13:08:29', 'Item', 'deleteResourcesFromHD', 10, '10', '31.43.131.21', 'admin', 1),
('2016-02-28 13:08:29', 'item', 'delete resource', 9, '9', '31.43.131.21', 'admin', 1),
('2016-02-28 13:08:29', 'item', 'delete resource backtrace', 9, '#0 osc_deleteResource called@ [/var/www/porukam/porukam.kiev.ua/oc-includes/osclass/model/Item.php:990] / #1 deleteResourcesFromHD called@ [/var/www/porukam/porukam.kiev.ua/oc-includes/osclass/model/Item.php:961] / #2 deleteByPrimaryKey called@ [/var', '31.43.131.21', 'admin', 1),
('2016-02-28 13:08:29', 'Item', 'deleteResourcesFromHD', 10, '9,', '31.43.131.21', 'admin', 1),
('2016-02-28 13:08:45', 'itemActions', 'deleteResourcesFromHD', 11, '11', '31.43.131.21', 'admin', 1),
('2016-02-28 13:08:45', 'itemActions', 'deleteResourcesFromHD', 11, '0', '31.43.131.21', 'admin', 1),
('2016-02-28 13:08:45', 'item', 'delete', 11, 'Легковые in', '31.43.131.21', 'admin', 1),
('2016-02-28 13:08:45', 'Item', 'deleteResourcesFromHD', 11, '11', '31.43.131.21', 'admin', 1),
('2016-02-28 13:08:45', 'Item', 'deleteResourcesFromHD', 11, '0', '31.43.131.21', 'admin', 1),
('2016-02-28 13:09:06', 'itemActions', 'deleteResourcesFromHD', 11, '11', '31.43.131.21', 'admin', 1),
('2016-02-28 13:09:06', 'itemActions', 'deleteResourcesFromHD', 11, '0', '31.43.131.21', 'admin', 1),
('2016-02-28 13:09:06', 'item', 'delete', 11, 'Легковые in', '31.43.131.21', 'admin', 1),
('2016-02-28 13:09:06', 'Item', 'deleteResourcesFromHD', 11, '11', '31.43.131.21', 'admin', 1),
('2016-02-28 13:09:06', 'Item', 'deleteResourcesFromHD', 11, '0', '31.43.131.21', 'admin', 1),
('2016-02-28 22:43:06', 'itemActions', 'deleteResourcesFromHD', 4, '4', '31.43.131.21', 'admin', 1),
('2016-02-28 22:43:06', 'item', 'delete resource', 3, '3', '31.43.131.21', 'admin', 1),
('2016-02-28 22:43:06', 'item', 'delete resource backtrace', 3, '#0 osc_deleteResource called@ [/var/www/porukam/porukam.kiev.ua/oc-includes/osclass/ItemActions.php:812] / #1 deleteResourcesFromHD called@ [/var/www/porukam/porukam.kiev.ua/oc-includes/osclass/ItemActions.php:790] / #2 delete called@ [/var/www/poruk', '31.43.131.21', 'admin', 1),
('2016-02-28 22:43:06', 'itemActions', 'deleteResourcesFromHD', 4, '3,', '31.43.131.21', 'admin', 1),
('2016-02-28 22:43:06', 'item', 'delete', 4, 'Мистецтво - Колекціонування in Київ', '31.43.131.21', 'admin', 1),
('2016-02-28 22:43:06', 'Item', 'deleteResourcesFromHD', 4, '4', '31.43.131.21', 'admin', 1),
('2016-02-28 22:43:06', 'item', 'delete resource', 3, '3', '31.43.131.21', 'admin', 1),
('2016-02-28 22:43:06', 'item', 'delete resource backtrace', 3, '#0 osc_deleteResource called@ [/var/www/porukam/porukam.kiev.ua/oc-includes/osclass/model/Item.php:990] / #1 deleteResourcesFromHD called@ [/var/www/porukam/porukam.kiev.ua/oc-includes/osclass/model/Item.php:961] / #2 deleteByPrimaryKey called@ [/var', '31.43.131.21', 'admin', 1),
('2016-02-28 22:43:06', 'Item', 'deleteResourcesFromHD', 4, '3,', '31.43.131.21', 'admin', 1),
('2016-02-29 00:24:15', 'item', 'add', 13, 'Paint', '31.43.131.21', 'user', 2),
('2016-02-29 00:26:22', 'item', 'add', 14, 'Paint', '31.43.131.21', 'user', 2),
('2016-02-29 00:29:44', 'item', 'add', 15, 'ывафыва', '31.43.131.21', 'user', 0),
('2016-02-29 00:33:45', 'item', 'add', 16, 'цйукцку', '31.43.131.21', 'user', 0),
('2016-02-29 00:36:11', 'item', 'delete resource', 15, '15', '31.43.131.21', 'user', 0),
('2016-02-29 00:36:11', 'item', 'delete resource backtrace', 15, '#0 osc_deleteResource called@ [/var/www/porukam/porukam.kiev.ua/oc-includes/osclass/controller/ajax.php:146] / #1 doModel called@ [/var/www/porukam/porukam.kiev.ua/index.php:117] / ', '31.43.131.21', 'user', 0),
('2016-02-29 00:36:11', 'ajax', 'deleteimage', 15, '15', '31.43.131.21', 'user', 0),
('2016-02-29 00:36:28', 'itemActions', 'deleteResourcesFromHD', 16, '16', '31.43.131.21', 'admin', 1),
('2016-02-29 00:36:28', 'item', 'delete resource', 16, '16', '31.43.131.21', 'admin', 1),
('2016-02-29 00:36:28', 'item', 'delete resource backtrace', 16, '#0 osc_deleteResource called@ [/var/www/porukam/porukam.kiev.ua/oc-includes/osclass/ItemActions.php:812] / #1 deleteResourcesFromHD called@ [/var/www/porukam/porukam.kiev.ua/oc-includes/osclass/ItemActions.php:790] / #2 delete called@ [/var/www/poruk', '31.43.131.21', 'admin', 1),
('2016-02-29 00:36:28', 'itemActions', 'deleteResourcesFromHD', 16, '16,', '31.43.131.21', 'admin', 1),
('2016-02-29 00:36:28', 'item', 'delete', 16, 'Искусство - Коллекционирование в Житомир', '31.43.131.21', 'admin', 1),
('2016-02-29 00:36:28', 'Item', 'deleteResourcesFromHD', 16, '16', '31.43.131.21', 'admin', 1),
('2016-02-29 00:36:28', 'item', 'delete resource', 16, '16', '31.43.131.21', 'admin', 1),
('2016-02-29 00:36:28', 'item', 'delete resource backtrace', 16, '#0 osc_deleteResource called@ [/var/www/porukam/porukam.kiev.ua/oc-includes/osclass/model/Item.php:990] / #1 deleteResourcesFromHD called@ [/var/www/porukam/porukam.kiev.ua/oc-includes/osclass/model/Item.php:961] / #2 deleteByPrimaryKey called@ [/var', '31.43.131.21', 'admin', 1),
('2016-02-29 00:36:28', 'Item', 'deleteResourcesFromHD', 16, '16,', '31.43.131.21', 'admin', 1),
('2016-02-29 00:40:02', 'itemActions', 'deleteResourcesFromHD', 15, '15', '31.43.131.21', 'admin', 1),
('2016-02-29 00:40:02', 'itemActions', 'deleteResourcesFromHD', 15, '0', '31.43.131.21', 'admin', 1),
('2016-02-29 00:40:02', 'item', 'delete', 15, 'ваыва', '31.43.131.21', 'admin', 1),
('2016-02-29 00:40:02', 'Item', 'deleteResourcesFromHD', 15, '15', '31.43.131.21', 'admin', 1),
('2016-02-29 00:40:02', 'Item', 'deleteResourcesFromHD', 15, '0', '31.43.131.21', 'admin', 1),
('2016-02-29 02:08:50', 'itemActions', 'deleteResourcesFromHD', 16, '16', '31.43.131.21', 'admin', 1),
('2016-02-29 02:08:50', 'itemActions', 'deleteResourcesFromHD', 16, '0', '31.43.131.21', 'admin', 1),
('2016-02-29 02:08:50', 'item', 'delete', 16, 'Art - Collectibles в', '31.43.131.21', 'admin', 1),
('2016-02-29 02:08:50', 'Item', 'deleteResourcesFromHD', 16, '16', '31.43.131.21', 'admin', 1),
('2016-02-29 02:08:50', 'Item', 'deleteResourcesFromHD', 16, '0', '31.43.131.21', 'admin', 1),
('2016-02-29 02:27:13', 'itemActions', 'deleteResourcesFromHD', 16, '16', '31.43.131.21', 'admin', 1),
('2016-02-29 02:27:13', 'itemActions', 'deleteResourcesFromHD', 16, '0', '31.43.131.21', 'admin', 1),
('2016-02-29 02:27:13', 'item', 'delete', 16, 'Art - Collectibles в', '31.43.131.21', 'admin', 1),
('2016-02-29 02:27:13', 'Item', 'deleteResourcesFromHD', 16, '16', '31.43.131.21', 'admin', 1),
('2016-02-29 02:27:13', 'Item', 'deleteResourcesFromHD', 16, '0', '31.43.131.21', 'admin', 1),
('2016-02-29 02:28:56', 'itemActions', 'deleteResourcesFromHD', 16, '16', '31.43.131.21', 'admin', 1),
('2016-02-29 02:28:56', 'itemActions', 'deleteResourcesFromHD', 16, '0', '31.43.131.21', 'admin', 1),
('2016-02-29 02:28:56', 'item', 'delete', 16, 'Art - Collectibles в', '31.43.131.21', 'admin', 1),
('2016-02-29 02:28:56', 'Item', 'deleteResourcesFromHD', 16, '16', '31.43.131.21', 'admin', 1),
('2016-02-29 02:28:56', 'Item', 'deleteResourcesFromHD', 16, '0', '31.43.131.21', 'admin', 1),
('2016-02-29 02:29:01', 'itemActions', 'deleteResourcesFromHD', 11, '11', '31.43.131.21', 'admin', 1),
('2016-02-29 02:29:01', 'itemActions', 'deleteResourcesFromHD', 11, '0', '31.43.131.21', 'admin', 1),
('2016-02-29 02:29:01', 'item', 'delete', 11, 'Легковые в', '31.43.131.21', 'admin', 1),
('2016-02-29 02:29:01', 'Item', 'deleteResourcesFromHD', 11, '11', '31.43.131.21', 'admin', 1),
('2016-02-29 02:29:01', 'Item', 'deleteResourcesFromHD', 11, '0', '31.43.131.21', 'admin', 1),
('2016-02-29 02:29:43', 'itemActions', 'deleteResourcesFromHD', 16, '16', '31.43.131.21', 'admin', 1),
('2016-02-29 02:29:43', 'itemActions', 'deleteResourcesFromHD', 16, '0', '31.43.131.21', 'admin', 1),
('2016-02-29 02:29:43', 'item', 'delete', 16, 'Art - Collectibles в', '31.43.131.21', 'admin', 1),
('2016-02-29 02:29:43', 'Item', 'deleteResourcesFromHD', 16, '16', '31.43.131.21', 'admin', 1),
('2016-02-29 02:29:43', 'Item', 'deleteResourcesFromHD', 16, '0', '31.43.131.21', 'admin', 1),
('2016-02-29 02:30:41', 'itemActions', 'deleteResourcesFromHD', 16, '16', '31.43.131.21', 'admin', 1),
('2016-02-29 02:30:41', 'itemActions', 'deleteResourcesFromHD', 16, '0', '31.43.131.21', 'admin', 1),
('2016-02-29 02:30:41', 'item', 'delete', 16, 'Art - Collectibles в', '31.43.131.21', 'admin', 1),
('2016-02-29 02:30:41', 'Item', 'deleteResourcesFromHD', 16, '16', '31.43.131.21', 'admin', 1),
('2016-02-29 02:30:41', 'Item', 'deleteResourcesFromHD', 16, '0', '31.43.131.21', 'admin', 1),
('2016-02-29 02:37:12', 'itemActions', 'deleteResourcesFromHD', 16, '16', '31.43.131.21', 'admin', 1),
('2016-02-29 02:37:12', 'itemActions', 'deleteResourcesFromHD', 16, '0', '31.43.131.21', 'admin', 1),
('2016-02-29 02:37:12', 'item', 'delete', 16, 'Art - Collectibles в', '31.43.131.21', 'admin', 1),
('2016-02-29 02:37:12', 'Item', 'deleteResourcesFromHD', 16, '16', '31.43.131.21', 'admin', 1),
('2016-02-29 02:37:12', 'Item', 'deleteResourcesFromHD', 16, '0', '31.43.131.21', 'admin', 1),
('2016-02-29 02:38:06', 'itemActions', 'deleteResourcesFromHD', 10, '10', '31.43.131.21', 'admin', 1),
('2016-02-29 02:38:06', 'itemActions', 'deleteResourcesFromHD', 10, '0', '31.43.131.21', 'admin', 1),
('2016-02-29 02:38:06', 'item', 'delete', 10, 'Art - Collectibles в', '31.43.131.21', 'admin', 1),
('2016-02-29 02:38:06', 'Item', 'deleteResourcesFromHD', 10, '10', '31.43.131.21', 'admin', 1),
('2016-02-29 02:38:06', 'Item', 'deleteResourcesFromHD', 10, '0', '31.43.131.21', 'admin', 1),
('2016-02-29 02:38:12', 'itemActions', 'deleteResourcesFromHD', 10, '10', '31.43.131.21', 'admin', 1),
('2016-02-29 02:38:12', 'itemActions', 'deleteResourcesFromHD', 10, '0', '31.43.131.21', 'admin', 1),
('2016-02-29 02:38:12', 'item', 'delete', 10, 'Art - Collectibles в', '31.43.131.21', 'admin', 1),
('2016-02-29 02:38:12', 'Item', 'deleteResourcesFromHD', 10, '10', '31.43.131.21', 'admin', 1),
('2016-02-29 02:38:12', 'Item', 'deleteResourcesFromHD', 10, '0', '31.43.131.21', 'admin', 1),
('2016-03-01 13:46:52', 'itemActions', 'deleteResourcesFromHD', 16, '16', '82.144.205.45', 'admin', 1),
('2016-03-01 13:46:52', 'itemActions', 'deleteResourcesFromHD', 16, '0', '82.144.205.45', 'admin', 1),
('2016-03-01 13:46:52', 'item', 'delete', 16, 'Искусство - Коллекционирование в', '82.144.205.45', 'admin', 1),
('2016-03-01 13:46:52', 'Item', 'deleteResourcesFromHD', 16, '16', '82.144.205.45', 'admin', 1),
('2016-03-01 13:46:52', 'Item', 'deleteResourcesFromHD', 16, '0', '82.144.205.45', 'admin', 1),
('2016-03-01 13:47:10', 'itemActions', 'deleteResourcesFromHD', 4, '4', '82.144.205.45', 'admin', 1),
('2016-03-01 13:47:10', 'itemActions', 'deleteResourcesFromHD', 4, '0', '82.144.205.45', 'admin', 1),
('2016-03-01 13:47:10', 'item', 'delete', 4, 'Искусство - Коллекционирование в', '82.144.205.45', 'admin', 1),
('2016-03-01 13:47:10', 'Item', 'deleteResourcesFromHD', 4, '4', '82.144.205.45', 'admin', 1),
('2016-03-01 13:47:10', 'Item', 'deleteResourcesFromHD', 4, '0', '82.144.205.45', 'admin', 1),
('2016-03-01 15:49:14', 'item', 'add', 1, '', '82.144.205.45', 'user', 0),
('2016-03-01 15:50:32', 'item', 'edit', 1, '', '82.144.205.45', 'admin', 1),
('2016-03-01 15:51:59', 'itemActions', 'deleteResourcesFromHD', 1, '1', '82.144.205.45', 'admin', 1),
('2016-03-01 15:51:59', 'item', 'delete resource', 1, '1', '82.144.205.45', 'admin', 1),
('2016-03-01 15:51:59', 'item', 'delete resource backtrace', 1, '#0 osc_deleteResource called@ [/var/www/porukam/porukam.kiev.ua/oc-includes/osclass/ItemActions.php:812] / #1 deleteResourcesFromHD called@ [/var/www/porukam/porukam.kiev.ua/oc-includes/osclass/ItemActions.php:790] / #2 delete called@ [/var/www/poruk', '82.144.205.45', 'admin', 1),
('2016-03-01 15:51:59', 'itemActions', 'deleteResourcesFromHD', 1, '1,', '82.144.205.45', 'admin', 1),
('2016-03-01 15:51:59', 'item', 'delete', 1, 'Тачка', '82.144.205.45', 'admin', 1),
('2016-03-01 15:51:59', 'Item', 'deleteResourcesFromHD', 1, '1', '82.144.205.45', 'admin', 1),
('2016-03-01 15:51:59', 'item', 'delete resource', 1, '1', '82.144.205.45', 'admin', 1),
('2016-03-01 15:51:59', 'item', 'delete resource backtrace', 1, '#0 osc_deleteResource called@ [/var/www/porukam/porukam.kiev.ua/oc-includes/osclass/model/Item.php:990] / #1 deleteResourcesFromHD called@ [/var/www/porukam/porukam.kiev.ua/oc-includes/osclass/model/Item.php:961] / #2 deleteByPrimaryKey called@ [/var', '82.144.205.45', 'admin', 1),
('2016-03-01 15:51:59', 'Item', 'deleteResourcesFromHD', 1, '1,', '82.144.205.45', 'admin', 1),
('2016-03-04 15:40:52', 'item', 'add', 2, 'дам особам пенсійного віку пів- будинку, або продам (75м2)', '82.144.205.45', 'user', 0),
('2016-03-04 15:41:22', 'item', 'edit', 2, 'дам особам пенсійного віку пів- будинку, або продам (75м2)', '82.144.205.45', 'admin', 1),
('2016-03-04 15:49:52', 'item', 'edit', 2, 'дам особам пенсійного віку пів- будинку, або продам (75м2)', '82.144.205.45', 'admin', 1),
('2016-03-04 16:53:04', 'item', 'edit', 2, 'дам особам пенсійного віку пів- будинку, або продам (75м2)', '82.144.205.45', 'admin', 1),
('2016-03-04 16:54:16', 'item', 'edit', 2, 'дам особам пенсійного віку пів- будинку, або продам (75м2)', '82.144.205.45', 'admin', 1),
('2016-03-04 16:55:24', 'item', 'delete resource', 2, '2', '82.144.205.45', 'user', 0),
('2016-03-04 16:55:24', 'item', 'delete resource backtrace', 2, '#0 osc_deleteResource called@ [/var/www/porukam/porukam.kiev.ua/oc-includes/osclass/controller/ajax.php:146] / #1 doModel called@ [/var/www/porukam/porukam.kiev.ua/index.php:117] / ', '82.144.205.45', 'user', 0),
('2016-03-04 16:55:24', 'ajax', 'deleteimage', 2, '2', '82.144.205.45', 'user', 0),
('2016-03-04 16:55:34', 'item', 'edit', 2, 'дам особам пенсійного віку пів- будинку, або продам (75м2)', '82.144.205.45', 'admin', 1),
('2016-03-04 17:00:46', 'item', 'edit', 2, 'дам особам пенсійного віку пів- будинку, або продам (75м2)', '82.144.205.45', 'admin', 1),
('2016-03-04 17:11:19', 'item', 'edit', 2, 'дам особам пенсійного віку пів- будинку, або продам (75м2)', '82.144.205.45', 'admin', 1),
('2016-03-04 18:19:27', 'item', 'edit', 2, 'дам особам пенсійного віку пів- будинку, або продам (75м2)', '82.144.205.45', 'admin', 1),
('2016-03-04 18:41:02', 'user', 'add', 3, 'webadmin@stolyca.com.ua', '82.144.205.45', 'user', 3),
('2016-03-04 18:44:15', 'user', 'activate', 3, 'webadmin@stolyca.com.ua', '82.144.205.45', 'admin', 1),
('2016-03-04 18:46:02', 'user', 'edit', 3, 'webadmin@stolyca.com.ua', '82.144.205.45', 'admin', 1),
('2016-03-04 18:50:18', 'user', 'edit', 3, 'webadmin@stolyca.com.ua', '82.144.205.45', 'user', 3),
('2016-03-04 18:52:50', 'item', 'add', 3, 'Продам будинок  180  км від Києва', '82.144.205.45', 'user', 3),
('2016-03-04 18:53:21', 'item', 'delete resource', 4, '4', '82.144.205.45', 'user', 3),
('2016-03-04 18:53:21', 'item', 'delete resource backtrace', 4, '#0 osc_deleteResource called@ [/var/www/porukam/porukam.kiev.ua/oc-includes/osclass/controller/ajax.php:146] / #1 doModel called@ [/var/www/porukam/porukam.kiev.ua/index.php:117] / ', '82.144.205.45', 'user', 3),
('2016-03-04 18:53:21', 'ajax', 'deleteimage', 4, '4', '82.144.205.45', 'user', 3),
('2016-03-04 18:53:30', 'item', 'edit', 3, 'Продам будинок  180  км від Києва', '82.144.205.45', 'user', 3),
('2016-03-04 18:54:10', 'item', 'delete resource', 5, '5', '82.144.205.45', 'user', 3),
('2016-03-04 18:54:10', 'item', 'delete resource backtrace', 5, '#0 osc_deleteResource called@ [/var/www/porukam/porukam.kiev.ua/oc-includes/osclass/controller/ajax.php:146] / #1 doModel called@ [/var/www/porukam/porukam.kiev.ua/index.php:117] / ', '82.144.205.45', 'user', 3),
('2016-03-04 18:54:10', 'ajax', 'deleteimage', 5, '5', '82.144.205.45', 'user', 3),
('2016-03-04 18:54:23', 'item', 'edit', 3, 'Продам будинок  180  км від Києва', '82.144.205.45', 'user', 3),
('2016-03-04 18:55:30', 'item', 'delete resource', 6, '6', '82.144.205.45', 'user', 3),
('2016-03-04 18:55:30', 'item', 'delete resource backtrace', 6, '#0 osc_deleteResource called@ [/var/www/porukam/porukam.kiev.ua/oc-includes/osclass/controller/ajax.php:146] / #1 doModel called@ [/var/www/porukam/porukam.kiev.ua/index.php:117] / ', '82.144.205.45', 'user', 3),
('2016-03-04 18:55:30', 'ajax', 'deleteimage', 6, '6', '82.144.205.45', 'user', 3),
('2016-03-04 18:55:38', 'item', 'edit', 3, 'Продам будинок  180  км від Києва', '82.144.205.45', 'user', 3),
('2016-03-04 18:56:50', 'item', 'delete resource', 7, '7', '82.144.205.45', 'user', 3),
('2016-03-04 18:56:50', 'item', 'delete resource backtrace', 7, '#0 osc_deleteResource called@ [/var/www/porukam/porukam.kiev.ua/oc-includes/osclass/controller/ajax.php:146] / #1 doModel called@ [/var/www/porukam/porukam.kiev.ua/index.php:117] / ', '82.144.205.45', 'user', 3),
('2016-03-04 18:56:50', 'ajax', 'deleteimage', 7, '7', '82.144.205.45', 'user', 3),
('2016-03-04 18:57:11', 'item', 'edit', 3, 'Продам будинок  180  км від Києва', '82.144.205.45', 'user', 3),
('2016-03-04 18:58:35', 'item', 'add', 4, 'Продам будинок', '82.144.205.45', 'user', 3),
('2016-03-04 18:58:54', 'itemActions', 'deleteResourcesFromHD', 4, '4', '82.144.205.45', 'user', 3),
('2016-03-04 18:58:54', 'item', 'delete resource', 9, '9', '82.144.205.45', 'user', 3),
('2016-03-04 18:58:54', 'item', 'delete resource backtrace', 9, '#0 osc_deleteResource called@ [/var/www/porukam/porukam.kiev.ua/oc-includes/osclass/ItemActions.php:812] / #1 deleteResourcesFromHD called@ [/var/www/porukam/porukam.kiev.ua/oc-includes/osclass/ItemActions.php:790] / #2 delete called@ [/var/www/poruk', '82.144.205.45', 'user', 3),
('2016-03-04 18:58:54', 'itemActions', 'deleteResourcesFromHD', 4, '9,', '82.144.205.45', 'user', 3),
('2016-03-04 18:58:54', 'item', 'delete', 4, 'Продажа загородных домов  в Городище', '82.144.205.45', 'user', 3),
('2016-03-04 18:58:54', 'Item', 'deleteResourcesFromHD', 4, '4', '82.144.205.45', 'user', 3),
('2016-03-04 18:58:54', 'item', 'delete resource', 9, '9', '82.144.205.45', 'user', 3),
('2016-03-04 18:58:54', 'item', 'delete resource backtrace', 9, '#0 osc_deleteResource called@ [/var/www/porukam/porukam.kiev.ua/oc-includes/osclass/model/Item.php:990] / #1 deleteResourcesFromHD called@ [/var/www/porukam/porukam.kiev.ua/oc-includes/osclass/model/Item.php:961] / #2 deleteByPrimaryKey called@ [/var', '82.144.205.45', 'user', 3),
('2016-03-04 18:58:54', 'Item', 'deleteResourcesFromHD', 4, '9,', '82.144.205.45', 'user', 3),
('2016-03-04 18:59:00', 'itemActions', 'deleteResourcesFromHD', 3, '3', '82.144.205.45', 'user', 3),
('2016-03-04 18:59:00', 'item', 'delete resource', 8, '8', '82.144.205.45', 'user', 3),
('2016-03-04 18:59:00', 'item', 'delete resource backtrace', 8, '#0 osc_deleteResource called@ [/var/www/porukam/porukam.kiev.ua/oc-includes/osclass/ItemActions.php:812] / #1 deleteResourcesFromHD called@ [/var/www/porukam/porukam.kiev.ua/oc-includes/osclass/ItemActions.php:790] / #2 delete called@ [/var/www/poruk', '82.144.205.45', 'user', 3),
('2016-03-04 18:59:00', 'itemActions', 'deleteResourcesFromHD', 3, '8,', '82.144.205.45', 'user', 3),
('2016-03-04 18:59:00', 'item', 'delete', 3, 'Продажа загородных домов  в ', '82.144.205.45', 'user', 3),
('2016-03-04 18:59:00', 'Item', 'deleteResourcesFromHD', 3, '3', '82.144.205.45', 'user', 3),
('2016-03-04 18:59:00', 'item', 'delete resource', 8, '8', '82.144.205.45', 'user', 3),
('2016-03-04 18:59:00', 'item', 'delete resource backtrace', 8, '#0 osc_deleteResource called@ [/var/www/porukam/porukam.kiev.ua/oc-includes/osclass/model/Item.php:990] / #1 deleteResourcesFromHD called@ [/var/www/porukam/porukam.kiev.ua/oc-includes/osclass/model/Item.php:961] / #2 deleteByPrimaryKey called@ [/var', '82.144.205.45', 'user', 3),
('2016-03-04 18:59:00', 'Item', 'deleteResourcesFromHD', 3, '8,', '82.144.205.45', 'user', 3),
('2016-03-04 18:59:47', 'item', 'add', 5, 'дом', '82.144.205.45', 'user', 3),
('2016-03-04 19:02:19', 'item', 'add', 6, '', '82.144.205.45', 'user', 3),
('2016-03-04 19:02:41', 'itemActions', 'deleteResourcesFromHD', 5, '5', '82.144.205.45', 'user', 3),
('2016-03-04 19:02:41', 'item', 'delete resource', 10, '10', '82.144.205.45', 'user', 3),
('2016-03-04 19:02:41', 'item', 'delete resource backtrace', 10, '#0 osc_deleteResource called@ [/var/www/porukam/porukam.kiev.ua/oc-includes/osclass/ItemActions.php:812] / #1 deleteResourcesFromHD called@ [/var/www/porukam/porukam.kiev.ua/oc-includes/osclass/ItemActions.php:790] / #2 delete called@ [/var/www/poruk', '82.144.205.45', 'user', 3),
('2016-03-04 19:02:41', 'itemActions', 'deleteResourcesFromHD', 5, '10,', '82.144.205.45', 'user', 3),
('2016-03-04 19:02:41', 'item', 'delete', 5, 'Продажа загородных домов  в Городище', '82.144.205.45', 'user', 3),
('2016-03-04 19:02:41', 'Item', 'deleteResourcesFromHD', 5, '5', '82.144.205.45', 'user', 3),
('2016-03-04 19:02:41', 'item', 'delete resource', 10, '10', '82.144.205.45', 'user', 3),
('2016-03-04 19:02:41', 'item', 'delete resource backtrace', 10, '#0 osc_deleteResource called@ [/var/www/porukam/porukam.kiev.ua/oc-includes/osclass/model/Item.php:990] / #1 deleteResourcesFromHD called@ [/var/www/porukam/porukam.kiev.ua/oc-includes/osclass/model/Item.php:961] / #2 deleteByPrimaryKey called@ [/var', '82.144.205.45', 'user', 3),
('2016-03-04 19:02:41', 'Item', 'deleteResourcesFromHD', 5, '10,', '82.144.205.45', 'user', 3),
('2016-03-04 19:02:45', 'itemActions', 'deleteResourcesFromHD', 6, '6', '82.144.205.45', 'user', 3),
('2016-03-04 19:02:45', 'item', 'delete resource', 11, '11', '82.144.205.45', 'user', 3),
('2016-03-04 19:02:45', 'item', 'delete resource backtrace', 11, '#0 osc_deleteResource called@ [/var/www/porukam/porukam.kiev.ua/oc-includes/osclass/ItemActions.php:812] / #1 deleteResourcesFromHD called@ [/var/www/porukam/porukam.kiev.ua/oc-includes/osclass/ItemActions.php:790] / #2 delete called@ [/var/www/poruk', '82.144.205.45', 'user', 3),
('2016-03-04 19:02:45', 'itemActions', 'deleteResourcesFromHD', 6, '11,', '82.144.205.45', 'user', 3),
('2016-03-04 19:02:45', 'item', 'delete', 6, 'вапва', '82.144.205.45', 'user', 3),
('2016-03-04 19:02:45', 'Item', 'deleteResourcesFromHD', 6, '6', '82.144.205.45', 'user', 3),
('2016-03-04 19:02:45', 'item', 'delete resource', 11, '11', '82.144.205.45', 'user', 3),
('2016-03-04 19:02:45', 'item', 'delete resource backtrace', 11, '#0 osc_deleteResource called@ [/var/www/porukam/porukam.kiev.ua/oc-includes/osclass/model/Item.php:990] / #1 deleteResourcesFromHD called@ [/var/www/porukam/porukam.kiev.ua/oc-includes/osclass/model/Item.php:961] / #2 deleteByPrimaryKey called@ [/var', '82.144.205.45', 'user', 3),
('2016-03-04 19:02:45', 'Item', 'deleteResourcesFromHD', 6, '11,', '82.144.205.45', 'user', 3),
('2016-03-04 19:05:49', 'item', 'add', 7, '', '82.144.205.45', 'user', 0),
('2016-03-04 19:10:52', 'item', 'add', 8, 'cjt', '82.144.205.45', 'user', 0),
('2016-03-04 19:13:16', 'item', 'add', 9, 'gf', '82.144.205.45', 'user', 0),
('2016-03-04 19:14:38', 'item', 'add', 10, '456456', '82.144.205.45', 'user', 0),
('2016-03-04 19:15:43', 'item', 'add', 11, 'erewrtew', '82.144.205.45', 'user', 0),
('2016-03-04 19:19:36', 'item', 'add', 12, '', '82.144.205.45', 'user', 0),
('2016-03-04 19:22:34', 'item', 'edit', 12, 'Продам будинок  180  км від Києва', '82.144.205.45', 'admin', 1),
('2016-03-04 19:22:48', 'itemActions', 'deleteResourcesFromHD', 11, '11', '82.144.205.45', 'admin', 1),
('2016-03-04 19:22:48', 'item', 'delete resource', 16, '16', '82.144.205.45', 'admin', 1),
('2016-03-04 19:22:48', 'item', 'delete resource backtrace', 16, '#0 osc_deleteResource called@ [/var/www/porukam/porukam.kiev.ua/oc-includes/osclass/ItemActions.php:812] / #1 deleteResourcesFromHD called@ [/var/www/porukam/porukam.kiev.ua/oc-includes/osclass/ItemActions.php:790] / #2 delete called@ [/var/www/poruk', '82.144.205.45', 'admin', 1),
('2016-03-04 19:22:48', 'itemActions', 'deleteResourcesFromHD', 11, '16,', '82.144.205.45', 'admin', 1),
('2016-03-04 19:22:48', 'item', 'delete', 11, 'Сільгосптехніка в ', '82.144.205.45', 'admin', 1),
('2016-03-04 19:22:48', 'Item', 'deleteResourcesFromHD', 11, '11', '82.144.205.45', 'admin', 1),
('2016-03-04 19:22:48', 'item', 'delete resource', 16, '16', '82.144.205.45', 'admin', 1),
('2016-03-04 19:22:48', 'item', 'delete resource backtrace', 16, '#0 osc_deleteResource called@ [/var/www/porukam/porukam.kiev.ua/oc-includes/osclass/model/Item.php:990] / #1 deleteResourcesFromHD called@ [/var/www/porukam/porukam.kiev.ua/oc-includes/osclass/model/Item.php:961] / #2 deleteByPrimaryKey called@ [/var', '82.144.205.45', 'admin', 1),
('2016-03-04 19:22:48', 'Item', 'deleteResourcesFromHD', 11, '16,', '82.144.205.45', 'admin', 1),
('2016-03-04 19:22:48', 'itemActions', 'deleteResourcesFromHD', 10, '10', '82.144.205.45', 'admin', 1),
('2016-03-04 19:22:48', 'item', 'delete resource', 15, '15', '82.144.205.45', 'admin', 1),
('2016-03-04 19:22:48', 'item', 'delete resource backtrace', 15, '#0 osc_deleteResource called@ [/var/www/porukam/porukam.kiev.ua/oc-includes/osclass/ItemActions.php:812] / #1 deleteResourcesFromHD called@ [/var/www/porukam/porukam.kiev.ua/oc-includes/osclass/ItemActions.php:790] / #2 delete called@ [/var/www/poruk', '82.144.205.45', 'admin', 1),
('2016-03-04 19:22:48', 'itemActions', 'deleteResourcesFromHD', 10, '15,', '82.144.205.45', 'admin', 1),
('2016-03-04 19:22:48', 'item', 'delete', 10, 'Сільгосптехніка в ', '82.144.205.45', 'admin', 1),
('2016-03-04 19:22:48', 'Item', 'deleteResourcesFromHD', 10, '10', '82.144.205.45', 'admin', 1),
('2016-03-04 19:22:48', 'item', 'delete resource', 15, '15', '82.144.205.45', 'admin', 1),
('2016-03-04 19:22:48', 'item', 'delete resource backtrace', 15, '#0 osc_deleteResource called@ [/var/www/porukam/porukam.kiev.ua/oc-includes/osclass/model/Item.php:990] / #1 deleteResourcesFromHD called@ [/var/www/porukam/porukam.kiev.ua/oc-includes/osclass/model/Item.php:961] / #2 deleteByPrimaryKey called@ [/var', '82.144.205.45', 'admin', 1),
('2016-03-04 19:22:48', 'Item', 'deleteResourcesFromHD', 10, '15,', '82.144.205.45', 'admin', 1),
('2016-03-04 19:22:48', 'itemActions', 'deleteResourcesFromHD', 9, '9', '82.144.205.45', 'admin', 1),
('2016-03-04 19:22:48', 'item', 'delete resource', 14, '14', '82.144.205.45', 'admin', 1),
('2016-03-04 19:22:48', 'item', 'delete resource backtrace', 14, '#0 osc_deleteResource called@ [/var/www/porukam/porukam.kiev.ua/oc-includes/osclass/ItemActions.php:812] / #1 deleteResourcesFromHD called@ [/var/www/porukam/porukam.kiev.ua/oc-includes/osclass/ItemActions.php:790] / #2 delete called@ [/var/www/poruk', '82.144.205.45', 'admin', 1),
('2016-03-04 19:22:48', 'itemActions', 'deleteResourcesFromHD', 9, '14,', '82.144.205.45', 'admin', 1),
('2016-03-04 19:22:48', 'item', 'delete', 9, 'Сільгосптехніка в ', '82.144.205.45', 'admin', 1),
('2016-03-04 19:22:48', 'Item', 'deleteResourcesFromHD', 9, '9', '82.144.205.45', 'admin', 1),
('2016-03-04 19:22:48', 'item', 'delete resource', 14, '14', '82.144.205.45', 'admin', 1),
('2016-03-04 19:22:48', 'item', 'delete resource backtrace', 14, '#0 osc_deleteResource called@ [/var/www/porukam/porukam.kiev.ua/oc-includes/osclass/model/Item.php:990] / #1 deleteResourcesFromHD called@ [/var/www/porukam/porukam.kiev.ua/oc-includes/osclass/model/Item.php:961] / #2 deleteByPrimaryKey called@ [/var', '82.144.205.45', 'admin', 1),
('2016-03-04 19:22:48', 'Item', 'deleteResourcesFromHD', 9, '14,', '82.144.205.45', 'admin', 1),
('2016-03-04 19:22:48', 'itemActions', 'deleteResourcesFromHD', 8, '8', '82.144.205.45', 'admin', 1),
('2016-03-04 19:22:48', 'item', 'delete resource', 13, '13', '82.144.205.45', 'admin', 1),
('2016-03-04 19:22:48', 'item', 'delete resource backtrace', 13, '#0 osc_deleteResource called@ [/var/www/porukam/porukam.kiev.ua/oc-includes/osclass/ItemActions.php:812] / #1 deleteResourcesFromHD called@ [/var/www/porukam/porukam.kiev.ua/oc-includes/osclass/ItemActions.php:790] / #2 delete called@ [/var/www/poruk', '82.144.205.45', 'admin', 1),
('2016-03-04 19:22:48', 'itemActions', 'deleteResourcesFromHD', 8, '13,', '82.144.205.45', 'admin', 1),
('2016-03-04 19:22:48', 'item', 'delete', 8, 'Соки в Житомир', '82.144.205.45', 'admin', 1),
('2016-03-04 19:22:48', 'Item', 'deleteResourcesFromHD', 8, '8', '82.144.205.45', 'admin', 1),
('2016-03-04 19:22:48', 'item', 'delete resource', 13, '13', '82.144.205.45', 'admin', 1),
('2016-03-04 19:22:48', 'item', 'delete resource backtrace', 13, '#0 osc_deleteResource called@ [/var/www/porukam/porukam.kiev.ua/oc-includes/osclass/model/Item.php:990] / #1 deleteResourcesFromHD called@ [/var/www/porukam/porukam.kiev.ua/oc-includes/osclass/model/Item.php:961] / #2 deleteByPrimaryKey called@ [/var', '82.144.205.45', 'admin', 1),
('2016-03-04 19:22:48', 'Item', 'deleteResourcesFromHD', 8, '13,', '82.144.205.45', 'admin', 1),
('2016-03-04 19:22:48', 'itemActions', 'deleteResourcesFromHD', 7, '7', '82.144.205.45', 'admin', 1),
('2016-03-04 19:22:48', 'item', 'delete resource', 12, '12', '82.144.205.45', 'admin', 1),
('2016-03-04 19:22:48', 'item', 'delete resource backtrace', 12, '#0 osc_deleteResource called@ [/var/www/porukam/porukam.kiev.ua/oc-includes/osclass/ItemActions.php:812] / #1 deleteResourcesFromHD called@ [/var/www/porukam/porukam.kiev.ua/oc-includes/osclass/ItemActions.php:790] / #2 delete called@ [/var/www/poruk', '82.144.205.45', 'admin', 1),
('2016-03-04 19:22:48', 'itemActions', 'deleteResourcesFromHD', 7, '12,', '82.144.205.45', 'admin', 1),
('2016-03-04 19:22:48', 'item', 'delete', 7, 'Продаж заміських будинків в Городище', '82.144.205.45', 'admin', 1),
('2016-03-04 19:22:48', 'Item', 'deleteResourcesFromHD', 7, '7', '82.144.205.45', 'admin', 1),
('2016-03-04 19:22:48', 'item', 'delete resource', 12, '12', '82.144.205.45', 'admin', 1),
('2016-03-04 19:22:48', 'item', 'delete resource backtrace', 12, '#0 osc_deleteResource called@ [/var/www/porukam/porukam.kiev.ua/oc-includes/osclass/model/Item.php:990] / #1 deleteResourcesFromHD called@ [/var/www/porukam/porukam.kiev.ua/oc-includes/osclass/model/Item.php:961] / #2 deleteByPrimaryKey called@ [/var', '82.144.205.45', 'admin', 1),
('2016-03-04 19:22:48', 'Item', 'deleteResourcesFromHD', 7, '12,', '82.144.205.45', 'admin', 1),
('2016-03-04 19:23:27', 'item', 'edit', 2, 'Здам особам пенсійного віку пів- будинку, або продам (75м2)', '82.144.205.45', 'admin', 1),
('2016-03-04 19:33:25', 'item', 'add', 13, 'Велосипед Specialized Rockhopper', '82.144.205.45', 'user', 0),
('2016-03-04 19:36:42', 'item', 'add', 14, 'Строительные работы,', '82.144.205.45', 'user', 0),
('2016-03-04 19:39:56', 'item', 'edit', 12, 'Продам будинок  180  км від Києва', '82.144.205.45', 'admin', 1),
('2016-03-07 23:54:16', 'item', 'edit', 2, 'Здам особам пенсійного віку пів- будинку, або продам (75м2)', '31.43.131.21', 'admin', 1),
('2016-03-07 23:54:33', 'item', 'edit', 2, 'Здам особам пенсійного віку пів- будинку, або продам (75м2)', '31.43.131.21', 'admin', 1),
('2016-03-08 00:54:10', 'item', 'edit', 13, 'Велосипед Specialized Rockhopper', '31.43.131.21', 'admin', 1),
('2016-03-08 01:04:26', 'item', 'edit', 12, 'Продам будинок  180  км від Києва', '31.43.131.21', 'admin', 1),
('2016-03-09 01:34:52', 'item', 'edit', 2, 'Здам особам пенсійного віку пів- будинку, або продам (75м2)', '31.43.131.21', 'user', 2),
('2016-03-09 01:50:46', 'item', 'add', 15, '', '31.43.131.21', 'user', 0),
('2016-03-09 02:15:30', 'item', 'add', 16, '', '31.43.131.21', 'user', 0),
('2016-03-09 02:33:21', 'itemActions', 'deleteResourcesFromHD', 16, '16', '31.43.131.21', 'admin', 1),
('2016-03-09 02:33:21', 'itemActions', 'deleteResourcesFromHD', 16, '0', '31.43.131.21', 'admin', 1),
('2016-03-09 02:33:21', 'item', 'delete', 16, 'Живопись  в Київ', '31.43.131.21', 'admin', 1),
('2016-03-09 02:33:21', 'Item', 'deleteResourcesFromHD', 16, '16', '31.43.131.21', 'admin', 1),
('2016-03-09 02:33:21', 'Item', 'deleteResourcesFromHD', 16, '0', '31.43.131.21', 'admin', 1),
('2016-03-09 12:48:08', 'item', 'edit', 2, 'Здам особам пенсійного віку пів- будинку, або продам (75м2)', '82.144.205.45', 'admin', 1),
('2016-03-09 13:07:18', 'item', 'edit', 2, 'Здам особам пенсійного віку пів- будинку, або продам (75м2)', '82.144.205.45', 'admin', 1),
('2016-03-09 18:00:48', 'item', 'edit', 2, 'Здам особам пенсійного віку пів- будинку, або продам (75м2)', '82.144.205.45', 'user', 2),
('2016-03-09 19:08:26', 'item', 'add', 17, 'Продам мяч', '82.144.205.45', 'user', 2),
('2016-03-09 19:14:05', 'user', 'edit', 2, 'main@design-plus.kiev.ua', '82.144.205.45', 'user', 2),
('2016-03-09 19:38:17', 'item', 'edit', 13, 'Велосипед Specialized Rockhopper', '176.37.131.50', 'user', 1),
('2016-03-10 16:16:04', 'itemActions', 'deleteResourcesFromHD', 17, '17', '82.144.205.45', 'user', 2),
('2016-03-10 16:16:04', 'itemActions', 'deleteResourcesFromHD', 17, '0', '82.144.205.45', 'user', 2),
('2016-03-10 16:16:04', 'item', 'delete', 17, 'Футбол  в Київ', '82.144.205.45', 'user', 2),
('2016-03-10 16:16:04', 'Item', 'deleteResourcesFromHD', 17, '17', '82.144.205.45', 'user', 2),
('2016-03-10 16:16:04', 'Item', 'deleteResourcesFromHD', 17, '0', '82.144.205.45', 'user', 2),
('2016-03-10 16:44:43', 'itemActions', 'deleteResourcesFromHD', 17, '17', '82.144.205.45', 'admin', 1),
('2016-03-10 16:44:43', 'itemActions', 'deleteResourcesFromHD', 17, '0', '82.144.205.45', 'admin', 1),
('2016-03-10 16:44:43', 'item', 'delete', 17, 'Футбол  in', '82.144.205.45', 'admin', 1),
('2016-03-10 16:44:43', 'Item', 'deleteResourcesFromHD', 17, '17', '82.144.205.45', 'admin', 1),
('2016-03-10 16:44:43', 'Item', 'deleteResourcesFromHD', 17, '0', '82.144.205.45', 'admin', 1),
('2016-03-10 16:46:05', 'item', 'add', 18, '', '82.144.205.45', 'user', 2),
('2016-03-10 17:45:47', 'itemActions', 'deleteResourcesFromHD', 15, '15', '82.144.205.45', 'admin', 1),
('2016-03-10 17:45:47', 'item', 'delete resource', 19, '19', '82.144.205.45', 'admin', 1),
('2016-03-10 17:45:47', 'item', 'delete resource backtrace', 19, '#0 osc_deleteResource called@ [/var/www/porukam/porukam.kiev.ua/oc-includes/osclass/ItemActions.php:812] / #1 deleteResourcesFromHD called@ [/var/www/porukam/porukam.kiev.ua/oc-includes/osclass/ItemActions.php:790] / #2 delete called@ [/var/www/poruk', '82.144.205.45', 'admin', 1),
('2016-03-10 17:45:47', 'itemActions', 'deleteResourcesFromHD', 15, '19,', '82.144.205.45', 'admin', 1),
('2016-03-10 17:45:47', 'item', 'delete', 15, 'Живопись  in Київ', '82.144.205.45', 'admin', 1),
('2016-03-10 17:45:47', 'Item', 'deleteResourcesFromHD', 15, '15', '82.144.205.45', 'admin', 1),
('2016-03-10 17:45:47', 'item', 'delete resource', 19, '19', '82.144.205.45', 'admin', 1),
('2016-03-10 17:45:47', 'item', 'delete resource backtrace', 19, '#0 osc_deleteResource called@ [/var/www/porukam/porukam.kiev.ua/oc-includes/osclass/model/Item.php:990] / #1 deleteResourcesFromHD called@ [/var/www/porukam/porukam.kiev.ua/oc-includes/osclass/model/Item.php:961] / #2 deleteByPrimaryKey called@ [/var', '82.144.205.45', 'admin', 1),
('2016-03-10 17:45:47', 'Item', 'deleteResourcesFromHD', 15, '19,', '82.144.205.45', 'admin', 1),
('2016-03-10 17:47:23', 'itemActions', 'deleteResourcesFromHD', 15, '15', '82.144.205.45', 'admin', 1),
('2016-03-10 17:47:23', 'itemActions', 'deleteResourcesFromHD', 15, '0', '82.144.205.45', 'admin', 1),
('2016-03-10 17:47:23', 'item', 'delete', 15, 'Живопись  in', '82.144.205.45', 'admin', 1),
('2016-03-10 17:47:23', 'Item', 'deleteResourcesFromHD', 15, '15', '82.144.205.45', 'admin', 1),
('2016-03-10 17:47:23', 'Item', 'deleteResourcesFromHD', 15, '0', '82.144.205.45', 'admin', 1);
INSERT INTO `oc_t_log` (`dt_date`, `s_section`, `s_action`, `fk_i_id`, `s_data`, `s_ip`, `s_who`, `fk_i_who_id`) VALUES
('2016-03-10 17:48:09', 'itemActions', 'deleteResourcesFromHD', 17, '17', '82.144.205.45', 'admin', 1),
('2016-03-10 17:48:09', 'itemActions', 'deleteResourcesFromHD', 17, '0', '82.144.205.45', 'admin', 1),
('2016-03-10 17:48:09', 'item', 'delete', 17, 'Футбол  in', '82.144.205.45', 'admin', 1),
('2016-03-10 17:48:09', 'Item', 'deleteResourcesFromHD', 17, '17', '82.144.205.45', 'admin', 1),
('2016-03-10 17:48:09', 'Item', 'deleteResourcesFromHD', 17, '0', '82.144.205.45', 'admin', 1),
('2016-03-11 00:52:04', 'itemActions', 'deleteResourcesFromHD', 17, '17', '31.43.131.21', 'admin', 1),
('2016-03-11 00:52:04', 'itemActions', 'deleteResourcesFromHD', 17, '0', '31.43.131.21', 'admin', 1),
('2016-03-11 00:52:04', 'item', 'delete', 17, 'Футбол  in', '31.43.131.21', 'admin', 1),
('2016-03-11 00:52:04', 'Item', 'deleteResourcesFromHD', 17, '17', '31.43.131.21', 'admin', 1),
('2016-03-11 00:52:04', 'Item', 'deleteResourcesFromHD', 17, '0', '31.43.131.21', 'admin', 1),
('2016-03-11 12:47:19', 'user', 'add', 4, 'prestobambina@mail.ru', '82.144.205.45', 'user', 4),
('2016-03-11 13:45:43', 'user', 'edit', 2, 'main@design-plus.kiev.ua', '82.144.205.45', 'user', 2),
('2016-03-11 16:05:48', 'item', 'edit', 18, '', '82.144.205.45', 'user', 2),
('2016-03-11 19:48:17', 'item', 'add', 19, '', '176.37.131.50', 'user', 4),
('2016-03-11 19:50:53', 'item', 'edit', 19, 'Срочно сдается', '176.37.131.50', 'user', 4),
('2016-03-11 19:51:49', 'itemActions', 'deleteResourcesFromHD', 19, '19', '176.37.131.50', 'user', 4),
('2016-03-11 19:51:49', 'itemActions', 'deleteResourcesFromHD', 19, '0', '176.37.131.50', 'user', 4),
('2016-03-11 19:51:49', 'item', 'delete', 19, 'Срочно сдам', '176.37.131.50', 'user', 4),
('2016-03-11 19:51:49', 'Item', 'deleteResourcesFromHD', 19, '19', '176.37.131.50', 'user', 4),
('2016-03-11 19:51:49', 'Item', 'deleteResourcesFromHD', 19, '0', '176.37.131.50', 'user', 4),
('2016-03-11 23:39:24', 'itemActions', 'deleteResourcesFromHD', 17, '17', '31.43.131.21', 'admin', 1),
('2016-03-11 23:39:24', 'itemActions', 'deleteResourcesFromHD', 17, '0', '31.43.131.21', 'admin', 1),
('2016-03-11 23:39:24', 'item', 'delete', 17, 'Футбол  в', '31.43.131.21', 'admin', 1),
('2016-03-11 23:39:24', 'Item', 'deleteResourcesFromHD', 17, '17', '31.43.131.21', 'admin', 1),
('2016-03-11 23:39:24', 'Item', 'deleteResourcesFromHD', 17, '0', '31.43.131.21', 'admin', 1),
('2016-03-12 00:07:33', 'itemActions', 'deleteResourcesFromHD', 17, '17', '31.43.131.21', 'admin', 1),
('2016-03-12 00:07:33', 'itemActions', 'deleteResourcesFromHD', 17, '0', '31.43.131.21', 'admin', 1),
('2016-03-12 00:07:33', 'item', 'delete', 17, 'Футбол  в', '31.43.131.21', 'admin', 1),
('2016-03-12 00:07:33', 'Item', 'deleteResourcesFromHD', 17, '17', '31.43.131.21', 'admin', 1),
('2016-03-12 00:07:33', 'Item', 'deleteResourcesFromHD', 17, '0', '31.43.131.21', 'admin', 1),
('2016-03-12 00:09:07', 'itemActions', 'deleteResourcesFromHD', 17, '17', '31.43.131.21', 'admin', 1),
('2016-03-12 00:09:07', 'itemActions', 'deleteResourcesFromHD', 17, '0', '31.43.131.21', 'admin', 1),
('2016-03-12 00:09:07', 'item', 'delete', 17, 'Футбол  в', '31.43.131.21', 'admin', 1),
('2016-03-12 00:09:07', 'Item', 'deleteResourcesFromHD', 17, '17', '31.43.131.21', 'admin', 1),
('2016-03-12 00:09:07', 'Item', 'deleteResourcesFromHD', 17, '0', '31.43.131.21', 'admin', 1),
('2016-03-12 00:13:22', 'itemActions', 'deleteResourcesFromHD', 17, '17', '31.43.131.21', 'admin', 1),
('2016-03-12 00:13:22', 'itemActions', 'deleteResourcesFromHD', 17, '0', '31.43.131.21', 'admin', 1),
('2016-03-12 00:13:22', 'item', 'delete', 17, 'Футбол  в', '31.43.131.21', 'admin', 1),
('2016-03-12 00:13:22', 'Item', 'deleteResourcesFromHD', 17, '17', '31.43.131.21', 'admin', 1),
('2016-03-12 00:13:22', 'Item', 'deleteResourcesFromHD', 17, '0', '31.43.131.21', 'admin', 1),
('2016-03-12 00:16:02', 'itemActions', 'deleteResourcesFromHD', 17, '17', '31.43.131.21', 'admin', 1),
('2016-03-12 00:16:02', 'itemActions', 'deleteResourcesFromHD', 17, '0', '31.43.131.21', 'admin', 1),
('2016-03-12 00:16:02', 'item', 'delete', 17, 'Футбол  в', '31.43.131.21', 'admin', 1),
('2016-03-12 00:16:02', 'Item', 'deleteResourcesFromHD', 17, '17', '31.43.131.21', 'admin', 1),
('2016-03-12 00:16:02', 'Item', 'deleteResourcesFromHD', 17, '0', '31.43.131.21', 'admin', 1),
('2016-03-12 00:33:08', 'itemActions', 'deleteResourcesFromHD', 18, '18', '31.43.131.21', 'admin', 1),
('2016-03-12 00:33:08', 'itemActions', 'deleteResourcesFromHD', 18, '0', '31.43.131.21', 'admin', 1),
('2016-03-12 00:33:08', 'item', 'delete', 18, 'продам кирпич', '31.43.131.21', 'admin', 1),
('2016-03-12 00:33:08', 'Item', 'deleteResourcesFromHD', 18, '18', '31.43.131.21', 'admin', 1),
('2016-03-12 00:33:08', 'Item', 'deleteResourcesFromHD', 18, '0', '31.43.131.21', 'admin', 1),
('2016-03-12 00:33:19', 'itemActions', 'deleteResourcesFromHD', 15, '15', '31.43.131.21', 'admin', 1),
('2016-03-12 00:33:19', 'itemActions', 'deleteResourcesFromHD', 15, '0', '31.43.131.21', 'admin', 1),
('2016-03-12 00:33:19', 'item', 'delete', 15, 'Живопись  в', '31.43.131.21', 'admin', 1),
('2016-03-12 00:33:19', 'Item', 'deleteResourcesFromHD', 15, '15', '31.43.131.21', 'admin', 1),
('2016-03-12 00:33:19', 'Item', 'deleteResourcesFromHD', 15, '0', '31.43.131.21', 'admin', 1),
('2016-03-12 00:34:10', 'itemActions', 'deleteResourcesFromHD', 15, '15', '31.43.131.21', 'admin', 1),
('2016-03-12 00:34:10', 'itemActions', 'deleteResourcesFromHD', 15, '0', '31.43.131.21', 'admin', 1),
('2016-03-12 00:34:10', 'item', 'delete', 15, 'Живопись  в', '31.43.131.21', 'admin', 1),
('2016-03-12 00:34:10', 'Item', 'deleteResourcesFromHD', 15, '15', '31.43.131.21', 'admin', 1),
('2016-03-12 00:34:10', 'Item', 'deleteResourcesFromHD', 15, '0', '31.43.131.21', 'admin', 1),
('2016-03-12 00:35:33', 'item', 'edit', 12, 'Продам будинок  180  км від Києва', '31.43.131.21', 'admin', 1),
('2016-03-12 00:36:37', 'item', 'edit', 12, 'Продам будинок  180  км від Києва', '31.43.131.21', 'admin', 1),
('2016-03-12 01:34:02', 'item', 'edit', 2, 'Здам особам пенсійного віку пів- будинку, або продам (75м2)', '31.43.131.21', 'user', 2),
('2016-03-12 14:25:55', 'user', 'add', 5, 'kshar@stolyca.com.ua', '31.43.131.21', 'user', 5),
('2016-03-12 14:30:38', 'user', 'edit', 5, 'kshar@stolyca.com.ua', '31.43.131.21', 'user', 5),
('2016-03-12 14:31:25', 'user', 'edit', 5, 'kshar@stolyca.com.ua', '31.43.131.21', 'user', 5),
('2016-03-12 15:50:42', 'user', 'edit', 5, 'kshar@stolyca.com.ua', '31.43.131.21', 'user', 5),
('2016-03-12 16:28:22', 'item', 'add', 20, '', '31.43.131.21', 'user', 5),
('2016-03-12 18:41:51', 'item', 'edit', 2, 'Здам особам пенсійного віку пів- будинку, або продам (75м2)', '31.43.131.21', 'user', 2),
('2016-03-12 18:46:15', 'item', 'edit', 20, '', '31.43.131.21', 'user', 5),
('2016-03-12 19:47:26', 'user', 'add', 6, 'anjemay@stolyca.com.ua', '31.43.131.21', 'user', 6),
('2016-03-12 20:06:04', 'item', 'add', 21, '', '31.43.131.21', 'user', 6),
('2016-03-12 20:08:54', 'user', 'edit', 6, 'anjemay@stolyca.com.ua', '31.43.131.21', 'user', 6),
('2016-03-12 23:30:32', 'item', 'edit', 14, 'Строительные работы,', '31.43.131.21', 'admin', 1),
('2016-03-12 23:31:33', 'item', 'edit', 14, 'Строительные работы,', '31.43.131.21', 'admin', 1),
('2016-03-16 16:15:56', 'user', 'edit', 4, 'prestobambina@mail.ru', '82.144.205.45', 'admin', 1),
('2016-03-16 18:29:07', 'item', 'edit', 2, 'Здам особам пенсійного віку пів- будинку, або продам (75м2)', '82.144.205.45', 'user', 2),
('2016-03-17 12:16:10', 'item', 'edit', 2, 'Здам особам пенсійного віку пів- будинку, або продам (75м2)', '82.144.205.45', 'user', 2),
('2016-03-17 13:52:53', 'item', 'edit', 2, 'Здам особам пенсійного віку пів- будинку, або продам (75м2)', '82.144.205.45', 'user', 2),
('2016-03-19 10:02:42', 'ghostbuster', 'cron start', 0, '16-03-19', '89.184.78.102', 'admin', 1),
('2016-03-19 10:02:42', 'ghostbuster', 'cron end', 0, '16-03-19', '89.184.78.102', 'admin', 1),
('2016-03-19 13:53:19', 'ghostbuster', 'cron start', 0, '16-03-19', '89.184.78.102', 'admin', 1),
('2016-03-19 13:53:19', 'ghostbuster', 'cron end', 0, '16-03-19', '89.184.78.102', 'admin', 1),
('2016-03-19 18:38:09', 'ghostbuster', 'cron start', 0, '16-03-19', '89.184.78.102', 'admin', 1),
('2016-03-19 18:38:09', 'ghostbuster', 'cron end', 0, '16-03-19', '89.184.78.102', 'admin', 1),
('2016-03-19 23:10:44', 'ghostbuster', 'cron start', 0, '16-03-19', '89.184.78.102', 'admin', 1),
('2016-03-19 23:10:44', 'ghostbuster', 'cron end', 0, '16-03-19', '89.184.78.102', 'admin', 1),
('2016-03-20 00:22:04', 'ghostbuster', 'cron start', 0, '16-03-20', '89.184.78.102', 'admin', 1),
('2016-03-20 00:22:04', 'ghostbuster', 'cron end', 0, '16-03-20', '89.184.78.102', 'admin', 1),
('2016-03-20 01:58:01', 'ghostbuster', 'cron start', 0, '16-03-20', '89.184.78.102', 'admin', 1),
('2016-03-20 01:58:01', 'ghostbuster', 'cron end', 0, '16-03-20', '89.184.78.102', 'admin', 1),
('2016-03-20 17:53:49', 'ghostbuster', 'cron start', 0, '16-03-20', '89.184.78.102', 'admin', 1),
('2016-03-20 17:53:49', 'ghostbuster', 'cron end', 0, '16-03-20', '89.184.78.102', 'admin', 1),
('2016-03-20 21:49:48', 'ghostbuster', 'cron start', 0, '16-03-20', '89.184.78.102', 'admin', 1),
('2016-03-20 21:49:48', 'ghostbuster', 'cron end', 0, '16-03-20', '89.184.78.102', 'admin', 1),
('2016-03-20 23:10:15', 'ghostbuster', 'cron start', 0, '16-03-20', '89.184.78.102', 'admin', 1),
('2016-03-20 23:10:15', 'ghostbuster', 'cron end', 0, '16-03-20', '89.184.78.102', 'admin', 1),
('2016-03-21 00:34:32', 'ghostbuster', 'cron start', 0, '16-03-21', '89.184.78.102', 'admin', 1),
('2016-03-21 00:34:32', 'ghostbuster', 'cron end', 0, '16-03-21', '89.184.78.102', 'admin', 1),
('2016-03-21 18:19:29', 'ghostbuster', 'cron start', 0, '16-03-21', '89.184.78.102', 'admin', 1),
('2016-03-21 18:19:29', 'ghostbuster', 'cron end', 0, '16-03-21', '89.184.78.102', 'admin', 1),
('2016-03-21 21:52:06', 'ghostbuster', 'cron start', 0, '16-03-21', '89.184.78.102', 'admin', 1),
('2016-03-21 21:52:06', 'ghostbuster', 'cron end', 0, '16-03-21', '89.184.78.102', 'admin', 1),
('2016-03-22 15:09:44', 'ghostbuster', 'cron start', 0, '16-03-22', '89.184.78.102', 'admin', 1),
('2016-03-22 15:09:44', 'ghostbuster', 'cron end', 0, '16-03-22', '89.184.78.102', 'admin', 1),
('2016-03-22 16:12:47', 'ghostbuster', 'cron start', 0, '16-03-22', '89.184.78.102', 'admin', 1),
('2016-03-22 16:12:47', 'ghostbuster', 'cron end', 0, '16-03-22', '89.184.78.102', 'admin', 1),
('2016-03-22 16:14:55', 'user', 'add', 7, 'lbox@ukr.net', '82.144.205.45', 'user', 7),
('2016-03-22 16:26:02', 'item', 'add', 22, 'Віддам лабутени', '82.144.205.45', 'user', 7),
('2016-03-22 16:31:24', 'item', 'add', 23, 'Продам котика', '82.144.205.45', 'user', 7),
('2016-03-22 16:34:41', 'item', 'edit', 23, 'Продам котика', '82.144.205.45', 'user', 7),
('2016-03-22 16:37:47', 'item', 'add', 24, 'Шукаємо промоутерів', '82.144.205.45', 'user', 7),
('2016-03-22 16:40:24', 'item', 'add', 25, 'Продам фотку велика', '82.144.205.45', 'user', 1),
('2016-03-22 17:17:29', 'ghostbuster', 'cron start', 0, '16-03-22', '89.184.78.102', 'admin', 1),
('2016-03-22 17:17:29', 'ghostbuster', 'cron end', 0, '16-03-22', '89.184.78.102', 'admin', 1),
('2016-03-22 18:17:46', 'ghostbuster', 'cron start', 0, '16-03-22', '89.184.78.102', 'admin', 1),
('2016-03-22 18:17:46', 'ghostbuster', 'cron end', 0, '16-03-22', '89.184.78.102', 'admin', 1),
('2016-03-22 19:15:38', 'user', 'add', 8, 'rtrtryt@mail.ru', '82.144.205.45', 'user', 8),
('2016-03-23 10:10:29', 'ghostbuster', 'cron start', 0, '16-03-23', '89.184.78.102', 'admin', 1),
('2016-03-23 10:10:30', 'ghostbuster', 'cron end', 0, '16-03-23', '89.184.78.102', 'admin', 1),
('2016-03-23 12:25:32', 'ghostbuster', 'cron start', 0, '16-03-23', '89.184.78.102', 'admin', 1),
('2016-03-23 12:25:32', 'ghostbuster', 'cron end', 0, '16-03-23', '89.184.78.102', 'admin', 1),
('2016-03-23 12:31:17', 'item', 'add', 26, '', '82.144.205.45', 'user', 2),
('2016-03-23 13:37:26', 'ghostbuster', 'cron start', 0, '16-03-23', '89.184.78.102', 'admin', 1),
('2016-03-23 13:37:26', 'ghostbuster', 'cron end', 0, '16-03-23', '89.184.78.102', 'admin', 1),
('2016-03-23 13:39:22', 'item', 'add', 27, 'Требуются промоутеры', '82.144.205.45', 'user', 7),
('2016-03-23 13:39:50', 'item', 'add', 28, 'Требуются промоутеры', '82.144.205.45', 'user', 7),
('2016-03-23 13:42:56', 'item', 'add', 29, '', '82.144.205.45', 'user', 2),
('2016-03-23 13:43:26', 'item', 'edit', 29, '', '82.144.205.45', 'user', 2),
('2016-03-23 13:49:00', 'itemActions', 'deleteResourcesFromHD', 29, '29', '82.144.205.45', 'user', 2),
('2016-03-23 13:49:00', 'itemActions', 'deleteResourcesFromHD', 29, '0', '82.144.205.45', 'user', 2),
('2016-03-23 13:49:00', 'item', 'delete', 29, 'Відеокарта', '82.144.205.45', 'user', 2),
('2016-03-23 13:49:00', 'Item', 'deleteResourcesFromHD', 29, '29', '82.144.205.45', 'user', 2),
('2016-03-23 13:49:00', 'Item', 'deleteResourcesFromHD', 29, '0', '82.144.205.45', 'user', 2),
('2016-03-23 13:49:11', 'item', 'edit', 26, '', '82.144.205.45', 'user', 2),
('2016-03-23 14:12:47', 'item', 'add', 30, 'dsghfkjdshfkjhdskjf', '82.144.205.45', 'user', 0),
('2016-03-23 14:20:49', 'item', 'add', 31, 'ewrwe', '82.144.205.45', 'user', 0),
('2016-03-23 14:40:30', 'ghostbuster', 'cron start', 0, '16-03-23', '89.184.78.102', 'admin', 1),
('2016-03-23 14:40:30', 'ghostbuster', 'cron end', 0, '16-03-23', '89.184.78.102', 'admin', 1),
('2016-03-23 14:41:46', 'item', 'add', 32, 'dfeegdfg', '82.144.205.45', 'user', 0),
('2016-03-23 15:50:13', 'ghostbuster', 'cron start', 0, '16-03-23', '89.184.78.102', 'admin', 1),
('2016-03-23 15:50:13', 'ghostbuster', 'cron end', 0, '16-03-23', '89.184.78.102', 'admin', 1),
('2016-03-23 16:01:25', 'item', 'add', 33, '567hhh', '82.144.205.45', 'user', 0),
('2016-03-23 16:16:28', 'itemActions', 'deleteResourcesFromHD', 33, '33', '82.144.205.45', 'admin', 1),
('2016-03-23 16:16:28', 'itemActions', 'deleteResourcesFromHD', 33, '0', '82.144.205.45', 'admin', 1),
('2016-03-23 16:16:28', 'item', 'delete', 33, 'Табак in Київ', '82.144.205.45', 'admin', 1),
('2016-03-23 16:16:28', 'Item', 'deleteResourcesFromHD', 33, '33', '82.144.205.45', 'admin', 1),
('2016-03-23 16:16:28', 'Item', 'deleteResourcesFromHD', 33, '0', '82.144.205.45', 'admin', 1),
('2016-03-23 16:16:28', 'itemActions', 'deleteResourcesFromHD', 32, '32', '82.144.205.45', 'admin', 1),
('2016-03-23 16:16:28', 'itemActions', 'deleteResourcesFromHD', 32, '0', '82.144.205.45', 'admin', 1),
('2016-03-23 16:16:28', 'item', 'delete', 32, 'Табак in Житомир', '82.144.205.45', 'admin', 1),
('2016-03-23 16:16:28', 'Item', 'deleteResourcesFromHD', 32, '32', '82.144.205.45', 'admin', 1),
('2016-03-23 16:16:28', 'Item', 'deleteResourcesFromHD', 32, '0', '82.144.205.45', 'admin', 1),
('2016-03-23 16:16:28', 'itemActions', 'deleteResourcesFromHD', 31, '31', '82.144.205.45', 'admin', 1),
('2016-03-23 16:16:28', 'itemActions', 'deleteResourcesFromHD', 31, '0', '82.144.205.45', 'admin', 1),
('2016-03-23 16:16:28', 'item', 'delete', 31, 'Продукты/Напитки in ', '82.144.205.45', 'admin', 1),
('2016-03-23 16:16:28', 'Item', 'deleteResourcesFromHD', 31, '31', '82.144.205.45', 'admin', 1),
('2016-03-23 16:16:28', 'Item', 'deleteResourcesFromHD', 31, '0', '82.144.205.45', 'admin', 1),
('2016-03-23 16:16:28', 'itemActions', 'deleteResourcesFromHD', 30, '30', '82.144.205.45', 'admin', 1),
('2016-03-23 16:16:28', 'itemActions', 'deleteResourcesFromHD', 30, '0', '82.144.205.45', 'admin', 1),
('2016-03-23 16:16:28', 'item', 'delete', 30, 'Продукты/Напитки in ', '82.144.205.45', 'admin', 1),
('2016-03-23 16:16:28', 'Item', 'deleteResourcesFromHD', 30, '30', '82.144.205.45', 'admin', 1),
('2016-03-23 16:16:28', 'Item', 'deleteResourcesFromHD', 30, '0', '82.144.205.45', 'admin', 1),
('2016-03-23 17:10:20', 'ghostbuster', 'cron start', 0, '16-03-23', '89.184.78.102', 'admin', 1),
('2016-03-23 17:10:20', 'ghostbuster', 'cron end', 0, '16-03-23', '89.184.78.102', 'admin', 1),
('2016-03-23 18:10:26', 'ghostbuster', 'cron start', 0, '16-03-23', '89.184.78.102', 'admin', 1),
('2016-03-23 18:10:26', 'ghostbuster', 'cron end', 0, '16-03-23', '89.184.78.102', 'admin', 1),
('2016-03-24 13:26:34', 'ghostbuster', 'cron start', 0, '16-03-24', '89.184.78.102', 'admin', 1),
('2016-03-24 13:26:34', 'ghostbuster', 'cron end', 0, '16-03-24', '89.184.78.102', 'admin', 1),
('2016-03-24 14:59:38', 'ghostbuster', 'cron start', 0, '16-03-24', '89.184.78.102', 'admin', 1),
('2016-03-24 14:59:38', 'ghostbuster', 'cron end', 0, '16-03-24', '89.184.78.102', 'admin', 1),
('2016-03-24 16:22:04', 'ghostbuster', 'cron start', 0, '16-03-24', '89.184.78.102', 'admin', 1),
('2016-03-24 16:22:04', 'ghostbuster', 'cron end', 0, '16-03-24', '89.184.78.102', 'admin', 1),
('2016-03-24 17:36:43', 'ghostbuster', 'cron start', 0, '16-03-24', '89.184.78.102', 'admin', 1),
('2016-03-24 17:36:43', 'ghostbuster', 'cron end', 0, '16-03-24', '89.184.78.102', 'admin', 1),
('2016-03-24 18:57:58', 'ghostbuster', 'cron start', 0, '16-03-24', '89.184.78.102', 'admin', 1),
('2016-03-24 18:57:58', 'ghostbuster', 'cron end', 0, '16-03-24', '89.184.78.102', 'admin', 1),
('2016-03-24 22:21:42', 'ghostbuster', 'cron start', 0, '16-03-24', '89.184.78.102', 'admin', 1),
('2016-03-24 22:21:42', 'ghostbuster', 'cron end', 0, '16-03-24', '89.184.78.102', 'admin', 1),
('2016-03-25 10:51:11', 'ghostbuster', 'cron start', 0, '16-03-25', '89.184.78.102', 'admin', 1),
('2016-03-25 10:51:11', 'ghostbuster', 'cron end', 0, '16-03-25', '89.184.78.102', 'admin', 1),
('2016-03-25 12:09:20', 'ghostbuster', 'cron start', 0, '16-03-25', '89.184.78.102', 'admin', 1),
('2016-03-25 12:09:20', 'ghostbuster', 'cron end', 0, '16-03-25', '89.184.78.102', 'admin', 1),
('2016-03-25 18:09:01', 'ghostbuster', 'cron start', 0, '16-03-25', '89.184.78.102', 'admin', 1),
('2016-03-25 18:09:01', 'ghostbuster', 'cron end', 0, '16-03-25', '89.184.78.102', 'admin', 1),
('2016-03-25 18:28:39', 'item', 'add', 34, 'Очень важное', '82.144.205.45', 'user', 1),
('2016-03-27 21:54:24', 'ghostbuster', 'cron start', 0, '16-03-27', '89.184.78.102', 'admin', 1),
('2016-03-27 21:54:24', 'ghostbuster', 'cron end', 0, '16-03-27', '89.184.78.102', 'admin', 1),
('2016-03-27 22:04:01', 'item', 'add', 35, '', '31.43.131.21', 'user', 2),
('2016-03-27 23:05:07', 'ghostbuster', 'cron start', 0, '16-03-27', '89.184.78.102', 'admin', 1),
('2016-03-27 23:05:07', 'ghostbuster', 'cron end', 0, '16-03-27', '89.184.78.102', 'admin', 1),
('2016-03-29 22:53:26', 'ghostbuster', 'cron start', 0, '16-03-29', '89.184.78.102', 'admin', 1),
('2016-03-29 22:53:26', 'ghostbuster', 'cron end', 0, '16-03-29', '89.184.78.102', 'admin', 1),
('2016-03-30 11:10:24', 'item', 'add', 36, 'Подам милостыню', '82.144.205.45', 'user', 1),
('2016-03-30 11:52:38', 'ghostbuster', 'cron start', 0, '16-03-30', '89.184.78.102', 'admin', 1),
('2016-03-30 11:52:38', 'ghostbuster', 'cron end', 0, '16-03-30', '89.184.78.102', 'admin', 1),
('2016-03-30 11:54:55', 'item', 'add', 37, 'Продам телефон классический', '82.144.205.45', 'user', 1),
('2016-03-30 13:06:25', 'ghostbuster', 'cron start', 0, '16-03-30', '89.184.78.102', 'admin', 1),
('2016-03-30 13:06:25', 'ghostbuster', 'cron end', 0, '16-03-30', '89.184.78.102', 'admin', 1),
('2016-03-30 14:10:59', 'ghostbuster', 'cron start', 0, '16-03-30', '89.184.78.102', 'admin', 1),
('2016-03-30 14:10:59', 'ghostbuster', 'cron end', 0, '16-03-30', '89.184.78.102', 'admin', 1),
('2016-03-30 15:04:08', 'item', 'add', 38, '', '82.144.205.45', 'user', 2),
('2016-03-30 15:05:32', 'item', 'add', 39, 'Подайте на объявление', '82.144.205.45', 'user', 1),
('2016-03-30 15:05:37', 'itemActions', 'deleteResourcesFromHD', 38, '38', '82.144.205.45', 'user', 2),
('2016-03-30 15:05:37', 'itemActions', 'deleteResourcesFromHD', 38, '0', '82.144.205.45', 'user', 2),
('2016-03-30 15:05:37', 'item', 'delete', 38, 'Продам тачку', '82.144.205.45', 'user', 2),
('2016-03-30 15:05:37', 'Item', 'deleteResourcesFromHD', 38, '38', '82.144.205.45', 'user', 2),
('2016-03-30 15:05:37', 'Item', 'deleteResourcesFromHD', 38, '0', '82.144.205.45', 'user', 2),
('2016-03-30 15:05:43', 'itemActions', 'deleteResourcesFromHD', 35, '35', '82.144.205.45', 'user', 2),
('2016-03-30 15:05:43', 'itemActions', 'deleteResourcesFromHD', 35, '0', '82.144.205.45', 'user', 2),
('2016-03-30 15:05:43', 'item', 'delete', 35, 'шнапс', '82.144.205.45', 'user', 2),
('2016-03-30 15:05:43', 'Item', 'deleteResourcesFromHD', 35, '35', '82.144.205.45', 'user', 2),
('2016-03-30 15:05:43', 'Item', 'deleteResourcesFromHD', 35, '0', '82.144.205.45', 'user', 2),
('2016-03-30 15:06:05', 'item', 'add', 40, '', '82.144.205.45', 'user', 2),
('2016-03-30 15:06:24', 'itemActions', 'deleteResourcesFromHD', 40, '40', '82.144.205.45', 'user', 2),
('2016-03-30 15:06:24', 'itemActions', 'deleteResourcesFromHD', 40, '0', '82.144.205.45', 'user', 2),
('2016-03-30 15:06:24', 'item', 'delete', 40, '0673773572', '82.144.205.45', 'user', 2),
('2016-03-30 15:06:24', 'Item', 'deleteResourcesFromHD', 40, '40', '82.144.205.45', 'user', 2),
('2016-03-30 15:06:24', 'Item', 'deleteResourcesFromHD', 40, '0', '82.144.205.45', 'user', 2),
('2016-03-30 15:25:59', 'ghostbuster', 'cron start', 0, '16-03-30', '89.184.78.102', 'admin', 1),
('2016-03-30 15:25:59', 'ghostbuster', 'cron end', 0, '16-03-30', '89.184.78.102', 'admin', 1),
('2016-03-30 15:27:23', 'item', 'add', 41, 'dfdsfdsf', '82.144.205.45', 'user', 2),
('2016-03-30 16:41:00', 'ghostbuster', 'cron start', 0, '16-03-30', '89.184.78.102', 'admin', 1),
('2016-03-30 16:41:00', 'ghostbuster', 'cron end', 0, '16-03-30', '89.184.78.102', 'admin', 1),
('2016-03-30 16:44:34', 'itemActions', 'deleteResourcesFromHD', 41, '41', '82.144.205.45', 'user', 2),
('2016-03-30 16:44:34', 'itemActions', 'deleteResourcesFromHD', 41, '0', '82.144.205.45', 'user', 2),
('2016-03-30 16:44:34', 'item', 'delete', 41, 'dfdsfdsf', '82.144.205.45', 'user', 2),
('2016-03-30 16:44:34', 'Item', 'deleteResourcesFromHD', 41, '41', '82.144.205.45', 'user', 2),
('2016-03-30 16:44:34', 'Item', 'deleteResourcesFromHD', 41, '0', '82.144.205.45', 'user', 2),
('2016-03-30 17:54:30', 'ghostbuster', 'cron start', 0, '16-03-30', '89.184.78.102', 'admin', 1),
('2016-03-30 17:54:30', 'ghostbuster', 'cron end', 0, '16-03-30', '89.184.78.102', 'admin', 1),
('2016-03-30 20:23:07', 'ghostbuster', 'cron start', 0, '16-03-30', '89.184.78.102', 'admin', 1),
('2016-03-30 20:23:07', 'ghostbuster', 'cron end', 0, '16-03-30', '89.184.78.102', 'admin', 1),
('2016-03-30 23:31:58', 'ghostbuster', 'cron start', 0, '16-03-30', '89.184.78.102', 'admin', 1),
('2016-03-30 23:31:58', 'ghostbuster', 'cron end', 0, '16-03-30', '89.184.78.102', 'admin', 1),
('2016-03-31 10:52:43', 'ghostbuster', 'cron start', 0, '16-03-31', '89.184.78.102', 'admin', 1),
('2016-03-31 10:52:43', 'ghostbuster', 'cron end', 0, '16-03-31', '89.184.78.102', 'admin', 1),
('2016-03-31 11:53:19', 'item', 'add', 42, 'ghgfhgfhgfhgf ghfhgf', '82.144.205.45', 'user', 2),
('2016-03-31 11:53:21', 'ghostbuster', 'cron start', 0, '16-03-31', '89.184.78.102', 'admin', 1),
('2016-03-31 11:53:21', 'ghostbuster', 'cron end', 0, '16-03-31', '89.184.78.102', 'admin', 1),
('2016-03-31 12:12:14', 'itemActions', 'deleteResourcesFromHD', 42, '42', '82.144.205.45', 'user', 2),
('2016-03-31 12:12:14', 'itemActions', 'deleteResourcesFromHD', 42, '0', '82.144.205.45', 'user', 2),
('2016-03-31 12:12:14', 'item', 'delete', 42, 'Продукти/Напої в Киев', '82.144.205.45', 'user', 2),
('2016-03-31 12:12:14', 'Item', 'deleteResourcesFromHD', 42, '42', '82.144.205.45', 'user', 2),
('2016-03-31 12:12:14', 'Item', 'deleteResourcesFromHD', 42, '0', '82.144.205.45', 'user', 2),
('2016-03-31 13:13:43', 'ghostbuster', 'cron start', 0, '16-03-31', '89.184.78.102', 'admin', 1),
('2016-03-31 13:13:43', 'ghostbuster', 'cron end', 0, '16-03-31', '89.184.78.102', 'admin', 1),
('2016-03-31 14:34:10', 'ghostbuster', 'cron start', 0, '16-03-31', '89.184.78.102', 'admin', 1),
('2016-03-31 14:34:10', 'ghostbuster', 'cron end', 0, '16-03-31', '89.184.78.102', 'admin', 1),
('2016-03-31 15:41:04', 'ghostbuster', 'cron start', 0, '16-03-31', '89.184.78.102', 'admin', 1),
('2016-03-31 15:41:04', 'ghostbuster', 'cron end', 0, '16-03-31', '89.184.78.102', 'admin', 1),
('2016-03-31 16:46:31', 'ghostbuster', 'cron start', 0, '16-03-31', '89.184.78.102', 'admin', 1),
('2016-03-31 16:46:31', 'ghostbuster', 'cron end', 0, '16-03-31', '89.184.78.102', 'admin', 1),
('2016-03-31 17:58:15', 'ghostbuster', 'cron start', 0, '16-03-31', '89.184.78.102', 'admin', 1),
('2016-03-31 17:58:15', 'ghostbuster', 'cron end', 0, '16-03-31', '89.184.78.102', 'admin', 1),
('2016-03-31 22:15:01', 'ghostbuster', 'cron start', 0, '16-03-31', '89.184.78.102', 'admin', 1),
('2016-03-31 22:15:01', 'ghostbuster', 'cron end', 0, '16-03-31', '89.184.78.102', 'admin', 1),
('2016-04-01 10:03:01', 'ghostbuster', 'cron start', 0, '16-04-01', '89.184.78.102', 'admin', 1),
('2016-04-01 10:03:01', 'ghostbuster', 'cron end', 0, '16-04-01', '89.184.78.102', 'admin', 1),
('2016-04-01 11:29:08', 'ghostbuster', 'cron start', 0, '16-04-01', '89.184.78.102', 'admin', 1),
('2016-04-01 11:29:08', 'ghostbuster', 'cron end', 0, '16-04-01', '89.184.78.102', 'admin', 1),
('2016-04-01 11:58:40', 'item', 'add', 43, 'Продам свою секретаршу', '82.144.205.45', 'user', 1),
('2016-04-01 12:39:24', 'ghostbuster', 'cron start', 0, '16-04-01', '89.184.78.102', 'admin', 1),
('2016-04-01 12:39:24', 'ghostbuster', 'cron end', 0, '16-04-01', '89.184.78.102', 'admin', 1),
('2016-04-01 13:21:30', 'item', 'add', 44, '5465ваыпав', '82.144.205.45', 'user', 2),
('2016-04-01 14:15:08', 'ghostbuster', 'cron start', 0, '16-04-01', '89.184.78.102', 'admin', 1),
('2016-04-01 14:15:08', 'ghostbuster', 'cron end', 0, '16-04-01', '89.184.78.102', 'admin', 1),
('2016-04-01 14:15:38', 'itemActions', 'deleteResourcesFromHD', 44, '44', '82.144.205.45', 'user', 2),
('2016-04-01 14:15:38', 'itemActions', 'deleteResourcesFromHD', 44, '0', '82.144.205.45', 'user', 2),
('2016-04-01 14:15:38', 'item', 'delete', 44, 'Напої в Киев', '82.144.205.45', 'user', 2),
('2016-04-01 14:15:38', 'Item', 'deleteResourcesFromHD', 44, '44', '82.144.205.45', 'user', 2),
('2016-04-01 14:15:38', 'Item', 'deleteResourcesFromHD', 44, '0', '82.144.205.45', 'user', 2),
('2016-04-01 15:15:55', 'ghostbuster', 'cron start', 0, '16-04-01', '89.184.78.102', 'admin', 1),
('2016-04-01 15:15:55', 'ghostbuster', 'cron end', 0, '16-04-01', '89.184.78.102', 'admin', 1),
('2016-04-01 16:18:03', 'ghostbuster', 'cron start', 0, '16-04-01', '89.184.78.102', 'admin', 1),
('2016-04-01 16:18:03', 'ghostbuster', 'cron end', 0, '16-04-01', '89.184.78.102', 'admin', 1),
('2016-04-01 16:26:40', 'user', 'edit', 5, 'kshar@stolyca.com.ua', '82.144.205.45', 'admin', 1),
('2016-04-01 17:26:26', 'ghostbuster', 'cron start', 0, '16-04-01', '89.184.78.102', 'admin', 1),
('2016-04-01 17:26:26', 'ghostbuster', 'cron end', 0, '16-04-01', '89.184.78.102', 'admin', 1),
('2016-04-01 18:38:04', 'ghostbuster', 'cron start', 0, '16-04-01', '89.184.78.102', 'admin', 1),
('2016-04-01 18:38:04', 'ghostbuster', 'cron end', 0, '16-04-01', '89.184.78.102', 'admin', 1),
('2016-04-01 22:58:14', 'ghostbuster', 'cron start', 0, '16-04-01', '89.184.78.102', 'admin', 1),
('2016-04-01 22:58:14', 'ghostbuster', 'cron end', 0, '16-04-01', '89.184.78.102', 'admin', 1),
('2016-04-02 21:11:36', 'item', 'add', 45, 'бла-бла', '176.37.131.50', 'user', 1),
('2016-04-02 21:17:00', 'ghostbuster', 'cron start', 0, '16-04-02', '89.184.78.102', 'admin', 1),
('2016-04-02 21:17:00', 'ghostbuster', 'cron end', 0, '16-04-02', '89.184.78.102', 'admin', 1),
('2016-04-03 23:03:59', 'ghostbuster', 'cron start', 0, '16-04-03', '89.184.78.102', 'admin', 1),
('2016-04-03 23:03:59', 'ghostbuster', 'cron end', 0, '16-04-03', '89.184.78.102', 'admin', 1),
('2016-04-04 10:37:33', 'ghostbuster', 'cron start', 0, '16-04-04', '89.184.78.102', 'admin', 1),
('2016-04-04 10:37:33', 'ghostbuster', 'cron end', 0, '16-04-04', '89.184.78.102', 'admin', 1),
('2016-04-04 13:26:30', 'ghostbuster', 'cron start', 0, '16-04-04', '89.184.78.102', 'admin', 1),
('2016-04-04 13:26:30', 'ghostbuster', 'cron end', 0, '16-04-04', '89.184.78.102', 'admin', 1),
('2016-04-04 16:38:47', 'ghostbuster', 'cron start', 0, '16-04-04', '89.184.78.102', 'admin', 1),
('2016-04-04 16:38:47', 'ghostbuster', 'cron end', 0, '16-04-04', '89.184.78.102', 'admin', 1),
('2016-04-04 19:43:20', 'ghostbuster', 'cron start', 0, '16-04-04', '89.184.78.102', 'admin', 1),
('2016-04-04 19:43:20', 'ghostbuster', 'cron end', 0, '16-04-04', '89.184.78.102', 'admin', 1),
('2016-04-05 21:32:35', 'ghostbuster', 'cron start', 0, '16-04-05', '89.184.78.102', 'admin', 1),
('2016-04-05 21:32:35', 'ghostbuster', 'cron end', 0, '16-04-05', '89.184.78.102', 'admin', 1),
('2016-04-06 13:51:56', 'ghostbuster', 'cron start', 0, '16-04-06', '89.184.78.102', 'admin', 1),
('2016-04-06 13:51:56', 'ghostbuster', 'cron end', 0, '16-04-06', '89.184.78.102', 'admin', 1),
('2016-04-07 15:22:58', 'ghostbuster', 'cron start', 0, '16-04-07', '89.184.78.102', 'admin', 1),
('2016-04-07 15:22:58', 'ghostbuster', 'cron end', 0, '16-04-07', '89.184.78.102', 'admin', 1),
('2016-04-07 16:34:37', 'ghostbuster', 'cron start', 0, '16-04-07', '89.184.78.102', 'admin', 1),
('2016-04-07 16:34:37', 'ghostbuster', 'cron end', 0, '16-04-07', '89.184.78.102', 'admin', 1),
('2016-04-07 17:45:07', 'ghostbuster', 'cron start', 0, '16-04-07', '89.184.78.102', 'admin', 1),
('2016-04-07 17:45:07', 'ghostbuster', 'cron end', 0, '16-04-07', '89.184.78.102', 'admin', 1),
('2016-04-07 17:50:51', 'user', 'add', 9, 'lanceva@stolyca.com.ua', '82.144.205.45', 'user', 9),
('2016-04-07 17:55:39', 'item', 'add', 46, 'Продам бланки туристических ваучеров', '82.144.205.45', 'user', 9),
('2016-04-08 08:28:58', 'ghostbuster', 'cron start', 0, '16-04-08', '89.184.78.102', 'admin', 1),
('2016-04-08 08:28:58', 'ghostbuster', 'cron end', 0, '16-04-08', '89.184.78.102', 'admin', 1),
('2016-04-08 11:10:12', 'ghostbuster', 'cron start', 0, '16-04-08', '89.184.78.102', 'admin', 1),
('2016-04-08 11:10:12', 'ghostbuster', 'cron end', 0, '16-04-08', '89.184.78.102', 'admin', 1),
('2016-04-08 11:22:39', 'item', 'add', 47, 'Сдам в аренду собаку', '82.144.205.45', 'user', 1),
('2016-04-08 11:44:18', 'item', 'add', 48, '32423 апрпар', '82.144.205.45', 'user', 2),
('2016-04-08 12:37:10', 'ghostbuster', 'cron start', 0, '16-04-08', '89.184.78.102', 'admin', 1),
('2016-04-08 12:37:10', 'ghostbuster', 'cron end', 0, '16-04-08', '89.184.78.102', 'admin', 1),
('2016-04-08 14:00:11', 'ghostbuster', 'cron start', 0, '16-04-08', '89.184.78.102', 'admin', 1),
('2016-04-08 14:00:11', 'ghostbuster', 'cron end', 0, '16-04-08', '89.184.78.102', 'admin', 1),
('2016-04-08 14:03:59', 'item', 'add', 49, 'Ведро с болтами', '82.144.205.45', 'user', 1),
('2016-04-08 14:22:55', 'item', 'add', 50, 'ДАМ ХОРОШУЮ ЦЕНУ', '82.144.205.45', 'user', 1),
('2016-04-08 15:53:08', 'ghostbuster', 'cron start', 0, '16-04-08', '89.184.78.102', 'admin', 1),
('2016-04-08 15:53:08', 'ghostbuster', 'cron end', 0, '16-04-08', '89.184.78.102', 'admin', 1),
('2016-04-08 15:54:29', 'itemActions', 'deleteResourcesFromHD', 48, '48', '82.144.205.45', 'admin', 1),
('2016-04-08 15:54:29', 'itemActions', 'deleteResourcesFromHD', 48, '0', '82.144.205.45', 'admin', 1),
('2016-04-08 15:54:29', 'item', 'delete', 48, 'Cтроительные услуги  в Киев', '82.144.205.45', 'admin', 1),
('2016-04-08 15:54:29', 'Item', 'deleteResourcesFromHD', 48, '48', '82.144.205.45', 'admin', 1),
('2016-04-08 15:54:29', 'Item', 'deleteResourcesFromHD', 48, '0', '82.144.205.45', 'admin', 1),
('2016-04-08 16:02:19', 'item', 'add', 51, 'Заберіть вжк цю тварину', '82.144.205.45', 'user', 1),
('2016-04-08 16:59:20', 'ghostbuster', 'cron start', 0, '16-04-08', '89.184.78.102', 'admin', 1),
('2016-04-08 16:59:20', 'ghostbuster', 'cron end', 0, '16-04-08', '89.184.78.102', 'admin', 1),
('2016-04-08 16:59:32', 'item', 'add', 52, '', '82.144.205.45', 'user', 1),
('2016-04-08 18:03:46', 'ghostbuster', 'cron start', 0, '16-04-08', '89.184.78.102', 'admin', 1),
('2016-04-08 18:03:46', 'ghostbuster', 'cron end', 0, '16-04-08', '89.184.78.102', 'admin', 1),
('2016-04-08 22:48:31', 'ghostbuster', 'cron start', 0, '16-04-08', '89.184.78.102', 'admin', 1),
('2016-04-08 22:48:31', 'ghostbuster', 'cron end', 0, '16-04-08', '89.184.78.102', 'admin', 1),
('2016-04-09 09:46:43', 'ghostbuster', 'cron start', 0, '16-04-09', '89.184.78.102', 'admin', 1),
('2016-04-09 09:46:43', 'ghostbuster', 'cron end', 0, '16-04-09', '89.184.78.102', 'admin', 1),
('2016-04-09 14:07:49', 'ghostbuster', 'cron start', 0, '16-04-09', '89.184.78.102', 'admin', 1),
('2016-04-09 14:07:49', 'ghostbuster', 'cron end', 0, '16-04-09', '89.184.78.102', 'admin', 1),
('2016-04-09 15:17:45', 'ghostbuster', 'cron start', 0, '16-04-09', '89.184.78.102', 'admin', 1),
('2016-04-09 15:17:45', 'ghostbuster', 'cron end', 0, '16-04-09', '89.184.78.102', 'admin', 1),
('2016-04-09 19:36:08', 'ghostbuster', 'cron start', 0, '16-04-09', '89.184.78.102', 'admin', 1),
('2016-04-09 19:36:08', 'ghostbuster', 'cron end', 0, '16-04-09', '89.184.78.102', 'admin', 1),
('2016-04-10 22:51:33', 'ghostbuster', 'cron start', 0, '16-04-10', '89.184.78.102', 'admin', 1),
('2016-04-10 22:51:33', 'ghostbuster', 'cron end', 0, '16-04-10', '89.184.78.102', 'admin', 1),
('2016-04-12 14:48:45', 'ghostbuster', 'cron start', 0, '16-04-12', '89.184.78.102', 'admin', 1),
('2016-04-12 14:48:45', 'ghostbuster', 'cron end', 0, '16-04-12', '89.184.78.102', 'admin', 1),
('2016-04-12 15:49:42', 'ghostbuster', 'cron start', 0, '16-04-12', '89.184.78.102', 'admin', 1),
('2016-04-12 15:49:42', 'ghostbuster', 'cron end', 0, '16-04-12', '89.184.78.102', 'admin', 1),
('2016-04-12 16:50:09', 'ghostbuster', 'cron start', 0, '16-04-12', '89.184.78.102', 'admin', 1),
('2016-04-12 16:50:09', 'ghostbuster', 'cron end', 0, '16-04-12', '89.184.78.102', 'admin', 1),
('2016-04-12 17:50:27', 'ghostbuster', 'cron start', 0, '16-04-12', '89.184.78.102', 'admin', 1),
('2016-04-12 17:50:27', 'ghostbuster', 'cron end', 0, '16-04-12', '89.184.78.102', 'admin', 1),
('2016-04-12 20:19:02', 'ghostbuster', 'cron start', 0, '16-04-12', '89.184.78.102', 'admin', 1),
('2016-04-12 20:19:02', 'ghostbuster', 'cron end', 0, '16-04-12', '89.184.78.102', 'admin', 1),
('2016-04-13 10:50:30', 'ghostbuster', 'cron start', 0, '16-04-13', '89.184.78.102', 'admin', 1),
('2016-04-13 10:50:30', 'ghostbuster', 'cron end', 0, '16-04-13', '89.184.78.102', 'admin', 1),
('2016-04-13 11:52:01', 'ghostbuster', 'cron start', 0, '16-04-13', '89.184.78.102', 'admin', 1),
('2016-04-13 11:52:01', 'ghostbuster', 'cron end', 0, '16-04-13', '89.184.78.102', 'admin', 1),
('2016-04-13 12:22:38', 'item', 'edit', 26, '', '82.144.205.45', 'user', 2),
('2016-04-13 12:44:20', 'item', 'add', 53, 'Продам сотрудника', '82.144.205.45', 'user', 1),
('2016-04-13 12:59:09', 'item', 'edit', 53, 'Продам сотрудника', '82.144.205.45', 'user', 1),
('2016-04-13 13:01:54', 'itemActions', 'deleteResourcesFromHD', 53, '53', '82.144.205.45', 'user', 1),
('2016-04-13 13:01:55', 'item', 'delete resource', 43, '43', '82.144.205.45', 'user', 1),
('2016-04-13 13:01:55', 'item', 'delete resource backtrace', 43, '#0 osc_deleteResource called@ [/var/www/porukam/porukam.kiev.ua/oc-includes/osclass/ItemActions.php:812] / #1 deleteResourcesFromHD called@ [/var/www/porukam/porukam.kiev.ua/oc-includes/osclass/ItemActions.php:790] / #2 delete called@ [/var/www/poruk', '82.144.205.45', 'user', 1),
('2016-04-13 13:01:55', 'itemActions', 'deleteResourcesFromHD', 53, '43,', '82.144.205.45', 'user', 1),
('2016-04-13 13:01:55', 'item', 'delete', 53, 'Нерухомість в Киев', '82.144.205.45', 'user', 1),
('2016-04-13 13:01:55', 'Item', 'deleteResourcesFromHD', 53, '53', '82.144.205.45', 'user', 1),
('2016-04-13 13:01:55', 'item', 'delete resource', 43, '43', '82.144.205.45', 'user', 1),
('2016-04-13 13:01:55', 'item', 'delete resource backtrace', 43, '#0 osc_deleteResource called@ [/var/www/porukam/porukam.kiev.ua/oc-includes/osclass/model/Item.php:990] / #1 deleteResourcesFromHD called@ [/var/www/porukam/porukam.kiev.ua/oc-includes/osclass/model/Item.php:961] / #2 deleteByPrimaryKey called@ [/var', '82.144.205.45', 'user', 1),
('2016-04-13 13:01:55', 'Item', 'deleteResourcesFromHD', 53, '43,', '82.144.205.45', 'user', 1),
('2016-04-13 13:04:11', 'ghostbuster', 'cron start', 0, '16-04-13', '89.184.78.102', 'admin', 1),
('2016-04-13 13:04:11', 'ghostbuster', 'cron end', 0, '16-04-13', '89.184.78.102', 'admin', 1),
('2016-04-13 14:13:52', 'ghostbuster', 'cron start', 0, '16-04-13', '89.184.78.102', 'admin', 1),
('2016-04-13 14:13:52', 'ghostbuster', 'cron end', 0, '16-04-13', '89.184.78.102', 'admin', 1),
('2016-04-13 15:14:51', 'ghostbuster', 'cron start', 0, '16-04-13', '89.184.78.102', 'admin', 1),
('2016-04-13 15:14:51', 'ghostbuster', 'cron end', 0, '16-04-13', '89.184.78.102', 'admin', 1),
('2016-04-13 16:42:31', 'ghostbuster', 'cron start', 0, '16-04-13', '89.184.78.102', 'admin', 1),
('2016-04-13 16:42:31', 'ghostbuster', 'cron end', 0, '16-04-13', '89.184.78.102', 'admin', 1),
('2016-04-13 17:49:56', 'ghostbuster', 'cron start', 0, '16-04-13', '89.184.78.102', 'admin', 1),
('2016-04-13 17:49:56', 'ghostbuster', 'cron end', 0, '16-04-13', '89.184.78.102', 'admin', 1),
('2016-04-13 23:40:33', 'ghostbuster', 'cron start', 0, '16-04-13', '89.184.78.102', 'admin', 1),
('2016-04-13 23:40:33', 'ghostbuster', 'cron end', 0, '16-04-13', '89.184.78.102', 'admin', 1),
('2016-04-14 16:33:01', 'ghostbuster', 'cron start', 0, '16-04-14', '89.184.78.102', 'admin', 1),
('2016-04-14 16:33:01', 'ghostbuster', 'cron end', 0, '16-04-14', '89.184.78.102', 'admin', 1),
('2016-04-15 11:13:29', 'ghostbuster', 'cron start', 0, '16-04-15', '89.184.78.102', 'admin', 1),
('2016-04-15 11:13:29', 'ghostbuster', 'cron end', 0, '16-04-15', '89.184.78.102', 'admin', 1),
('2016-04-15 13:52:08', 'ghostbuster', 'cron start', 0, '16-04-15', '89.184.78.102', 'admin', 1),
('2016-04-15 13:52:08', 'ghostbuster', 'cron end', 0, '16-04-15', '89.184.78.102', 'admin', 1),
('2016-04-18 06:53:18', 'ghostbuster', 'cron start', 0, '16-04-18', '89.184.78.102', 'admin', 1),
('2016-04-18 06:53:18', 'ghostbuster', 'cron end', 0, '16-04-18', '89.184.78.102', 'admin', 1),
('2016-04-19 15:48:47', 'ghostbuster', 'cron start', 0, '16-04-19', '89.184.78.102', 'admin', 1),
('2016-04-19 15:48:47', 'ghostbuster', 'cron end', 0, '16-04-19', '89.184.78.102', 'admin', 1),
('2016-04-19 16:49:19', 'ghostbuster', 'cron start', 0, '16-04-19', '89.184.78.102', 'admin', 1),
('2016-04-19 16:49:19', 'ghostbuster', 'cron end', 0, '16-04-19', '89.184.78.102', 'admin', 1),
('2016-04-19 19:46:12', 'ghostbuster', 'cron start', 0, '16-04-19', '89.184.78.102', 'admin', 1),
('2016-04-19 19:46:12', 'ghostbuster', 'cron end', 0, '16-04-19', '89.184.78.102', 'admin', 1),
('2016-04-20 03:13:20', 'ghostbuster', 'cron start', 0, '16-04-20', '89.184.78.102', 'admin', 1),
('2016-04-20 03:13:20', 'ghostbuster', 'cron end', 0, '16-04-20', '89.184.78.102', 'admin', 1),
('2016-04-20 04:02:44', 'user', 'add', 10, 'qwert@gmail.com', '31.43.131.21', 'user', 10),
('2016-04-20 04:03:13', 'user', 'activate', 8, 'rtrtryt@mail.ru', '31.43.131.21', 'admin', 1),
('2016-04-20 04:03:30', 'user', 'activate', 10, 'qwert@gmail.com', '31.43.131.21', 'admin', 1),
('2016-04-20 04:05:16', 'item', 'add', 54, 'item 1', '31.43.131.21', 'user', 10),
('2016-04-20 04:32:00', 'ghostbuster', 'cron start', 0, '16-04-20', '89.184.78.102', 'admin', 1),
('2016-04-20 04:32:00', 'ghostbuster', 'cron end', 0, '16-04-20', '89.184.78.102', 'admin', 1),
('2016-04-20 10:23:48', 'ghostbuster', 'cron start', 0, '16-04-20', '89.184.78.102', 'admin', 1),
('2016-04-20 10:23:48', 'ghostbuster', 'cron end', 0, '16-04-20', '89.184.78.102', 'admin', 1),
('2016-04-20 11:28:38', 'ghostbuster', 'cron start', 0, '16-04-20', '89.184.78.102', 'admin', 1),
('2016-04-20 11:28:38', 'ghostbuster', 'cron end', 0, '16-04-20', '89.184.78.102', 'admin', 1),
('2016-04-20 13:13:38', 'ghostbuster', 'cron start', 0, '16-04-20', '89.184.78.102', 'admin', 1),
('2016-04-20 13:13:38', 'ghostbuster', 'cron end', 0, '16-04-20', '89.184.78.102', 'admin', 1),
('2016-04-20 20:46:52', 'ghostbuster', 'cron start', 0, '16-04-20', '89.184.78.102', 'admin', 1),
('2016-04-20 20:46:52', 'ghostbuster', 'cron end', 0, '16-04-20', '89.184.78.102', 'admin', 1),
('2016-04-20 23:45:02', 'ghostbuster', 'cron start', 0, '16-04-20', '89.184.78.102', 'admin', 1),
('2016-04-20 23:45:02', 'ghostbuster', 'cron end', 0, '16-04-20', '89.184.78.102', 'admin', 1),
('2016-04-21 05:55:34', 'ghostbuster', 'cron start', 0, '16-04-21', '89.184.78.102', 'admin', 1),
('2016-04-21 05:55:34', 'ghostbuster', 'cron end', 0, '16-04-21', '89.184.78.102', 'admin', 1),
('2016-04-21 07:00:59', 'ghostbuster', 'cron start', 0, '16-04-21', '89.184.78.102', 'admin', 1),
('2016-04-21 07:00:59', 'ghostbuster', 'cron end', 0, '16-04-21', '89.184.78.102', 'admin', 1),
('2016-04-21 08:06:53', 'ghostbuster', 'cron start', 0, '16-04-21', '89.184.78.102', 'admin', 1),
('2016-04-21 08:06:53', 'ghostbuster', 'cron end', 0, '16-04-21', '89.184.78.102', 'admin', 1),
('2016-04-21 09:18:33', 'ghostbuster', 'cron start', 0, '16-04-21', '89.184.78.102', 'admin', 1),
('2016-04-21 09:18:33', 'ghostbuster', 'cron end', 0, '16-04-21', '89.184.78.102', 'admin', 1),
('2016-04-21 12:29:14', 'ghostbuster', 'cron start', 0, '16-04-21', '89.184.78.102', 'admin', 1),
('2016-04-21 12:29:14', 'ghostbuster', 'cron end', 0, '16-04-21', '89.184.78.102', 'admin', 1),
('2016-04-21 15:34:18', 'ghostbuster', 'cron start', 0, '16-04-21', '89.184.78.102', 'admin', 1),
('2016-04-21 15:34:18', 'ghostbuster', 'cron end', 0, '16-04-21', '89.184.78.102', 'admin', 1),
('2016-04-21 20:51:03', 'ghostbuster', 'cron start', 0, '16-04-21', '89.184.78.102', 'admin', 1),
('2016-04-21 20:51:03', 'ghostbuster', 'cron end', 0, '16-04-21', '89.184.78.102', 'admin', 1),
('2016-04-21 23:08:34', 'ghostbuster', 'cron start', 0, '16-04-21', '89.184.78.102', 'admin', 1),
('2016-04-21 23:08:34', 'ghostbuster', 'cron end', 0, '16-04-21', '89.184.78.102', 'admin', 1),
('2016-04-22 08:39:35', 'ghostbuster', 'cron start', 0, '16-04-22', '89.184.78.102', 'admin', 1),
('2016-04-22 08:39:35', 'ghostbuster', 'cron end', 0, '16-04-22', '89.184.78.102', 'admin', 1),
('2016-04-22 09:50:06', 'ghostbuster', 'cron start', 0, '16-04-22', '89.184.78.102', 'admin', 1),
('2016-04-22 09:50:06', 'ghostbuster', 'cron end', 0, '16-04-22', '89.184.78.102', 'admin', 1),
('2016-04-22 13:32:11', 'ghostbuster', 'cron start', 0, '16-04-22', '89.184.78.102', 'admin', 1),
('2016-04-22 13:32:11', 'ghostbuster', 'cron end', 0, '16-04-22', '89.184.78.102', 'admin', 1),
('2016-04-22 15:43:07', 'ghostbuster', 'cron start', 0, '16-04-22', '89.184.78.102', 'admin', 1),
('2016-04-22 15:43:07', 'ghostbuster', 'cron end', 0, '16-04-22', '89.184.78.102', 'admin', 1),
('2016-04-22 21:04:48', 'ghostbuster', 'cron start', 0, '16-04-22', '89.184.78.102', 'admin', 1),
('2016-04-22 21:04:48', 'ghostbuster', 'cron end', 0, '16-04-22', '89.184.78.102', 'admin', 1),
('2016-04-22 23:20:09', 'ghostbuster', 'cron start', 0, '16-04-22', '89.184.78.102', 'admin', 1),
('2016-04-22 23:20:09', 'ghostbuster', 'cron end', 0, '16-04-22', '89.184.78.102', 'admin', 1),
('2016-04-23 00:33:47', 'ghostbuster', 'cron start', 0, '16-04-23', '89.184.78.102', 'admin', 1),
('2016-04-23 00:33:47', 'ghostbuster', 'cron end', 0, '16-04-23', '89.184.78.102', 'admin', 1),
('2016-04-23 23:51:52', 'ghostbuster', 'cron start', 0, '16-04-23', '89.184.78.102', 'admin', 1),
('2016-04-23 23:51:52', 'ghostbuster', 'cron end', 0, '16-04-23', '89.184.78.102', 'admin', 1),
('2016-04-24 01:46:00', 'ghostbuster', 'cron start', 0, '16-04-24', '89.184.78.102', 'admin', 1),
('2016-04-24 01:46:00', 'ghostbuster', 'cron end', 0, '16-04-24', '89.184.78.102', 'admin', 1),
('2016-04-24 13:43:04', 'ghostbuster', 'cron start', 0, '16-04-24', '89.184.78.102', 'admin', 1),
('2016-04-24 13:43:04', 'ghostbuster', 'cron end', 0, '16-04-24', '89.184.78.102', 'admin', 1),
('2016-04-24 15:47:29', 'ghostbuster', 'cron start', 0, '16-04-24', '89.184.78.102', 'admin', 1),
('2016-04-24 15:47:29', 'ghostbuster', 'cron end', 0, '16-04-24', '89.184.78.102', 'admin', 1),
('2016-04-24 21:35:12', 'ghostbuster', 'cron start', 0, '16-04-24', '89.184.78.102', 'admin', 1),
('2016-04-24 21:35:12', 'ghostbuster', 'cron end', 0, '16-04-24', '89.184.78.102', 'admin', 1),
('2016-04-25 08:15:42', 'ghostbuster', 'cron start', 0, '16-04-25', '89.184.78.102', 'admin', 1),
('2016-04-25 08:15:42', 'ghostbuster', 'cron end', 0, '16-04-25', '89.184.78.102', 'admin', 1),
('2016-04-26 01:52:43', 'ghostbuster', 'cron start', 0, '16-04-26', '89.184.78.102', 'admin', 1),
('2016-04-26 01:52:43', 'ghostbuster', 'cron end', 0, '16-04-26', '89.184.78.102', 'admin', 1),
('2016-04-26 10:23:32', 'ghostbuster', 'cron start', 0, '16-04-26', '89.184.78.102', 'admin', 1),
('2016-04-26 10:23:32', 'ghostbuster', 'cron end', 0, '16-04-26', '89.184.78.102', 'admin', 1),
('2016-04-26 14:27:16', 'ghostbuster', 'cron start', 0, '16-04-26', '89.184.78.102', 'admin', 1),
('2016-04-26 14:27:16', 'ghostbuster', 'cron end', 0, '16-04-26', '89.184.78.102', 'admin', 1),
('2016-04-27 13:19:53', 'ghostbuster', 'cron start', 0, '16-04-27', '89.184.78.102', 'admin', 1),
('2016-04-27 13:19:53', 'ghostbuster', 'cron end', 0, '16-04-27', '89.184.78.102', 'admin', 1),
('2016-04-27 14:48:53', 'ghostbuster', 'cron start', 0, '16-04-27', '89.184.78.102', 'admin', 1),
('2016-04-27 14:48:53', 'ghostbuster', 'cron end', 0, '16-04-27', '89.184.78.102', 'admin', 1),
('2016-04-27 16:40:49', 'ghostbuster', 'cron start', 0, '16-04-27', '89.184.78.102', 'admin', 1),
('2016-04-27 16:40:49', 'ghostbuster', 'cron end', 0, '16-04-27', '89.184.78.102', 'admin', 1),
('2016-04-27 21:47:50', 'ghostbuster', 'cron start', 0, '16-04-27', '89.184.78.102', 'admin', 1),
('2016-04-27 21:47:50', 'ghostbuster', 'cron end', 0, '16-04-27', '89.184.78.102', 'admin', 1),
('2016-04-27 22:59:41', 'ghostbuster', 'cron start', 0, '16-04-27', '89.184.78.102', 'admin', 1),
('2016-04-27 22:59:41', 'ghostbuster', 'cron end', 0, '16-04-27', '89.184.78.102', 'admin', 1),
('2016-04-28 06:44:39', 'ghostbuster', 'cron start', 0, '16-04-28', '89.184.78.102', 'admin', 1),
('2016-04-28 06:44:39', 'ghostbuster', 'cron end', 0, '16-04-28', '89.184.78.102', 'admin', 1),
('2016-04-28 08:02:31', 'ghostbuster', 'cron start', 0, '16-04-28', '89.184.78.102', 'admin', 1),
('2016-04-28 08:02:31', 'ghostbuster', 'cron end', 0, '16-04-28', '89.184.78.102', 'admin', 1),
('2016-04-28 09:05:34', 'ghostbuster', 'cron start', 0, '16-04-28', '89.184.78.102', 'admin', 1),
('2016-04-28 09:05:34', 'ghostbuster', 'cron end', 0, '16-04-28', '89.184.78.102', 'admin', 1),
('2016-04-28 10:24:52', 'ghostbuster', 'cron start', 0, '16-04-28', '89.184.78.102', 'admin', 1),
('2016-04-28 10:24:52', 'ghostbuster', 'cron end', 0, '16-04-28', '89.184.78.102', 'admin', 1),
('2016-04-28 11:27:02', 'ghostbuster', 'cron start', 0, '16-04-28', '89.184.78.102', 'admin', 1),
('2016-04-28 11:27:02', 'ghostbuster', 'cron end', 0, '16-04-28', '89.184.78.102', 'admin', 1),
('2016-04-28 12:27:55', 'ghostbuster', 'cron start', 0, '16-04-28', '89.184.78.102', 'admin', 1),
('2016-04-28 12:27:55', 'ghostbuster', 'cron end', 0, '16-04-28', '89.184.78.102', 'admin', 1),
('2016-04-28 14:19:06', 'ghostbuster', 'cron start', 0, '16-04-28', '89.184.78.102', 'admin', 1),
('2016-04-28 14:19:06', 'ghostbuster', 'cron end', 0, '16-04-28', '89.184.78.102', 'admin', 1),
('2016-04-28 20:21:20', 'ghostbuster', 'cron start', 0, '16-04-28', '89.184.78.102', 'admin', 1),
('2016-04-28 20:21:20', 'ghostbuster', 'cron end', 0, '16-04-28', '89.184.78.102', 'admin', 1),
('2016-04-29 08:24:28', 'ghostbuster', 'cron start', 0, '16-04-29', '89.184.78.102', 'admin', 1),
('2016-04-29 08:24:28', 'ghostbuster', 'cron end', 0, '16-04-29', '89.184.78.102', 'admin', 1),
('2016-04-29 11:18:47', 'ghostbuster', 'cron start', 0, '16-04-29', '89.184.78.102', 'admin', 1),
('2016-04-29 11:18:47', 'ghostbuster', 'cron end', 0, '16-04-29', '89.184.78.102', 'admin', 1),
('2016-04-29 17:59:55', 'ghostbuster', 'cron start', 0, '16-04-29', '89.184.78.102', 'admin', 1),
('2016-04-29 17:59:55', 'ghostbuster', 'cron end', 0, '16-04-29', '89.184.78.102', 'admin', 1),
('2016-04-29 19:26:18', 'ghostbuster', 'cron start', 0, '16-04-29', '89.184.78.102', 'admin', 1),
('2016-04-29 19:26:18', 'ghostbuster', 'cron end', 0, '16-04-29', '89.184.78.102', 'admin', 1),
('2016-04-29 20:57:13', 'ghostbuster', 'cron start', 0, '16-04-29', '89.184.78.102', 'admin', 1),
('2016-04-29 20:57:13', 'ghostbuster', 'cron end', 0, '16-04-29', '89.184.78.102', 'admin', 1),
('2016-04-29 22:05:53', 'ghostbuster', 'cron start', 0, '16-04-29', '89.184.78.102', 'admin', 1),
('2016-04-29 22:05:53', 'ghostbuster', 'cron end', 0, '16-04-29', '89.184.78.102', 'admin', 1),
('2016-04-29 22:26:05', 'user', 'edit', 2, 'main@design-plus.kiev.ua', '78.111.187.16', 'user', 2),
('2016-04-29 23:33:21', 'ghostbuster', 'cron start', 0, '16-04-29', '89.184.78.102', 'admin', 1),
('2016-04-29 23:33:21', 'ghostbuster', 'cron end', 0, '16-04-29', '89.184.78.102', 'admin', 1),
('2016-04-30 07:58:02', 'ghostbuster', 'cron start', 0, '16-04-30', '89.184.78.102', 'admin', 1),
('2016-04-30 07:58:02', 'ghostbuster', 'cron end', 0, '16-04-30', '89.184.78.102', 'admin', 1),
('2016-04-30 09:03:23', 'ghostbuster', 'cron start', 0, '16-04-30', '89.184.78.102', 'admin', 1),
('2016-04-30 09:03:23', 'ghostbuster', 'cron end', 0, '16-04-30', '89.184.78.102', 'admin', 1),
('2016-04-30 10:17:41', 'ghostbuster', 'cron start', 0, '16-04-30', '89.184.78.102', 'admin', 1),
('2016-04-30 10:17:41', 'ghostbuster', 'cron end', 0, '16-04-30', '89.184.78.102', 'admin', 1),
('2016-04-30 13:38:23', 'ghostbuster', 'cron start', 0, '16-04-30', '89.184.78.102', 'admin', 1),
('2016-04-30 13:38:23', 'ghostbuster', 'cron end', 0, '16-04-30', '89.184.78.102', 'admin', 1);
INSERT INTO `oc_t_log` (`dt_date`, `s_section`, `s_action`, `fk_i_id`, `s_data`, `s_ip`, `s_who`, `fk_i_who_id`) VALUES
('2016-04-30 17:37:11', 'ghostbuster', 'cron start', 0, '16-04-30', '89.184.78.102', 'admin', 1),
('2016-04-30 17:37:11', 'ghostbuster', 'cron end', 0, '16-04-30', '89.184.78.102', 'admin', 1),
('2016-04-30 20:31:12', 'ghostbuster', 'cron start', 0, '16-04-30', '89.184.78.102', 'admin', 1),
('2016-04-30 20:31:12', 'ghostbuster', 'cron end', 0, '16-04-30', '89.184.78.102', 'admin', 1),
('2016-04-30 21:40:18', 'ghostbuster', 'cron start', 0, '16-04-30', '89.184.78.102', 'admin', 1),
('2016-04-30 21:40:18', 'ghostbuster', 'cron end', 0, '16-04-30', '89.184.78.102', 'admin', 1),
('2016-04-30 23:13:33', 'ghostbuster', 'cron start', 0, '16-04-30', '89.184.78.102', 'admin', 1),
('2016-04-30 23:13:33', 'ghostbuster', 'cron end', 0, '16-04-30', '89.184.78.102', 'admin', 1),
('2016-05-01 11:09:11', 'ghostbuster', 'cron start', 0, '16-05-01', '89.184.78.102', 'admin', 1),
('2016-05-01 11:09:11', 'ghostbuster', 'cron end', 0, '16-05-01', '89.184.78.102', 'admin', 1),
('2016-05-01 12:16:45', 'ghostbuster', 'cron start', 0, '16-05-01', '89.184.78.102', 'admin', 1),
('2016-05-01 12:16:45', 'ghostbuster', 'cron end', 0, '16-05-01', '89.184.78.102', 'admin', 1),
('2016-05-02 10:44:53', 'ghostbuster', 'cron start', 0, '16-05-02', '89.184.78.102', 'admin', 1),
('2016-05-02 10:44:53', 'ghostbuster', 'cron end', 0, '16-05-02', '89.184.78.102', 'admin', 1),
('2016-05-02 21:06:57', 'ghostbuster', 'cron start', 0, '16-05-02', '89.184.78.102', 'admin', 1),
('2016-05-02 21:06:57', 'ghostbuster', 'cron end', 0, '16-05-02', '89.184.78.102', 'admin', 1),
('2016-05-02 21:51:19', 'item', 'add', 55, 'OLX! Продается все!', '176.37.131.50', 'user', 1),
('2016-05-02 22:10:58', 'ghostbuster', 'cron start', 0, '16-05-02', '89.184.78.102', 'admin', 1),
('2016-05-02 22:10:58', 'ghostbuster', 'cron end', 0, '16-05-02', '89.184.78.102', 'admin', 1),
('2016-05-02 23:04:12', 'user', 'edit', 1, 'vish_vish@list.ru', '176.37.131.50', 'user', 1),
('2016-05-02 23:20:55', 'ghostbuster', 'cron start', 0, '16-05-02', '89.184.78.102', 'admin', 1),
('2016-05-02 23:20:55', 'ghostbuster', 'cron end', 0, '16-05-02', '89.184.78.102', 'admin', 1),
('2016-05-02 23:22:29', 'user', 'edit', 1, 'vish_vish@list.ru', '176.37.131.50', 'user', 1),
('2016-05-03 07:43:17', 'ghostbuster', 'cron start', 0, '16-05-03', '89.184.78.102', 'admin', 1),
('2016-05-03 07:43:17', 'ghostbuster', 'cron end', 0, '16-05-03', '89.184.78.102', 'admin', 1),
('2016-05-03 07:44:13', 'item', 'edit', 55, 'OLX! Продается все!', '176.37.131.50', 'user', 1),
('2016-05-03 11:25:34', 'ghostbuster', 'cron start', 0, '16-05-03', '89.184.78.102', 'admin', 1),
('2016-05-03 11:25:34', 'ghostbuster', 'cron end', 0, '16-05-03', '89.184.78.102', 'admin', 1),
('2016-05-03 15:46:49', 'ghostbuster', 'cron start', 0, '16-05-03', '89.184.78.102', 'admin', 1),
('2016-05-03 15:46:49', 'ghostbuster', 'cron end', 0, '16-05-03', '89.184.78.102', 'admin', 1),
('2016-05-03 17:35:56', 'ghostbuster', 'cron start', 0, '16-05-03', '89.184.78.102', 'admin', 1),
('2016-05-03 17:35:56', 'ghostbuster', 'cron end', 0, '16-05-03', '89.184.78.102', 'admin', 1),
('2016-05-03 21:19:54', 'ghostbuster', 'cron start', 0, '16-05-03', '89.184.78.102', 'admin', 1),
('2016-05-03 21:19:54', 'ghostbuster', 'cron end', 0, '16-05-03', '89.184.78.102', 'admin', 1),
('2016-05-04 07:57:21', 'ghostbuster', 'cron start', 0, '16-05-04', '89.184.78.102', 'admin', 1),
('2016-05-04 07:57:22', 'ghostbuster', 'cron end', 0, '16-05-04', '89.184.78.102', 'admin', 1),
('2016-05-04 09:14:12', 'ghostbuster', 'cron start', 0, '16-05-04', '89.184.78.102', 'admin', 1),
('2016-05-04 09:14:12', 'ghostbuster', 'cron end', 0, '16-05-04', '89.184.78.102', 'admin', 1),
('2016-05-04 11:12:28', 'ghostbuster', 'cron start', 0, '16-05-04', '89.184.78.102', 'admin', 1),
('2016-05-04 11:12:28', 'ghostbuster', 'cron end', 0, '16-05-04', '89.184.78.102', 'admin', 1),
('2016-05-04 13:37:41', 'ghostbuster', 'cron start', 0, '16-05-04', '89.184.78.102', 'admin', 1),
('2016-05-04 13:37:41', 'ghostbuster', 'cron end', 0, '16-05-04', '89.184.78.102', 'admin', 1),
('2016-05-04 14:57:03', 'ghostbuster', 'cron start', 0, '16-05-04', '89.184.78.102', 'admin', 1),
('2016-05-04 14:57:03', 'ghostbuster', 'cron end', 0, '16-05-04', '89.184.78.102', 'admin', 1),
('2016-05-04 16:58:16', 'ghostbuster', 'cron start', 0, '16-05-04', '89.184.78.102', 'admin', 1),
('2016-05-04 16:58:16', 'ghostbuster', 'cron end', 0, '16-05-04', '89.184.78.102', 'admin', 1),
('2016-05-04 20:14:11', 'ghostbuster', 'cron start', 0, '16-05-04', '89.184.78.102', 'admin', 1),
('2016-05-04 20:14:11', 'ghostbuster', 'cron end', 0, '16-05-04', '89.184.78.102', 'admin', 1),
('2016-05-04 20:20:08', 'item', 'add', 56, 'Шо бы еще продать', '176.37.131.50', 'user', 1),
('2016-05-04 22:12:55', 'ghostbuster', 'cron start', 0, '16-05-04', '89.184.78.102', 'admin', 1),
('2016-05-04 22:12:55', 'ghostbuster', 'cron end', 0, '16-05-04', '89.184.78.102', 'admin', 1),
('2016-05-04 23:48:37', 'ghostbuster', 'cron start', 0, '16-05-04', '89.184.78.102', 'admin', 1),
('2016-05-04 23:48:37', 'ghostbuster', 'cron end', 0, '16-05-04', '89.184.78.102', 'admin', 1),
('2016-05-05 07:45:54', 'ghostbuster', 'cron start', 0, '16-05-05', '89.184.78.102', 'admin', 1),
('2016-05-05 07:45:54', 'ghostbuster', 'cron end', 0, '16-05-05', '89.184.78.102', 'admin', 1),
('2016-05-05 09:39:26', 'ghostbuster', 'cron start', 0, '16-05-05', '89.184.78.102', 'admin', 1),
('2016-05-05 09:39:26', 'ghostbuster', 'cron end', 0, '16-05-05', '89.184.78.102', 'admin', 1),
('2016-05-05 11:28:45', 'ghostbuster', 'cron start', 0, '16-05-05', '89.184.78.102', 'admin', 1),
('2016-05-05 11:28:45', 'ghostbuster', 'cron end', 0, '16-05-05', '89.184.78.102', 'admin', 1),
('2016-05-05 12:48:53', 'ghostbuster', 'cron start', 0, '16-05-05', '89.184.78.102', 'admin', 1),
('2016-05-05 12:48:53', 'ghostbuster', 'cron end', 0, '16-05-05', '89.184.78.102', 'admin', 1),
('2016-05-05 13:12:26', 'user', 'edit', 10, 'mikola.tolok@gmail.com', '130.180.209.190', 'admin', 1),
('2016-05-05 13:59:16', 'ghostbuster', 'cron start', 0, '16-05-05', '89.184.78.102', 'admin', 1),
('2016-05-05 13:59:16', 'ghostbuster', 'cron end', 0, '16-05-05', '89.184.78.102', 'admin', 1),
('2016-05-05 15:01:30', 'ghostbuster', 'cron start', 0, '16-05-05', '89.184.78.102', 'admin', 1),
('2016-05-05 15:01:30', 'ghostbuster', 'cron end', 0, '16-05-05', '89.184.78.102', 'admin', 1),
('2016-05-05 16:05:22', 'ghostbuster', 'cron start', 0, '16-05-05', '89.184.78.102', 'admin', 1),
('2016-05-05 16:05:22', 'ghostbuster', 'cron end', 0, '16-05-05', '89.184.78.102', 'admin', 1),
('2016-05-05 17:37:04', 'ghostbuster', 'cron start', 0, '16-05-05', '89.184.78.102', 'admin', 1),
('2016-05-05 17:37:04', 'ghostbuster', 'cron end', 0, '16-05-05', '89.184.78.102', 'admin', 1),
('2016-05-05 19:21:12', 'ghostbuster', 'cron start', 0, '16-05-05', '89.184.78.102', 'admin', 1),
('2016-05-05 19:21:12', 'ghostbuster', 'cron end', 0, '16-05-05', '89.184.78.102', 'admin', 1),
('2016-05-05 21:03:52', 'ghostbuster', 'cron start', 0, '16-05-05', '89.184.78.102', 'admin', 1),
('2016-05-05 21:03:52', 'ghostbuster', 'cron end', 0, '16-05-05', '89.184.78.102', 'admin', 1),
('2016-05-05 22:05:33', 'ghostbuster', 'cron start', 0, '16-05-05', '89.184.78.102', 'admin', 1),
('2016-05-05 22:05:33', 'ghostbuster', 'cron end', 0, '16-05-05', '89.184.78.102', 'admin', 1),
('2016-05-05 23:54:57', 'ghostbuster', 'cron start', 0, '16-05-05', '89.184.78.102', 'admin', 1),
('2016-05-05 23:54:57', 'ghostbuster', 'cron end', 0, '16-05-05', '89.184.78.102', 'admin', 1),
('2016-05-06 07:26:30', 'ghostbuster', 'cron start', 0, '16-05-06', '89.184.78.102', 'admin', 1),
('2016-05-06 07:26:30', 'ghostbuster', 'cron end', 0, '16-05-06', '89.184.78.102', 'admin', 1),
('2016-05-06 08:27:50', 'ghostbuster', 'cron start', 0, '16-05-06', '89.184.78.102', 'admin', 1),
('2016-05-06 08:27:50', 'ghostbuster', 'cron end', 0, '16-05-06', '89.184.78.102', 'admin', 1),
('2016-05-06 10:07:31', 'ghostbuster', 'cron start', 0, '16-05-06', '89.184.78.102', 'admin', 1),
('2016-05-06 10:07:31', 'ghostbuster', 'cron end', 0, '16-05-06', '89.184.78.102', 'admin', 1),
('2016-05-06 11:39:38', 'ghostbuster', 'cron start', 0, '16-05-06', '89.184.78.102', 'admin', 1),
('2016-05-06 11:39:38', 'ghostbuster', 'cron end', 0, '16-05-06', '89.184.78.102', 'admin', 1),
('2016-05-06 17:34:44', 'ghostbuster', 'cron start', 0, '16-05-06', '89.184.78.102', 'admin', 1),
('2016-05-06 17:34:44', 'ghostbuster', 'cron end', 0, '16-05-06', '89.184.78.102', 'admin', 1),
('2016-05-06 18:48:19', 'ghostbuster', 'cron start', 0, '16-05-06', '89.184.78.102', 'admin', 1),
('2016-05-06 18:48:19', 'ghostbuster', 'cron end', 0, '16-05-06', '89.184.78.102', 'admin', 1),
('2016-05-06 19:49:26', 'ghostbuster', 'cron start', 0, '16-05-06', '89.184.78.102', 'admin', 1),
('2016-05-06 19:49:26', 'ghostbuster', 'cron end', 0, '16-05-06', '89.184.78.102', 'admin', 1),
('2016-05-06 20:51:38', 'ghostbuster', 'cron start', 0, '16-05-06', '89.184.78.102', 'admin', 1),
('2016-05-06 20:51:38', 'ghostbuster', 'cron end', 0, '16-05-06', '89.184.78.102', 'admin', 1),
('2016-05-06 21:57:52', 'ghostbuster', 'cron start', 0, '16-05-06', '89.184.78.102', 'admin', 1),
('2016-05-06 21:57:52', 'ghostbuster', 'cron end', 0, '16-05-06', '89.184.78.102', 'admin', 1),
('2016-05-06 23:12:52', 'ghostbuster', 'cron start', 0, '16-05-06', '89.184.78.102', 'admin', 1),
('2016-05-06 23:12:52', 'ghostbuster', 'cron end', 0, '16-05-06', '89.184.78.102', 'admin', 1),
('2016-05-07 00:19:16', 'ghostbuster', 'cron start', 0, '16-05-07', '89.184.78.102', 'admin', 1),
('2016-05-07 00:19:16', 'ghostbuster', 'cron end', 0, '16-05-07', '89.184.78.102', 'admin', 1),
('2016-05-07 01:27:22', 'ghostbuster', 'cron start', 0, '16-05-07', '89.184.78.102', 'admin', 1),
('2016-05-07 01:27:22', 'ghostbuster', 'cron end', 0, '16-05-07', '89.184.78.102', 'admin', 1),
('2016-05-07 07:02:54', 'ghostbuster', 'cron start', 0, '16-05-07', '89.184.78.102', 'admin', 1),
('2016-05-07 07:02:54', 'ghostbuster', 'cron end', 0, '16-05-07', '89.184.78.102', 'admin', 1),
('2016-05-07 08:47:37', 'ghostbuster', 'cron start', 0, '16-05-07', '89.184.78.102', 'admin', 1),
('2016-05-07 08:47:37', 'ghostbuster', 'cron end', 0, '16-05-07', '89.184.78.102', 'admin', 1),
('2016-05-07 14:11:52', 'ghostbuster', 'cron start', 0, '16-05-07', '89.184.78.102', 'admin', 1),
('2016-05-07 14:11:52', 'ghostbuster', 'cron end', 0, '16-05-07', '89.184.78.102', 'admin', 1),
('2016-05-07 15:11:56', 'ghostbuster', 'cron start', 0, '16-05-07', '89.184.78.102', 'admin', 1),
('2016-05-07 15:11:56', 'ghostbuster', 'cron end', 0, '16-05-07', '89.184.78.102', 'admin', 1),
('2016-05-07 16:12:10', 'ghostbuster', 'cron start', 0, '16-05-07', '89.184.78.102', 'admin', 1),
('2016-05-07 16:12:10', 'ghostbuster', 'cron end', 0, '16-05-07', '89.184.78.102', 'admin', 1),
('2016-05-07 20:41:32', 'ghostbuster', 'cron start', 0, '16-05-07', '89.184.78.102', 'admin', 1),
('2016-05-07 20:41:32', 'ghostbuster', 'cron end', 0, '16-05-07', '89.184.78.102', 'admin', 1),
('2016-05-07 22:58:57', 'ghostbuster', 'cron start', 0, '16-05-07', '89.184.78.102', 'admin', 1),
('2016-05-07 22:58:57', 'ghostbuster', 'cron end', 0, '16-05-07', '89.184.78.102', 'admin', 1),
('2016-05-08 07:13:31', 'ghostbuster', 'cron start', 0, '16-05-08', '89.184.78.102', 'admin', 1),
('2016-05-08 07:13:31', 'ghostbuster', 'cron end', 0, '16-05-08', '89.184.78.102', 'admin', 1),
('2016-05-10 14:13:48', 'ghostbuster', 'cron start', 0, '16-05-10', '89.184.78.102', 'admin', 1),
('2016-05-10 14:13:48', 'ghostbuster', 'cron end', 0, '16-05-10', '89.184.78.102', 'admin', 1),
('2016-05-10 15:23:45', 'ghostbuster', 'cron start', 0, '16-05-10', '89.184.78.102', 'admin', 1),
('2016-05-10 15:23:45', 'ghostbuster', 'cron end', 0, '16-05-10', '89.184.78.102', 'admin', 1),
('2016-05-10 16:31:53', 'ghostbuster', 'cron start', 0, '16-05-10', '89.184.78.102', 'admin', 1),
('2016-05-10 16:31:53', 'ghostbuster', 'cron end', 0, '16-05-10', '89.184.78.102', 'admin', 1),
('2016-05-10 17:32:52', 'ghostbuster', 'cron start', 0, '16-05-10', '89.184.78.102', 'admin', 1),
('2016-05-10 17:32:52', 'ghostbuster', 'cron end', 0, '16-05-10', '89.184.78.102', 'admin', 1),
('2016-05-11 09:48:34', 'ghostbuster', 'cron start', 0, '16-05-11', '89.184.78.102', 'admin', 1),
('2016-05-11 09:48:34', 'ghostbuster', 'cron end', 0, '16-05-11', '89.184.78.102', 'admin', 1),
('2016-05-11 10:59:30', 'ghostbuster', 'cron start', 0, '16-05-11', '89.184.78.102', 'admin', 1),
('2016-05-11 10:59:30', 'ghostbuster', 'cron end', 0, '16-05-11', '89.184.78.102', 'admin', 1),
('2016-05-11 19:30:48', 'ghostbuster', 'cron start', 0, '16-05-11', '89.184.78.102', 'admin', 1),
('2016-05-11 19:30:48', 'ghostbuster', 'cron end', 0, '16-05-11', '89.184.78.102', 'admin', 1),
('2016-05-11 22:08:26', 'ghostbuster', 'cron start', 0, '16-05-11', '89.184.78.102', 'admin', 1),
('2016-05-11 22:08:26', 'ghostbuster', 'cron end', 0, '16-05-11', '89.184.78.102', 'admin', 1),
('2016-05-12 07:34:45', 'ghostbuster', 'cron start', 0, '16-05-12', '89.184.78.102', 'admin', 1),
('2016-05-12 07:34:47', 'ghostbuster', 'cron end', 0, '16-05-12', '89.184.78.102', 'admin', 1),
('2016-05-13 01:09:03', 'ghostbuster', 'cron start', 0, '16-05-13', '89.184.78.102', 'admin', 1),
('2016-05-13 01:09:03', 'ghostbuster', 'cron end', 0, '16-05-13', '89.184.78.102', 'admin', 1),
('2016-05-13 02:25:08', 'ghostbuster', 'cron start', 0, '16-05-13', '89.184.78.102', 'admin', 1),
('2016-05-13 02:25:08', 'ghostbuster', 'cron end', 0, '16-05-13', '89.184.78.102', 'admin', 1),
('2016-05-13 08:48:16', 'ghostbuster', 'cron start', 0, '16-05-13', '89.184.78.102', 'admin', 1),
('2016-05-13 08:48:16', 'ghostbuster', 'cron end', 0, '16-05-13', '89.184.78.102', 'admin', 1),
('2016-05-13 10:22:23', 'item', 'add', 57, '', '31.43.131.21', 'user', 0),
('2016-05-13 10:24:41', 'item', 'edit', 57, '', '31.43.131.21', 'admin', 1),
('2016-05-13 10:25:55', 'item', 'edit', 57, '', '31.43.131.21', 'admin', 1),
('2016-05-13 10:31:51', 'item', 'delete resource', 57, '57', '31.43.131.21', 'user', 0),
('2016-05-13 10:31:51', 'item', 'delete resource backtrace', 57, '#0 osc_deleteResource called@ [/var/www/porukam/porukam.kiev.ua/oc-includes/osclass/controller/ajax.php:146] / #1 doModel called@ [/var/www/porukam/porukam.kiev.ua/index.php:117] / ', '31.43.131.21', 'user', 0),
('2016-05-13 10:31:51', 'ajax', 'deleteimage', 57, '57', '31.43.131.21', 'user', 0),
('2016-05-13 10:32:08', 'item', 'edit', 57, '', '31.43.131.21', 'admin', 1),
('2016-05-13 12:00:52', 'ghostbuster', 'cron start', 0, '16-05-13', '89.184.78.102', 'admin', 1),
('2016-05-13 12:00:52', 'ghostbuster', 'cron end', 0, '16-05-13', '89.184.78.102', 'admin', 1),
('2016-05-13 13:22:49', 'ghostbuster', 'cron start', 0, '16-05-13', '89.184.78.102', 'admin', 1),
('2016-05-13 13:22:49', 'ghostbuster', 'cron end', 0, '16-05-13', '89.184.78.102', 'admin', 1),
('2016-05-13 14:29:27', 'ghostbuster', 'cron start', 0, '16-05-13', '89.184.78.102', 'admin', 1),
('2016-05-13 14:29:27', 'ghostbuster', 'cron end', 0, '16-05-13', '89.184.78.102', 'admin', 1),
('2016-05-13 15:48:58', 'ghostbuster', 'cron start', 0, '16-05-13', '89.184.78.102', 'admin', 1),
('2016-05-13 15:48:58', 'ghostbuster', 'cron end', 0, '16-05-13', '89.184.78.102', 'admin', 1),
('2016-05-13 17:05:47', 'ghostbuster', 'cron start', 0, '16-05-13', '89.184.78.102', 'admin', 1),
('2016-05-13 17:05:47', 'ghostbuster', 'cron end', 0, '16-05-13', '89.184.78.102', 'admin', 1),
('2016-05-13 20:47:11', 'ghostbuster', 'cron start', 0, '16-05-13', '89.184.78.102', 'admin', 1),
('2016-05-13 20:47:11', 'ghostbuster', 'cron end', 0, '16-05-13', '89.184.78.102', 'admin', 1),
('2016-05-13 22:00:13', 'ghostbuster', 'cron start', 0, '16-05-13', '89.184.78.102', 'admin', 1),
('2016-05-13 22:00:13', 'ghostbuster', 'cron end', 0, '16-05-13', '89.184.78.102', 'admin', 1),
('2016-05-13 23:30:57', 'ghostbuster', 'cron start', 0, '16-05-13', '89.184.78.102', 'admin', 1),
('2016-05-13 23:30:57', 'ghostbuster', 'cron end', 0, '16-05-13', '89.184.78.102', 'admin', 1),
('2016-05-13 23:32:50', 'user', 'edit', 10, 'mikola.tolok@gmail.com', '31.43.131.21', 'admin', 1),
('2016-05-14 00:35:40', 'ghostbuster', 'cron start', 0, '16-05-14', '89.184.78.102', 'admin', 1),
('2016-05-14 00:35:40', 'ghostbuster', 'cron end', 0, '16-05-14', '89.184.78.102', 'admin', 1),
('2016-05-14 08:12:53', 'ghostbuster', 'cron start', 0, '16-05-14', '89.184.78.102', 'admin', 1),
('2016-05-14 08:12:53', 'ghostbuster', 'cron end', 0, '16-05-14', '89.184.78.102', 'admin', 1),
('2016-05-14 09:34:25', 'ghostbuster', 'cron start', 0, '16-05-14', '89.184.78.102', 'admin', 1),
('2016-05-14 09:34:25', 'ghostbuster', 'cron end', 0, '16-05-14', '89.184.78.102', 'admin', 1),
('2016-05-14 17:15:08', 'ghostbuster', 'cron start', 0, '16-05-14', '89.184.78.102', 'admin', 1),
('2016-05-14 17:15:08', 'ghostbuster', 'cron end', 0, '16-05-14', '89.184.78.102', 'admin', 1),
('2016-05-14 18:42:31', 'ghostbuster', 'cron start', 0, '16-05-14', '89.184.78.102', 'admin', 1),
('2016-05-14 18:42:31', 'ghostbuster', 'cron end', 0, '16-05-14', '89.184.78.102', 'admin', 1),
('2016-05-15 01:43:54', 'ghostbuster', 'cron start', 0, '16-05-15', '89.184.78.102', 'admin', 1),
('2016-05-15 01:43:54', 'ghostbuster', 'cron end', 0, '16-05-15', '89.184.78.102', 'admin', 1),
('2016-05-15 03:00:36', 'ghostbuster', 'cron start', 0, '16-05-15', '89.184.78.102', 'admin', 1),
('2016-05-15 03:00:36', 'ghostbuster', 'cron end', 0, '16-05-15', '89.184.78.102', 'admin', 1),
('2016-05-15 11:31:07', 'ghostbuster', 'cron start', 0, '16-05-15', '89.184.78.102', 'admin', 1),
('2016-05-15 11:31:07', 'ghostbuster', 'cron end', 0, '16-05-15', '89.184.78.102', 'admin', 1),
('2016-05-16 10:04:58', 'ghostbuster', 'cron start', 0, '16-05-16', '89.184.78.102', 'admin', 1),
('2016-05-16 10:04:58', 'ghostbuster', 'cron end', 0, '16-05-16', '89.184.78.102', 'admin', 1),
('2016-05-16 16:42:23', 'ghostbuster', 'cron start', 0, '16-05-16', '89.184.78.102', 'admin', 1),
('2016-05-16 16:42:23', 'ghostbuster', 'cron end', 0, '16-05-16', '89.184.78.102', 'admin', 1),
('2016-05-16 22:26:52', 'ghostbuster', 'cron start', 0, '16-05-16', '89.184.78.102', 'admin', 1),
('2016-05-16 22:26:52', 'ghostbuster', 'cron end', 0, '16-05-16', '89.184.78.102', 'admin', 1),
('2016-05-17 08:46:08', 'ghostbuster', 'cron start', 0, '16-05-17', '89.184.78.102', 'admin', 1),
('2016-05-17 08:46:08', 'ghostbuster', 'cron end', 0, '16-05-17', '89.184.78.102', 'admin', 1),
('2016-05-17 11:40:12', 'ghostbuster', 'cron start', 0, '16-05-17', '89.184.78.102', 'admin', 1),
('2016-05-17 11:40:12', 'ghostbuster', 'cron end', 0, '16-05-17', '89.184.78.102', 'admin', 1),
('2016-05-17 13:30:46', 'ghostbuster', 'cron start', 0, '16-05-17', '89.184.78.102', 'admin', 1),
('2016-05-17 13:30:46', 'ghostbuster', 'cron end', 0, '16-05-17', '89.184.78.102', 'admin', 1),
('2016-05-17 16:11:43', 'ghostbuster', 'cron start', 0, '16-05-17', '89.184.78.102', 'admin', 1),
('2016-05-17 16:11:43', 'ghostbuster', 'cron end', 0, '16-05-17', '89.184.78.102', 'admin', 1),
('2016-05-17 18:31:15', 'ghostbuster', 'cron start', 0, '16-05-17', '89.184.78.102', 'admin', 1),
('2016-05-17 18:31:15', 'ghostbuster', 'cron end', 0, '16-05-17', '89.184.78.102', 'admin', 1),
('2016-05-17 21:00:06', 'ghostbuster', 'cron start', 0, '16-05-17', '89.184.78.102', 'admin', 1),
('2016-05-17 21:00:06', 'ghostbuster', 'cron end', 0, '16-05-17', '89.184.78.102', 'admin', 1),
('2016-05-17 22:06:13', 'ghostbuster', 'cron start', 0, '16-05-17', '89.184.78.102', 'admin', 1),
('2016-05-17 22:06:13', 'ghostbuster', 'cron end', 0, '16-05-17', '89.184.78.102', 'admin', 1),
('2016-05-18 07:53:23', 'ghostbuster', 'cron start', 0, '16-05-18', '89.184.78.102', 'admin', 1),
('2016-05-18 07:53:23', 'ghostbuster', 'cron end', 0, '16-05-18', '89.184.78.102', 'admin', 1),
('2016-05-18 08:57:09', 'ghostbuster', 'cron start', 0, '16-05-18', '89.184.78.102', 'admin', 1),
('2016-05-18 08:57:09', 'ghostbuster', 'cron end', 0, '16-05-18', '89.184.78.102', 'admin', 1),
('2016-05-18 10:37:06', 'ghostbuster', 'cron start', 0, '16-05-18', '89.184.78.102', 'admin', 1),
('2016-05-18 10:37:06', 'ghostbuster', 'cron end', 0, '16-05-18', '89.184.78.102', 'admin', 1),
('2016-05-18 15:24:32', 'ghostbuster', 'cron start', 0, '16-05-18', '89.184.78.102', 'admin', 1),
('2016-05-18 15:24:32', 'ghostbuster', 'cron end', 0, '16-05-18', '89.184.78.102', 'admin', 1),
('2016-05-18 16:37:58', 'ghostbuster', 'cron start', 0, '16-05-18', '89.184.78.102', 'admin', 1),
('2016-05-18 16:37:58', 'ghostbuster', 'cron end', 0, '16-05-18', '89.184.78.102', 'admin', 1),
('2016-05-18 19:05:13', 'ghostbuster', 'cron start', 0, '16-05-18', '89.184.78.102', 'admin', 1),
('2016-05-18 19:05:13', 'ghostbuster', 'cron end', 0, '16-05-18', '89.184.78.102', 'admin', 1),
('2016-05-18 22:36:30', 'ghostbuster', 'cron start', 0, '16-05-18', '89.184.78.102', 'admin', 1),
('2016-05-18 22:36:30', 'ghostbuster', 'cron end', 0, '16-05-18', '89.184.78.102', 'admin', 1),
('2016-05-18 23:37:46', 'ghostbuster', 'cron start', 0, '16-05-18', '89.184.78.102', 'admin', 1),
('2016-05-18 23:37:46', 'ghostbuster', 'cron end', 0, '16-05-18', '89.184.78.102', 'admin', 1),
('2016-05-19 07:47:36', 'ghostbuster', 'cron start', 0, '16-05-19', '89.184.78.102', 'admin', 1),
('2016-05-19 07:47:36', 'ghostbuster', 'cron end', 0, '16-05-19', '89.184.78.102', 'admin', 1),
('2016-05-19 12:47:03', 'ghostbuster', 'cron start', 0, '16-05-19', '89.184.78.102', 'admin', 1),
('2016-05-19 12:47:03', 'ghostbuster', 'cron end', 0, '16-05-19', '89.184.78.102', 'admin', 1),
('2016-05-19 14:00:14', 'ghostbuster', 'cron start', 0, '16-05-19', '89.184.78.102', 'admin', 1),
('2016-05-19 14:00:14', 'ghostbuster', 'cron end', 0, '16-05-19', '89.184.78.102', 'admin', 1),
('2016-05-19 18:37:10', 'ghostbuster', 'cron start', 0, '16-05-19', '89.184.78.102', 'admin', 1),
('2016-05-19 18:37:10', 'ghostbuster', 'cron end', 0, '16-05-19', '89.184.78.102', 'admin', 1),
('2016-05-19 20:10:31', 'ghostbuster', 'cron start', 0, '16-05-19', '89.184.78.102', 'admin', 1),
('2016-05-19 20:10:31', 'ghostbuster', 'cron end', 0, '16-05-19', '89.184.78.102', 'admin', 1),
('2016-05-19 21:35:29', 'ghostbuster', 'cron start', 0, '16-05-19', '89.184.78.102', 'admin', 1),
('2016-05-19 21:35:29', 'ghostbuster', 'cron end', 0, '16-05-19', '89.184.78.102', 'admin', 1),
('2016-05-19 22:36:41', 'ghostbuster', 'cron start', 0, '16-05-19', '89.184.78.102', 'admin', 1),
('2016-05-19 22:36:41', 'ghostbuster', 'cron end', 0, '16-05-19', '89.184.78.102', 'admin', 1),
('2016-05-19 23:52:17', 'ghostbuster', 'cron start', 0, '16-05-19', '89.184.78.102', 'admin', 1),
('2016-05-19 23:52:17', 'ghostbuster', 'cron end', 0, '16-05-19', '89.184.78.102', 'admin', 1),
('2016-05-20 07:37:14', 'ghostbuster', 'cron start', 0, '16-05-20', '89.184.78.102', 'admin', 1),
('2016-05-20 07:37:14', 'ghostbuster', 'cron end', 0, '16-05-20', '89.184.78.102', 'admin', 1),
('2016-05-20 08:51:33', 'ghostbuster', 'cron start', 0, '16-05-20', '89.184.78.102', 'admin', 1),
('2016-05-20 08:51:33', 'ghostbuster', 'cron end', 0, '16-05-20', '89.184.78.102', 'admin', 1),
('2016-05-20 09:55:32', 'ghostbuster', 'cron start', 0, '16-05-20', '89.184.78.102', 'admin', 1),
('2016-05-20 09:55:32', 'ghostbuster', 'cron end', 0, '16-05-20', '89.184.78.102', 'admin', 1),
('2016-05-20 10:55:45', 'ghostbuster', 'cron start', 0, '16-05-20', '89.184.78.102', 'admin', 1),
('2016-05-20 10:55:45', 'ghostbuster', 'cron end', 0, '16-05-20', '89.184.78.102', 'admin', 1),
('2016-05-20 11:55:45', 'ghostbuster', 'cron start', 0, '16-05-20', '89.184.78.102', 'admin', 1),
('2016-05-20 11:55:45', 'ghostbuster', 'cron end', 0, '16-05-20', '89.184.78.102', 'admin', 1),
('2016-05-20 12:55:55', 'ghostbuster', 'cron start', 0, '16-05-20', '89.184.78.102', 'admin', 1),
('2016-05-20 12:55:55', 'ghostbuster', 'cron end', 0, '16-05-20', '89.184.78.102', 'admin', 1),
('2016-05-20 13:55:54', 'ghostbuster', 'cron start', 0, '16-05-20', '89.184.78.102', 'admin', 1),
('2016-05-20 13:55:54', 'ghostbuster', 'cron end', 0, '16-05-20', '89.184.78.102', 'admin', 1),
('2016-05-20 14:33:37', 'item', 'add', 58, 'Продам удочку', '31.43.131.21', 'user', 10),
('2016-05-20 14:55:58', 'ghostbuster', 'cron start', 0, '16-05-20', '89.184.78.102', 'admin', 1),
('2016-05-20 14:55:58', 'ghostbuster', 'cron end', 0, '16-05-20', '89.184.78.102', 'admin', 1),
('2016-05-20 15:55:59', 'ghostbuster', 'cron start', 0, '16-05-20', '89.184.78.102', 'admin', 1),
('2016-05-20 15:55:59', 'ghostbuster', 'cron end', 0, '16-05-20', '89.184.78.102', 'admin', 1),
('2016-05-20 16:56:46', 'ghostbuster', 'cron start', 0, '16-05-20', '89.184.78.102', 'admin', 1),
('2016-05-20 16:56:46', 'ghostbuster', 'cron end', 0, '16-05-20', '89.184.78.102', 'admin', 1),
('2016-05-20 17:56:55', 'ghostbuster', 'cron start', 0, '16-05-20', '89.184.78.102', 'admin', 1),
('2016-05-20 17:56:55', 'ghostbuster', 'cron end', 0, '16-05-20', '89.184.78.102', 'admin', 1),
('2016-05-20 19:25:40', 'ghostbuster', 'cron start', 0, '16-05-20', '89.184.78.102', 'admin', 1),
('2016-05-20 19:25:40', 'ghostbuster', 'cron end', 0, '16-05-20', '89.184.78.102', 'admin', 1),
('2016-05-20 20:36:36', 'ghostbuster', 'cron start', 0, '16-05-20', '89.184.78.102', 'admin', 1),
('2016-05-20 20:36:36', 'ghostbuster', 'cron end', 0, '16-05-20', '89.184.78.102', 'admin', 1),
('2016-05-21 06:33:24', 'ghostbuster', 'cron start', 0, '16-05-21', '89.184.78.102', 'admin', 1),
('2016-05-21 06:33:24', 'ghostbuster', 'cron end', 0, '16-05-21', '89.184.78.102', 'admin', 1),
('2016-05-21 07:33:29', 'ghostbuster', 'cron start', 0, '16-05-21', '89.184.78.102', 'admin', 1),
('2016-05-21 07:33:29', 'ghostbuster', 'cron end', 0, '16-05-21', '89.184.78.102', 'admin', 1),
('2016-05-21 08:33:35', 'ghostbuster', 'cron start', 0, '16-05-21', '89.184.78.102', 'admin', 1),
('2016-05-21 08:33:35', 'ghostbuster', 'cron end', 0, '16-05-21', '89.184.78.102', 'admin', 1),
('2016-05-21 09:33:55', 'ghostbuster', 'cron start', 0, '16-05-21', '89.184.78.102', 'admin', 1),
('2016-05-21 09:33:55', 'ghostbuster', 'cron end', 0, '16-05-21', '89.184.78.102', 'admin', 1),
('2016-05-21 10:33:57', 'ghostbuster', 'cron start', 0, '16-05-21', '89.184.78.102', 'admin', 1),
('2016-05-21 10:33:57', 'ghostbuster', 'cron end', 0, '16-05-21', '89.184.78.102', 'admin', 1),
('2016-05-21 11:34:11', 'ghostbuster', 'cron start', 0, '16-05-21', '89.184.78.102', 'admin', 1),
('2016-05-21 11:34:11', 'ghostbuster', 'cron end', 0, '16-05-21', '89.184.78.102', 'admin', 1),
('2016-05-21 12:34:18', 'ghostbuster', 'cron start', 0, '16-05-21', '89.184.78.102', 'admin', 1),
('2016-05-21 12:34:18', 'ghostbuster', 'cron end', 0, '16-05-21', '89.184.78.102', 'admin', 1),
('2016-05-21 13:34:28', 'ghostbuster', 'cron start', 0, '16-05-21', '89.184.78.102', 'admin', 1),
('2016-05-21 13:34:28', 'ghostbuster', 'cron end', 0, '16-05-21', '89.184.78.102', 'admin', 1),
('2016-05-21 14:34:36', 'ghostbuster', 'cron start', 0, '16-05-21', '89.184.78.102', 'admin', 1),
('2016-05-21 14:34:36', 'ghostbuster', 'cron end', 0, '16-05-21', '89.184.78.102', 'admin', 1),
('2016-05-21 16:05:38', 'ghostbuster', 'cron start', 0, '16-05-21', '89.184.78.102', 'admin', 1),
('2016-05-21 16:05:38', 'ghostbuster', 'cron end', 0, '16-05-21', '89.184.78.102', 'admin', 1),
('2016-05-21 17:05:41', 'ghostbuster', 'cron start', 0, '16-05-21', '89.184.78.102', 'admin', 1),
('2016-05-21 17:05:41', 'ghostbuster', 'cron end', 0, '16-05-21', '89.184.78.102', 'admin', 1),
('2016-05-21 18:05:40', 'ghostbuster', 'cron start', 0, '16-05-21', '89.184.78.102', 'admin', 1),
('2016-05-21 18:05:40', 'ghostbuster', 'cron end', 0, '16-05-21', '89.184.78.102', 'admin', 1),
('2016-05-21 19:05:51', 'ghostbuster', 'cron start', 0, '16-05-21', '89.184.78.102', 'admin', 1),
('2016-05-21 19:05:51', 'ghostbuster', 'cron end', 0, '16-05-21', '89.184.78.102', 'admin', 1),
('2016-05-21 20:05:53', 'ghostbuster', 'cron start', 0, '16-05-21', '89.184.78.102', 'admin', 1),
('2016-05-21 20:05:53', 'ghostbuster', 'cron end', 0, '16-05-21', '89.184.78.102', 'admin', 1),
('2016-05-21 21:06:04', 'ghostbuster', 'cron start', 0, '16-05-21', '89.184.78.102', 'admin', 1),
('2016-05-21 21:06:04', 'ghostbuster', 'cron end', 0, '16-05-21', '89.184.78.102', 'admin', 1),
('2016-05-21 22:06:34', 'ghostbuster', 'cron start', 0, '16-05-21', '89.184.78.102', 'admin', 1),
('2016-05-21 22:06:34', 'ghostbuster', 'cron end', 0, '16-05-21', '89.184.78.102', 'admin', 1),
('2016-05-21 23:06:53', 'ghostbuster', 'cron start', 0, '16-05-21', '89.184.78.102', 'admin', 1),
('2016-05-21 23:06:53', 'ghostbuster', 'cron end', 0, '16-05-21', '89.184.78.102', 'admin', 1),
('2016-05-22 00:14:09', 'ghostbuster', 'cron start', 0, '16-05-22', '89.184.78.102', 'admin', 1),
('2016-05-22 00:14:09', 'ghostbuster', 'cron end', 0, '16-05-22', '89.184.78.102', 'admin', 1),
('2016-05-22 01:14:09', 'ghostbuster', 'cron start', 0, '16-05-22', '89.184.78.102', 'admin', 1),
('2016-05-22 01:14:09', 'ghostbuster', 'cron end', 0, '16-05-22', '89.184.78.102', 'admin', 1),
('2016-05-22 06:49:43', 'ghostbuster', 'cron start', 0, '16-05-22', '89.184.78.102', 'admin', 1),
('2016-05-22 06:49:44', 'ghostbuster', 'cron end', 0, '16-05-22', '89.184.78.102', 'admin', 1),
('2016-05-22 13:52:16', 'ghostbuster', 'cron start', 0, '16-05-22', '89.184.78.102', 'admin', 1),
('2016-05-22 13:52:16', 'ghostbuster', 'cron end', 0, '16-05-22', '89.184.78.102', 'admin', 1),
('2016-05-22 15:49:10', 'ghostbuster', 'cron start', 0, '16-05-22', '89.184.78.102', 'admin', 1),
('2016-05-22 15:49:10', 'ghostbuster', 'cron end', 0, '16-05-22', '89.184.78.102', 'admin', 1),
('2016-05-22 20:10:16', 'ghostbuster', 'cron start', 0, '16-05-22', '89.184.78.102', 'admin', 1),
('2016-05-22 20:10:16', 'ghostbuster', 'cron end', 0, '16-05-22', '89.184.78.102', 'admin', 1),
('2016-05-22 21:59:19', 'ghostbuster', 'cron start', 0, '16-05-22', '89.184.78.102', 'admin', 1),
('2016-05-22 21:59:19', 'ghostbuster', 'cron end', 0, '16-05-22', '89.184.78.102', 'admin', 1),
('2016-05-22 22:59:26', 'ghostbuster', 'cron start', 0, '16-05-22', '89.184.78.102', 'admin', 1),
('2016-05-22 22:59:26', 'ghostbuster', 'cron end', 0, '16-05-22', '89.184.78.102', 'admin', 1),
('2016-05-23 06:32:51', 'ghostbuster', 'cron start', 0, '16-05-23', '89.184.78.102', 'admin', 1),
('2016-05-23 06:32:51', 'ghostbuster', 'cron end', 0, '16-05-23', '89.184.78.102', 'admin', 1),
('2016-05-23 07:33:06', 'ghostbuster', 'cron start', 0, '16-05-23', '89.184.78.102', 'admin', 1),
('2016-05-23 07:33:06', 'ghostbuster', 'cron end', 0, '16-05-23', '89.184.78.102', 'admin', 1),
('2016-05-23 08:33:15', 'ghostbuster', 'cron start', 0, '16-05-23', '89.184.78.102', 'admin', 1),
('2016-05-23 08:33:15', 'ghostbuster', 'cron end', 0, '16-05-23', '89.184.78.102', 'admin', 1),
('2016-05-23 09:33:18', 'ghostbuster', 'cron start', 0, '16-05-23', '89.184.78.102', 'admin', 1),
('2016-05-23 09:33:18', 'ghostbuster', 'cron end', 0, '16-05-23', '89.184.78.102', 'admin', 1),
('2016-05-23 10:33:23', 'ghostbuster', 'cron start', 0, '16-05-23', '89.184.78.102', 'admin', 1),
('2016-05-23 10:33:23', 'ghostbuster', 'cron end', 0, '16-05-23', '89.184.78.102', 'admin', 1),
('2016-05-23 11:53:21', 'ghostbuster', 'cron start', 0, '16-05-23', '89.184.78.102', 'admin', 1),
('2016-05-23 11:53:21', 'ghostbuster', 'cron end', 0, '16-05-23', '89.184.78.102', 'admin', 1),
('2016-05-23 14:34:31', 'ghostbuster', 'cron start', 0, '16-05-23', '89.184.78.102', 'admin', 1),
('2016-05-23 14:34:31', 'ghostbuster', 'cron end', 0, '16-05-23', '89.184.78.102', 'admin', 1),
('2016-05-23 15:41:46', 'ghostbuster', 'cron start', 0, '16-05-23', '89.184.78.102', 'admin', 1),
('2016-05-23 15:41:46', 'ghostbuster', 'cron end', 0, '16-05-23', '89.184.78.102', 'admin', 1),
('2016-05-23 16:42:02', 'ghostbuster', 'cron start', 0, '16-05-23', '89.184.78.102', 'admin', 1),
('2016-05-23 16:42:02', 'ghostbuster', 'cron end', 0, '16-05-23', '89.184.78.102', 'admin', 1),
('2016-05-23 17:42:08', 'ghostbuster', 'cron start', 0, '16-05-23', '89.184.78.102', 'admin', 1),
('2016-05-23 17:42:08', 'ghostbuster', 'cron end', 0, '16-05-23', '89.184.78.102', 'admin', 1),
('2016-05-23 18:42:16', 'ghostbuster', 'cron start', 0, '16-05-23', '89.184.78.102', 'admin', 1),
('2016-05-23 18:42:16', 'ghostbuster', 'cron end', 0, '16-05-23', '89.184.78.102', 'admin', 1),
('2016-05-23 19:42:17', 'ghostbuster', 'cron start', 0, '16-05-23', '89.184.78.102', 'admin', 1),
('2016-05-23 19:42:17', 'ghostbuster', 'cron end', 0, '16-05-23', '89.184.78.102', 'admin', 1),
('2016-05-23 20:42:26', 'ghostbuster', 'cron start', 0, '16-05-23', '89.184.78.102', 'admin', 1),
('2016-05-23 20:42:26', 'ghostbuster', 'cron end', 0, '16-05-23', '89.184.78.102', 'admin', 1),
('2016-05-23 21:42:29', 'ghostbuster', 'cron start', 0, '16-05-23', '89.184.78.102', 'admin', 1),
('2016-05-23 21:42:29', 'ghostbuster', 'cron end', 0, '16-05-23', '89.184.78.102', 'admin', 1),
('2016-05-23 22:42:32', 'ghostbuster', 'cron start', 0, '16-05-23', '89.184.78.102', 'admin', 1),
('2016-05-23 22:42:32', 'ghostbuster', 'cron end', 0, '16-05-23', '89.184.78.102', 'admin', 1),
('2016-05-24 00:36:55', 'ghostbuster', 'cron start', 0, '16-05-24', '89.184.78.102', 'admin', 1),
('2016-05-24 00:36:55', 'ghostbuster', 'cron end', 0, '16-05-24', '89.184.78.102', 'admin', 1),
('2016-05-24 06:24:17', 'ghostbuster', 'cron start', 0, '16-05-24', '89.184.78.102', 'admin', 1),
('2016-05-24 06:24:17', 'ghostbuster', 'cron end', 0, '16-05-24', '89.184.78.102', 'admin', 1),
('2016-05-24 08:11:44', 'ghostbuster', 'cron start', 0, '16-05-24', '89.184.78.102', 'admin', 1),
('2016-05-24 08:11:44', 'ghostbuster', 'cron end', 0, '16-05-24', '89.184.78.102', 'admin', 1),
('2016-05-24 09:11:51', 'ghostbuster', 'cron start', 0, '16-05-24', '89.184.78.102', 'admin', 1),
('2016-05-24 09:11:51', 'ghostbuster', 'cron end', 0, '16-05-24', '89.184.78.102', 'admin', 1),
('2016-05-24 10:11:51', 'ghostbuster', 'cron start', 0, '16-05-24', '89.184.78.102', 'admin', 1),
('2016-05-24 10:11:51', 'ghostbuster', 'cron end', 0, '16-05-24', '89.184.78.102', 'admin', 1),
('2016-05-24 11:11:53', 'ghostbuster', 'cron start', 0, '16-05-24', '89.184.78.102', 'admin', 1),
('2016-05-24 11:11:53', 'ghostbuster', 'cron end', 0, '16-05-24', '89.184.78.102', 'admin', 1),
('2016-05-24 13:19:11', 'ghostbuster', 'cron start', 0, '16-05-24', '89.184.78.102', 'admin', 1),
('2016-05-24 13:19:11', 'ghostbuster', 'cron end', 0, '16-05-24', '89.184.78.102', 'admin', 1),
('2016-05-24 15:20:20', 'ghostbuster', 'cron start', 0, '16-05-24', '89.184.78.102', 'admin', 1),
('2016-05-24 15:20:20', 'ghostbuster', 'cron end', 0, '16-05-24', '89.184.78.102', 'admin', 1),
('2016-05-24 16:20:37', 'ghostbuster', 'cron start', 0, '16-05-24', '89.184.78.102', 'admin', 1),
('2016-05-24 16:20:37', 'ghostbuster', 'cron end', 0, '16-05-24', '89.184.78.102', 'admin', 1),
('2016-05-24 20:51:20', 'ghostbuster', 'cron start', 0, '16-05-24', '89.184.78.102', 'admin', 1),
('2016-05-24 20:51:20', 'ghostbuster', 'cron end', 0, '16-05-24', '89.184.78.102', 'admin', 1),
('2016-05-24 21:55:16', 'ghostbuster', 'cron start', 0, '16-05-24', '89.184.78.102', 'admin', 1),
('2016-05-24 21:55:16', 'ghostbuster', 'cron end', 0, '16-05-24', '89.184.78.102', 'admin', 1),
('2016-05-24 23:04:19', 'ghostbuster', 'cron start', 0, '16-05-24', '89.184.78.102', 'admin', 1),
('2016-05-24 23:04:19', 'ghostbuster', 'cron end', 0, '16-05-24', '89.184.78.102', 'admin', 1),
('2016-05-25 12:05:21', 'ghostbuster', 'cron start', 0, '16-05-25', '89.184.78.102', 'admin', 1),
('2016-05-25 12:05:21', 'ghostbuster', 'cron end', 0, '16-05-25', '89.184.78.102', 'admin', 1),
('2016-05-25 17:31:25', 'ghostbuster', 'cron start', 0, '16-05-25', '89.184.78.102', 'admin', 1),
('2016-05-25 17:31:25', 'ghostbuster', 'cron end', 0, '16-05-25', '89.184.78.102', 'admin', 1),
('2016-05-25 18:31:28', 'ghostbuster', 'cron start', 0, '16-05-25', '89.184.78.102', 'admin', 1),
('2016-05-25 18:31:28', 'ghostbuster', 'cron end', 0, '16-05-25', '89.184.78.102', 'admin', 1),
('2016-05-25 19:31:36', 'ghostbuster', 'cron start', 0, '16-05-25', '89.184.78.102', 'admin', 1),
('2016-05-25 19:31:36', 'ghostbuster', 'cron end', 0, '16-05-25', '89.184.78.102', 'admin', 1),
('2016-05-25 20:31:40', 'ghostbuster', 'cron start', 0, '16-05-25', '89.184.78.102', 'admin', 1),
('2016-05-25 20:31:40', 'ghostbuster', 'cron end', 0, '16-05-25', '89.184.78.102', 'admin', 1),
('2016-05-25 21:31:44', 'ghostbuster', 'cron start', 0, '16-05-25', '89.184.78.102', 'admin', 1),
('2016-05-25 21:31:44', 'ghostbuster', 'cron end', 0, '16-05-25', '89.184.78.102', 'admin', 1),
('2016-05-26 07:05:48', 'ghostbuster', 'cron start', 0, '16-05-26', '89.184.78.102', 'admin', 1),
('2016-05-26 07:05:48', 'ghostbuster', 'cron end', 0, '16-05-26', '89.184.78.102', 'admin', 1),
('2016-05-26 08:05:52', 'ghostbuster', 'cron start', 0, '16-05-26', '89.184.78.102', 'admin', 1),
('2016-05-26 08:05:52', 'ghostbuster', 'cron end', 0, '16-05-26', '89.184.78.102', 'admin', 1),
('2016-05-26 09:05:57', 'ghostbuster', 'cron start', 0, '16-05-26', '89.184.78.102', 'admin', 1),
('2016-05-26 09:05:57', 'ghostbuster', 'cron end', 0, '16-05-26', '89.184.78.102', 'admin', 1),
('2016-05-26 10:06:09', 'ghostbuster', 'cron start', 0, '16-05-26', '89.184.78.102', 'admin', 1),
('2016-05-26 10:06:09', 'ghostbuster', 'cron end', 0, '16-05-26', '89.184.78.102', 'admin', 1),
('2016-05-26 11:06:17', 'ghostbuster', 'cron start', 0, '16-05-26', '89.184.78.102', 'admin', 1),
('2016-05-26 11:06:17', 'ghostbuster', 'cron end', 0, '16-05-26', '89.184.78.102', 'admin', 1),
('2016-05-26 12:06:27', 'ghostbuster', 'cron start', 0, '16-05-26', '89.184.78.102', 'admin', 1),
('2016-05-26 12:06:27', 'ghostbuster', 'cron end', 0, '16-05-26', '89.184.78.102', 'admin', 1),
('2016-05-26 15:29:34', 'ghostbuster', 'cron start', 0, '16-05-26', '89.184.78.102', 'admin', 1),
('2016-05-26 15:29:34', 'ghostbuster', 'cron end', 0, '16-05-26', '89.184.78.102', 'admin', 1),
('2016-05-26 16:29:45', 'ghostbuster', 'cron start', 0, '16-05-26', '89.184.78.102', 'admin', 1),
('2016-05-26 16:29:45', 'ghostbuster', 'cron end', 0, '16-05-26', '89.184.78.102', 'admin', 1),
('2016-05-26 17:30:05', 'ghostbuster', 'cron start', 0, '16-05-26', '89.184.78.102', 'admin', 1),
('2016-05-26 17:30:05', 'ghostbuster', 'cron end', 0, '16-05-26', '89.184.78.102', 'admin', 1),
('2016-05-26 18:30:13', 'ghostbuster', 'cron start', 0, '16-05-26', '89.184.78.102', 'admin', 1),
('2016-05-26 18:30:13', 'ghostbuster', 'cron end', 0, '16-05-26', '89.184.78.102', 'admin', 1),
('2016-05-28 06:15:57', 'ghostbuster', 'cron start', 0, '16-05-28', '89.184.78.102', 'admin', 1),
('2016-05-28 06:15:57', 'ghostbuster', 'cron end', 0, '16-05-28', '89.184.78.102', 'admin', 1),
('2016-05-29 18:25:41', 'ghostbuster', 'cron start', 0, '16-05-29', '89.184.78.102', 'admin', 1),
('2016-05-29 18:25:42', 'ghostbuster', 'cron end', 0, '16-05-29', '89.184.78.102', 'admin', 1),
('2016-05-30 12:20:14', 'ghostbuster', 'cron start', 0, '16-05-30', '89.184.78.102', 'admin', 1),
('2016-05-30 12:20:14', 'ghostbuster', 'cron end', 0, '16-05-30', '89.184.78.102', 'admin', 1),
('2016-05-30 16:05:31', 'ghostbuster', 'cron start', 0, '16-05-30', '89.184.78.102', 'admin', 1),
('2016-05-30 16:05:31', 'ghostbuster', 'cron end', 0, '16-05-30', '89.184.78.102', 'admin', 1),
('2016-05-30 17:05:36', 'ghostbuster', 'cron start', 0, '16-05-30', '89.184.78.102', 'admin', 1),
('2016-05-30 17:05:36', 'ghostbuster', 'cron end', 0, '16-05-30', '89.184.78.102', 'admin', 1),
('2016-05-30 18:05:59', 'ghostbuster', 'cron start', 0, '16-05-30', '89.184.78.102', 'admin', 1),
('2016-05-30 18:05:59', 'ghostbuster', 'cron end', 0, '16-05-30', '89.184.78.102', 'admin', 1),
('2016-05-30 19:18:03', 'ghostbuster', 'cron start', 0, '16-05-30', '89.184.78.102', 'admin', 1),
('2016-05-30 19:18:03', 'ghostbuster', 'cron end', 0, '16-05-30', '89.184.78.102', 'admin', 1),
('2016-05-30 20:18:19', 'ghostbuster', 'cron start', 0, '16-05-30', '89.184.78.102', 'admin', 1),
('2016-05-30 20:18:19', 'ghostbuster', 'cron end', 0, '16-05-30', '89.184.78.102', 'admin', 1),
('2016-05-30 21:18:25', 'ghostbuster', 'cron start', 0, '16-05-30', '89.184.78.102', 'admin', 1),
('2016-05-30 21:18:25', 'ghostbuster', 'cron end', 0, '16-05-30', '89.184.78.102', 'admin', 1),
('2016-05-30 22:19:26', 'ghostbuster', 'cron start', 0, '16-05-30', '89.184.78.102', 'admin', 1),
('2016-05-30 22:19:26', 'ghostbuster', 'cron end', 0, '16-05-30', '89.184.78.102', 'admin', 1),
('2016-05-31 05:41:48', 'ghostbuster', 'cron start', 0, '16-05-31', '89.184.78.102', 'admin', 1),
('2016-05-31 05:41:48', 'ghostbuster', 'cron end', 0, '16-05-31', '89.184.78.102', 'admin', 1),
('2016-05-31 06:42:38', 'ghostbuster', 'cron start', 0, '16-05-31', '89.184.78.102', 'admin', 1),
('2016-05-31 06:42:38', 'ghostbuster', 'cron end', 0, '16-05-31', '89.184.78.102', 'admin', 1),
('2016-05-31 07:42:40', 'ghostbuster', 'cron start', 0, '16-05-31', '89.184.78.102', 'admin', 1),
('2016-05-31 07:42:40', 'ghostbuster', 'cron end', 0, '16-05-31', '89.184.78.102', 'admin', 1),
('2016-05-31 08:42:56', 'ghostbuster', 'cron start', 0, '16-05-31', '89.184.78.102', 'admin', 1),
('2016-05-31 08:42:56', 'ghostbuster', 'cron end', 0, '16-05-31', '89.184.78.102', 'admin', 1),
('2016-05-31 09:43:00', 'ghostbuster', 'cron start', 0, '16-05-31', '89.184.78.102', 'admin', 1),
('2016-05-31 09:43:00', 'ghostbuster', 'cron end', 0, '16-05-31', '89.184.78.102', 'admin', 1),
('2016-05-31 10:43:12', 'ghostbuster', 'cron start', 0, '16-05-31', '89.184.78.102', 'admin', 1),
('2016-05-31 10:43:12', 'ghostbuster', 'cron end', 0, '16-05-31', '89.184.78.102', 'admin', 1),
('2016-05-31 11:43:32', 'ghostbuster', 'cron start', 0, '16-05-31', '89.184.78.102', 'admin', 1),
('2016-05-31 11:43:32', 'ghostbuster', 'cron end', 0, '16-05-31', '89.184.78.102', 'admin', 1),
('2016-05-31 12:44:45', 'ghostbuster', 'cron start', 0, '16-05-31', '89.184.78.102', 'admin', 1),
('2016-05-31 12:44:45', 'ghostbuster', 'cron end', 0, '16-05-31', '89.184.78.102', 'admin', 1),
('2016-05-31 13:45:08', 'ghostbuster', 'cron start', 0, '16-05-31', '89.184.78.102', 'admin', 1),
('2016-05-31 13:45:08', 'ghostbuster', 'cron end', 0, '16-05-31', '89.184.78.102', 'admin', 1),
('2016-05-31 18:43:57', 'ghostbuster', 'cron start', 0, '16-05-31', '89.184.78.102', 'admin', 1),
('2016-05-31 18:43:57', 'ghostbuster', 'cron end', 0, '16-05-31', '89.184.78.102', 'admin', 1),
('2016-05-31 19:44:01', 'ghostbuster', 'cron start', 0, '16-05-31', '89.184.78.102', 'admin', 1),
('2016-05-31 19:44:01', 'ghostbuster', 'cron end', 0, '16-05-31', '89.184.78.102', 'admin', 1),
('2016-06-01 10:34:56', 'ghostbuster', 'cron start', 0, '16-06-01', '89.184.78.102', 'admin', 1),
('2016-06-01 10:34:56', 'ghostbuster', 'cron end', 0, '16-06-01', '89.184.78.102', 'admin', 1),
('2016-06-01 11:55:52', 'ghostbuster', 'cron start', 0, '16-06-01', '89.184.78.102', 'admin', 1),
('2016-06-01 11:55:52', 'ghostbuster', 'cron end', 0, '16-06-01', '89.184.78.102', 'admin', 1),
('2016-06-01 14:32:25', 'ghostbuster', 'cron start', 0, '16-06-01', '89.184.78.102', 'admin', 1),
('2016-06-01 14:32:25', 'ghostbuster', 'cron end', 0, '16-06-01', '89.184.78.102', 'admin', 1),
('2016-06-01 15:32:37', 'ghostbuster', 'cron start', 0, '16-06-01', '89.184.78.102', 'admin', 1),
('2016-06-01 15:32:37', 'ghostbuster', 'cron end', 0, '16-06-01', '89.184.78.102', 'admin', 1),
('2016-06-01 19:10:05', 'ghostbuster', 'cron start', 0, '16-06-01', '89.184.78.102', 'admin', 1),
('2016-06-01 19:10:05', 'ghostbuster', 'cron end', 0, '16-06-01', '89.184.78.102', 'admin', 1),
('2016-06-01 21:10:01', 'ghostbuster', 'cron start', 0, '16-06-01', '89.184.78.102', 'admin', 1),
('2016-06-01 21:10:01', 'ghostbuster', 'cron end', 0, '16-06-01', '89.184.78.102', 'admin', 1),
('2016-06-02 08:12:29', 'ghostbuster', 'cron start', 0, '16-06-02', '89.184.78.102', 'admin', 1),
('2016-06-02 08:12:29', 'ghostbuster', 'cron end', 0, '16-06-02', '89.184.78.102', 'admin', 1),
('2016-06-02 10:49:30', 'ghostbuster', 'cron start', 0, '16-06-02', '89.184.78.102', 'admin', 1),
('2016-06-02 10:49:30', 'ghostbuster', 'cron end', 0, '16-06-02', '89.184.78.102', 'admin', 1),
('2016-06-02 11:49:29', 'ghostbuster', 'cron start', 0, '16-06-02', '89.184.78.102', 'admin', 1),
('2016-06-02 11:49:29', 'ghostbuster', 'cron end', 0, '16-06-02', '89.184.78.102', 'admin', 1),
('2016-06-02 17:11:16', 'ghostbuster', 'cron start', 0, '16-06-02', '89.184.78.102', 'admin', 1),
('2016-06-02 17:11:16', 'ghostbuster', 'cron end', 0, '16-06-02', '89.184.78.102', 'admin', 1),
('2016-06-02 19:31:38', 'ghostbuster', 'cron start', 0, '16-06-02', '89.184.78.102', 'admin', 1),
('2016-06-02 19:31:38', 'ghostbuster', 'cron end', 0, '16-06-02', '89.184.78.102', 'admin', 1),
('2016-06-02 20:32:27', 'ghostbuster', 'cron start', 0, '16-06-02', '89.184.78.102', 'admin', 1),
('2016-06-02 20:32:27', 'ghostbuster', 'cron end', 0, '16-06-02', '89.184.78.102', 'admin', 1),
('2016-06-02 21:33:07', 'ghostbuster', 'cron start', 0, '16-06-02', '89.184.78.102', 'admin', 1),
('2016-06-02 21:33:07', 'ghostbuster', 'cron end', 0, '16-06-02', '89.184.78.102', 'admin', 1),
('2016-06-02 22:33:39', 'ghostbuster', 'cron start', 0, '16-06-02', '89.184.78.102', 'admin', 1),
('2016-06-02 22:33:39', 'ghostbuster', 'cron end', 0, '16-06-02', '89.184.78.102', 'admin', 1),
('2016-06-03 00:22:01', 'ghostbuster', 'cron start', 0, '16-06-03', '89.184.78.102', 'admin', 1),
('2016-06-03 00:22:01', 'ghostbuster', 'cron end', 0, '16-06-03', '89.184.78.102', 'admin', 1),
('2016-06-03 08:03:45', 'ghostbuster', 'cron start', 0, '16-06-03', '89.184.78.102', 'admin', 1),
('2016-06-03 08:03:45', 'ghostbuster', 'cron end', 0, '16-06-03', '89.184.78.102', 'admin', 1),
('2016-06-03 12:57:02', 'ghostbuster', 'cron start', 0, '16-06-03', '89.184.78.102', 'admin', 1),
('2016-06-03 12:57:02', 'ghostbuster', 'cron end', 0, '16-06-03', '89.184.78.102', 'admin', 1),
('2016-06-03 14:20:02', 'ghostbuster', 'cron start', 0, '16-06-03', '89.184.78.102', 'admin', 1),
('2016-06-03 14:20:02', 'ghostbuster', 'cron end', 0, '16-06-03', '89.184.78.102', 'admin', 1),
('2016-06-03 21:01:47', 'ghostbuster', 'cron start', 0, '16-06-03', '89.184.78.102', 'admin', 1),
('2016-06-03 21:01:47', 'ghostbuster', 'cron end', 0, '16-06-03', '89.184.78.102', 'admin', 1),
('2016-06-04 21:19:04', 'ghostbuster', 'cron start', 0, '16-06-04', '89.184.78.102', 'admin', 1),
('2016-06-04 21:19:04', 'ghostbuster', 'cron end', 0, '16-06-04', '89.184.78.102', 'admin', 1),
('2016-06-04 22:19:07', 'ghostbuster', 'cron start', 0, '16-06-04', '89.184.78.102', 'admin', 1),
('2016-06-04 22:19:07', 'ghostbuster', 'cron end', 0, '16-06-04', '89.184.78.102', 'admin', 1),
('2016-06-04 23:19:15', 'ghostbuster', 'cron start', 0, '16-06-04', '89.184.78.102', 'admin', 1),
('2016-06-04 23:19:15', 'ghostbuster', 'cron end', 0, '16-06-04', '89.184.78.102', 'admin', 1),
('2016-06-05 06:28:42', 'ghostbuster', 'cron start', 0, '16-06-05', '89.184.78.102', 'admin', 1),
('2016-06-05 06:28:42', 'ghostbuster', 'cron end', 0, '16-06-05', '89.184.78.102', 'admin', 1),
('2016-06-05 07:28:47', 'ghostbuster', 'cron start', 0, '16-06-05', '89.184.78.102', 'admin', 1),
('2016-06-05 07:28:47', 'ghostbuster', 'cron end', 0, '16-06-05', '89.184.78.102', 'admin', 1),
('2016-06-05 08:29:07', 'ghostbuster', 'cron start', 0, '16-06-05', '89.184.78.102', 'admin', 1),
('2016-06-05 08:29:07', 'ghostbuster', 'cron end', 0, '16-06-05', '89.184.78.102', 'admin', 1),
('2016-06-05 09:33:31', 'ghostbuster', 'cron start', 0, '16-06-05', '89.184.78.102', 'admin', 1),
('2016-06-05 09:33:31', 'ghostbuster', 'cron end', 0, '16-06-05', '89.184.78.102', 'admin', 1),
('2016-06-05 12:27:15', 'ghostbuster', 'cron start', 0, '16-06-05', '89.184.78.102', 'admin', 1),
('2016-06-05 12:27:15', 'ghostbuster', 'cron end', 0, '16-06-05', '89.184.78.102', 'admin', 1),
('2016-06-05 16:00:55', 'ghostbuster', 'cron start', 0, '16-06-05', '89.184.78.102', 'admin', 1),
('2016-06-05 16:00:55', 'ghostbuster', 'cron end', 0, '16-06-05', '89.184.78.102', 'admin', 1),
('2016-06-05 18:28:26', 'ghostbuster', 'cron start', 0, '16-06-05', '89.184.78.102', 'admin', 1),
('2016-06-05 18:28:26', 'ghostbuster', 'cron end', 0, '16-06-05', '89.184.78.102', 'admin', 1),
('2016-06-05 19:49:17', 'ghostbuster', 'cron start', 0, '16-06-05', '89.184.78.102', 'admin', 1),
('2016-06-05 19:49:17', 'ghostbuster', 'cron end', 0, '16-06-05', '89.184.78.102', 'admin', 1),
('2016-06-05 20:50:11', 'ghostbuster', 'cron start', 0, '16-06-05', '89.184.78.102', 'admin', 1),
('2016-06-05 20:50:11', 'ghostbuster', 'cron end', 0, '16-06-05', '89.184.78.102', 'admin', 1),
('2016-06-05 21:50:16', 'ghostbuster', 'cron start', 0, '16-06-05', '89.184.78.102', 'admin', 1),
('2016-06-05 21:50:16', 'ghostbuster', 'cron end', 0, '16-06-05', '89.184.78.102', 'admin', 1),
('2016-06-05 22:51:14', 'ghostbuster', 'cron start', 0, '16-06-05', '89.184.78.102', 'admin', 1),
('2016-06-05 22:51:14', 'ghostbuster', 'cron end', 0, '16-06-05', '89.184.78.102', 'admin', 1),
('2016-06-06 00:03:48', 'ghostbuster', 'cron start', 0, '16-06-06', '89.184.78.102', 'admin', 1),
('2016-06-06 00:03:48', 'ghostbuster', 'cron end', 0, '16-06-06', '89.184.78.102', 'admin', 1),
('2016-06-06 07:40:53', 'ghostbuster', 'cron start', 0, '16-06-06', '89.184.78.102', 'admin', 1),
('2016-06-06 07:40:53', 'ghostbuster', 'cron end', 0, '16-06-06', '89.184.78.102', 'admin', 1),
('2016-06-06 08:41:11', 'ghostbuster', 'cron start', 0, '16-06-06', '89.184.78.102', 'admin', 1),
('2016-06-06 08:41:11', 'ghostbuster', 'cron end', 0, '16-06-06', '89.184.78.102', 'admin', 1),
('2016-06-06 23:18:47', 'ghostbuster', 'cron start', 0, '16-06-06', '89.184.78.102', 'admin', 1),
('2016-06-06 23:18:47', 'ghostbuster', 'cron end', 0, '16-06-06', '89.184.78.102', 'admin', 1),
('2016-06-07 07:27:44', 'ghostbuster', 'cron start', 0, '16-06-07', '89.184.78.102', 'admin', 1),
('2016-06-07 07:27:44', 'ghostbuster', 'cron end', 0, '16-06-07', '89.184.78.102', 'admin', 1),
('2016-06-07 09:22:29', 'ghostbuster', 'cron start', 0, '16-06-07', '89.184.78.102', 'admin', 1),
('2016-06-07 09:22:29', 'ghostbuster', 'cron end', 0, '16-06-07', '89.184.78.102', 'admin', 1),
('2016-06-07 10:22:36', 'ghostbuster', 'cron start', 0, '16-06-07', '89.184.78.102', 'admin', 1),
('2016-06-07 10:22:36', 'ghostbuster', 'cron end', 0, '16-06-07', '89.184.78.102', 'admin', 1),
('2016-06-07 11:24:42', 'ghostbuster', 'cron start', 0, '16-06-07', '89.184.78.102', 'admin', 1),
('2016-06-07 11:24:42', 'ghostbuster', 'cron end', 0, '16-06-07', '89.184.78.102', 'admin', 1),
('2016-06-07 12:25:57', 'ghostbuster', 'cron start', 0, '16-06-07', '89.184.78.102', 'admin', 1),
('2016-06-07 12:25:57', 'ghostbuster', 'cron end', 0, '16-06-07', '89.184.78.102', 'admin', 1);
INSERT INTO `oc_t_log` (`dt_date`, `s_section`, `s_action`, `fk_i_id`, `s_data`, `s_ip`, `s_who`, `fk_i_who_id`) VALUES
('2016-06-07 13:26:14', 'ghostbuster', 'cron start', 0, '16-06-07', '89.184.78.102', 'admin', 1),
('2016-06-07 13:26:14', 'ghostbuster', 'cron end', 0, '16-06-07', '89.184.78.102', 'admin', 1),
('2016-06-07 14:26:34', 'ghostbuster', 'cron start', 0, '16-06-07', '89.184.78.102', 'admin', 1),
('2016-06-07 14:26:34', 'ghostbuster', 'cron end', 0, '16-06-07', '89.184.78.102', 'admin', 1),
('2016-06-07 15:27:42', 'ghostbuster', 'cron start', 0, '16-06-07', '89.184.78.102', 'admin', 1),
('2016-06-07 15:27:42', 'ghostbuster', 'cron end', 0, '16-06-07', '89.184.78.102', 'admin', 1),
('2016-06-08 07:01:52', 'ghostbuster', 'cron start', 0, '16-06-08', '89.184.78.102', 'admin', 1),
('2016-06-08 07:01:52', 'ghostbuster', 'cron end', 0, '16-06-08', '89.184.78.102', 'admin', 1),
('2016-06-08 08:02:32', 'ghostbuster', 'cron start', 0, '16-06-08', '89.184.78.102', 'admin', 1),
('2016-06-08 08:02:32', 'ghostbuster', 'cron end', 0, '16-06-08', '89.184.78.102', 'admin', 1),
('2016-06-08 09:04:02', 'ghostbuster', 'cron start', 0, '16-06-08', '89.184.78.102', 'admin', 1),
('2016-06-08 09:04:02', 'ghostbuster', 'cron end', 0, '16-06-08', '89.184.78.102', 'admin', 1),
('2016-06-08 17:20:50', 'ghostbuster', 'cron start', 0, '16-06-08', '89.184.78.102', 'admin', 1),
('2016-06-08 17:20:50', 'ghostbuster', 'cron end', 0, '16-06-08', '89.184.78.102', 'admin', 1),
('2016-06-08 20:31:12', 'ghostbuster', 'cron start', 0, '16-06-08', '89.184.78.102', 'admin', 1),
('2016-06-08 20:31:12', 'ghostbuster', 'cron end', 0, '16-06-08', '89.184.78.102', 'admin', 1),
('2016-06-09 06:48:16', 'ghostbuster', 'cron start', 0, '16-06-09', '89.184.78.102', 'admin', 1),
('2016-06-09 06:48:16', 'ghostbuster', 'cron end', 0, '16-06-09', '89.184.78.102', 'admin', 1),
('2016-06-09 07:48:27', 'ghostbuster', 'cron start', 0, '16-06-09', '89.184.78.102', 'admin', 1),
('2016-06-09 07:48:27', 'ghostbuster', 'cron end', 0, '16-06-09', '89.184.78.102', 'admin', 1),
('2016-06-09 08:49:54', 'ghostbuster', 'cron start', 0, '16-06-09', '89.184.78.102', 'admin', 1),
('2016-06-09 08:49:54', 'ghostbuster', 'cron end', 0, '16-06-09', '89.184.78.102', 'admin', 1),
('2016-06-09 09:52:14', 'ghostbuster', 'cron start', 0, '16-06-09', '89.184.78.102', 'admin', 1),
('2016-06-09 09:52:14', 'ghostbuster', 'cron end', 0, '16-06-09', '89.184.78.102', 'admin', 1),
('2016-06-09 10:52:22', 'ghostbuster', 'cron start', 0, '16-06-09', '89.184.78.102', 'admin', 1),
('2016-06-09 10:52:22', 'ghostbuster', 'cron end', 0, '16-06-09', '89.184.78.102', 'admin', 1),
('2016-06-09 11:52:22', 'ghostbuster', 'cron start', 0, '16-06-09', '89.184.78.102', 'admin', 1),
('2016-06-09 11:52:22', 'ghostbuster', 'cron end', 0, '16-06-09', '89.184.78.102', 'admin', 1),
('2016-06-09 12:52:49', 'ghostbuster', 'cron start', 0, '16-06-09', '89.184.78.102', 'admin', 1),
('2016-06-09 12:52:50', 'ghostbuster', 'cron end', 0, '16-06-09', '89.184.78.102', 'admin', 1),
('2016-06-09 13:53:23', 'ghostbuster', 'cron start', 0, '16-06-09', '89.184.78.102', 'admin', 1),
('2016-06-09 13:53:23', 'ghostbuster', 'cron end', 0, '16-06-09', '89.184.78.102', 'admin', 1),
('2016-06-09 14:53:24', 'ghostbuster', 'cron start', 0, '16-06-09', '89.184.78.102', 'admin', 1),
('2016-06-09 14:53:24', 'ghostbuster', 'cron end', 0, '16-06-09', '89.184.78.102', 'admin', 1),
('2016-06-09 15:53:35', 'ghostbuster', 'cron start', 0, '16-06-09', '89.184.78.102', 'admin', 1),
('2016-06-09 15:53:35', 'ghostbuster', 'cron end', 0, '16-06-09', '89.184.78.102', 'admin', 1),
('2016-06-09 16:53:46', 'ghostbuster', 'cron start', 0, '16-06-09', '89.184.78.102', 'admin', 1),
('2016-06-09 16:53:46', 'ghostbuster', 'cron end', 0, '16-06-09', '89.184.78.102', 'admin', 1),
('2016-06-09 20:26:13', 'ghostbuster', 'cron start', 0, '16-06-09', '89.184.78.102', 'admin', 1),
('2016-06-09 20:26:13', 'ghostbuster', 'cron end', 0, '16-06-09', '89.184.78.102', 'admin', 1),
('2016-06-09 21:29:10', 'ghostbuster', 'cron start', 0, '16-06-09', '89.184.78.102', 'admin', 1),
('2016-06-09 21:29:10', 'ghostbuster', 'cron end', 0, '16-06-09', '89.184.78.102', 'admin', 1),
('2016-06-09 22:29:29', 'ghostbuster', 'cron start', 0, '16-06-09', '89.184.78.102', 'admin', 1),
('2016-06-09 22:29:29', 'ghostbuster', 'cron end', 0, '16-06-09', '89.184.78.102', 'admin', 1),
('2016-06-09 23:30:29', 'ghostbuster', 'cron start', 0, '16-06-09', '89.184.78.102', 'admin', 1),
('2016-06-09 23:30:29', 'ghostbuster', 'cron end', 0, '16-06-09', '89.184.78.102', 'admin', 1),
('2016-06-10 00:30:45', 'ghostbuster', 'cron start', 0, '16-06-10', '89.184.78.102', 'admin', 1),
('2016-06-10 00:30:45', 'ghostbuster', 'cron end', 0, '16-06-10', '89.184.78.102', 'admin', 1),
('2016-06-10 06:49:25', 'ghostbuster', 'cron start', 0, '16-06-10', '89.184.78.102', 'admin', 1),
('2016-06-10 06:49:25', 'ghostbuster', 'cron end', 0, '16-06-10', '89.184.78.102', 'admin', 1),
('2016-06-10 07:49:26', 'ghostbuster', 'cron start', 0, '16-06-10', '89.184.78.102', 'admin', 1),
('2016-06-10 07:49:26', 'ghostbuster', 'cron end', 0, '16-06-10', '89.184.78.102', 'admin', 1),
('2016-06-10 08:49:42', 'ghostbuster', 'cron start', 0, '16-06-10', '89.184.78.102', 'admin', 1),
('2016-06-10 08:49:42', 'ghostbuster', 'cron end', 0, '16-06-10', '89.184.78.102', 'admin', 1),
('2016-06-10 09:49:48', 'ghostbuster', 'cron start', 0, '16-06-10', '89.184.78.102', 'admin', 1),
('2016-06-10 09:49:48', 'ghostbuster', 'cron end', 0, '16-06-10', '89.184.78.102', 'admin', 1),
('2016-06-10 10:49:53', 'ghostbuster', 'cron start', 0, '16-06-10', '89.184.78.102', 'admin', 1),
('2016-06-10 10:49:53', 'ghostbuster', 'cron end', 0, '16-06-10', '89.184.78.102', 'admin', 1),
('2016-06-10 11:49:56', 'ghostbuster', 'cron start', 0, '16-06-10', '89.184.78.102', 'admin', 1),
('2016-06-10 11:49:56', 'ghostbuster', 'cron end', 0, '16-06-10', '89.184.78.102', 'admin', 1),
('2016-06-10 12:50:09', 'ghostbuster', 'cron start', 0, '16-06-10', '89.184.78.102', 'admin', 1),
('2016-06-10 12:50:09', 'ghostbuster', 'cron end', 0, '16-06-10', '89.184.78.102', 'admin', 1),
('2016-06-10 13:51:05', 'ghostbuster', 'cron start', 0, '16-06-10', '89.184.78.102', 'admin', 1),
('2016-06-10 13:51:05', 'ghostbuster', 'cron end', 0, '16-06-10', '89.184.78.102', 'admin', 1),
('2016-06-10 15:02:58', 'ghostbuster', 'cron start', 0, '16-06-10', '89.184.78.102', 'admin', 1),
('2016-06-10 15:02:58', 'ghostbuster', 'cron end', 0, '16-06-10', '89.184.78.102', 'admin', 1),
('2016-06-10 16:02:58', 'ghostbuster', 'cron start', 0, '16-06-10', '89.184.78.102', 'admin', 1),
('2016-06-10 16:02:58', 'ghostbuster', 'cron end', 0, '16-06-10', '89.184.78.102', 'admin', 1),
('2016-06-10 17:03:12', 'ghostbuster', 'cron start', 0, '16-06-10', '89.184.78.102', 'admin', 1),
('2016-06-10 17:03:12', 'ghostbuster', 'cron end', 0, '16-06-10', '89.184.78.102', 'admin', 1),
('2016-06-10 18:03:28', 'ghostbuster', 'cron start', 0, '16-06-10', '89.184.78.102', 'admin', 1),
('2016-06-10 18:03:28', 'ghostbuster', 'cron end', 0, '16-06-10', '89.184.78.102', 'admin', 1),
('2016-06-10 19:04:16', 'ghostbuster', 'cron start', 0, '16-06-10', '89.184.78.102', 'admin', 1),
('2016-06-10 19:04:16', 'ghostbuster', 'cron end', 0, '16-06-10', '89.184.78.102', 'admin', 1),
('2016-06-10 19:43:04', 'user', 'edit', 1, 'vish_vish@list.ru', '176.37.131.50', 'user', 1),
('2016-06-10 19:43:16', 'user', 'edit', 1, 'vish_vish@list.ru', '176.37.131.50', 'user', 1),
('2016-06-10 20:04:22', 'ghostbuster', 'cron start', 0, '16-06-10', '89.184.78.102', 'admin', 1),
('2016-06-10 20:04:22', 'ghostbuster', 'cron end', 0, '16-06-10', '89.184.78.102', 'admin', 1),
('2016-06-10 21:05:08', 'ghostbuster', 'cron start', 0, '16-06-10', '89.184.78.102', 'admin', 1),
('2016-06-10 21:05:08', 'ghostbuster', 'cron end', 0, '16-06-10', '89.184.78.102', 'admin', 1),
('2016-06-10 22:05:13', 'ghostbuster', 'cron start', 0, '16-06-10', '89.184.78.102', 'admin', 1),
('2016-06-10 22:05:13', 'ghostbuster', 'cron end', 0, '16-06-10', '89.184.78.102', 'admin', 1),
('2016-06-10 23:05:18', 'ghostbuster', 'cron start', 0, '16-06-10', '89.184.78.102', 'admin', 1),
('2016-06-10 23:05:18', 'ghostbuster', 'cron end', 0, '16-06-10', '89.184.78.102', 'admin', 1),
('2016-06-11 08:17:54', 'ghostbuster', 'cron start', 0, '16-06-11', '89.184.78.102', 'admin', 1),
('2016-06-11 08:17:54', 'ghostbuster', 'cron end', 0, '16-06-11', '89.184.78.102', 'admin', 1),
('2016-06-11 09:22:50', 'ghostbuster', 'cron start', 0, '16-06-11', '89.184.78.102', 'admin', 1),
('2016-06-11 09:22:50', 'ghostbuster', 'cron end', 0, '16-06-11', '89.184.78.102', 'admin', 1),
('2016-06-11 10:23:18', 'ghostbuster', 'cron start', 0, '16-06-11', '89.184.78.102', 'admin', 1),
('2016-06-11 10:23:18', 'ghostbuster', 'cron end', 0, '16-06-11', '89.184.78.102', 'admin', 1),
('2016-06-11 11:59:53', 'ghostbuster', 'cron start', 0, '16-06-11', '89.184.78.102', 'admin', 1),
('2016-06-11 11:59:53', 'ghostbuster', 'cron end', 0, '16-06-11', '89.184.78.102', 'admin', 1),
('2016-06-11 13:00:21', 'ghostbuster', 'cron start', 0, '16-06-11', '89.184.78.102', 'admin', 1),
('2016-06-11 13:00:21', 'ghostbuster', 'cron end', 0, '16-06-11', '89.184.78.102', 'admin', 1),
('2016-06-11 14:00:23', 'ghostbuster', 'cron start', 0, '16-06-11', '89.184.78.102', 'admin', 1),
('2016-06-11 14:00:23', 'ghostbuster', 'cron end', 0, '16-06-11', '89.184.78.102', 'admin', 1),
('2016-06-11 15:00:26', 'ghostbuster', 'cron start', 0, '16-06-11', '89.184.78.102', 'admin', 1),
('2016-06-11 15:00:26', 'ghostbuster', 'cron end', 0, '16-06-11', '89.184.78.102', 'admin', 1),
('2016-06-11 16:01:11', 'ghostbuster', 'cron start', 0, '16-06-11', '89.184.78.102', 'admin', 1),
('2016-06-11 16:01:11', 'ghostbuster', 'cron end', 0, '16-06-11', '89.184.78.102', 'admin', 1),
('2016-06-11 17:02:27', 'ghostbuster', 'cron start', 0, '16-06-11', '89.184.78.102', 'admin', 1),
('2016-06-11 17:02:27', 'ghostbuster', 'cron end', 0, '16-06-11', '89.184.78.102', 'admin', 1),
('2016-06-11 18:02:33', 'ghostbuster', 'cron start', 0, '16-06-11', '89.184.78.102', 'admin', 1),
('2016-06-11 18:02:33', 'ghostbuster', 'cron end', 0, '16-06-11', '89.184.78.102', 'admin', 1),
('2016-06-11 19:02:47', 'ghostbuster', 'cron start', 0, '16-06-11', '89.184.78.102', 'admin', 1),
('2016-06-11 19:02:47', 'ghostbuster', 'cron end', 0, '16-06-11', '89.184.78.102', 'admin', 1),
('2016-06-11 20:18:29', 'ghostbuster', 'cron start', 0, '16-06-11', '89.184.78.102', 'admin', 1),
('2016-06-11 20:18:29', 'ghostbuster', 'cron end', 0, '16-06-11', '89.184.78.102', 'admin', 1),
('2016-06-11 21:45:31', 'ghostbuster', 'cron start', 0, '16-06-11', '89.184.78.102', 'admin', 1),
('2016-06-11 21:45:31', 'ghostbuster', 'cron end', 0, '16-06-11', '89.184.78.102', 'admin', 1),
('2016-06-12 00:05:29', 'ghostbuster', 'cron start', 0, '16-06-12', '89.184.78.102', 'admin', 1),
('2016-06-12 00:05:29', 'ghostbuster', 'cron end', 0, '16-06-12', '89.184.78.102', 'admin', 1),
('2016-06-12 09:44:22', 'ghostbuster', 'cron start', 0, '16-06-12', '89.184.78.102', 'admin', 1),
('2016-06-12 09:44:22', 'ghostbuster', 'cron end', 0, '16-06-12', '89.184.78.102', 'admin', 1),
('2016-06-12 11:39:07', 'ghostbuster', 'cron start', 0, '16-06-12', '89.184.78.102', 'admin', 1),
('2016-06-12 11:39:07', 'ghostbuster', 'cron end', 0, '16-06-12', '89.184.78.102', 'admin', 1),
('2016-06-12 12:40:42', 'ghostbuster', 'cron start', 0, '16-06-12', '89.184.78.102', 'admin', 1),
('2016-06-12 12:40:42', 'ghostbuster', 'cron end', 0, '16-06-12', '89.184.78.102', 'admin', 1),
('2016-06-13 08:38:15', 'ghostbuster', 'cron start', 0, '16-06-13', '89.184.78.102', 'admin', 1),
('2016-06-13 08:38:15', 'ghostbuster', 'cron end', 0, '16-06-13', '89.184.78.102', 'admin', 1),
('2016-06-13 09:38:17', 'ghostbuster', 'cron start', 0, '16-06-13', '89.184.78.102', 'admin', 1),
('2016-06-13 09:38:17', 'ghostbuster', 'cron end', 0, '16-06-13', '89.184.78.102', 'admin', 1),
('2016-06-13 10:39:06', 'ghostbuster', 'cron start', 0, '16-06-13', '89.184.78.102', 'admin', 1),
('2016-06-13 10:39:06', 'ghostbuster', 'cron end', 0, '16-06-13', '89.184.78.102', 'admin', 1),
('2016-06-13 11:39:30', 'ghostbuster', 'cron start', 0, '16-06-13', '89.184.78.102', 'admin', 1),
('2016-06-13 11:39:30', 'ghostbuster', 'cron end', 0, '16-06-13', '89.184.78.102', 'admin', 1),
('2016-06-13 17:33:34', 'ghostbuster', 'cron start', 0, '16-06-13', '89.184.78.102', 'admin', 1),
('2016-06-13 17:33:34', 'ghostbuster', 'cron end', 0, '16-06-13', '89.184.78.102', 'admin', 1),
('2016-06-13 19:20:10', 'ghostbuster', 'cron start', 0, '16-06-13', '89.184.78.102', 'admin', 1),
('2016-06-13 19:20:10', 'ghostbuster', 'cron end', 0, '16-06-13', '89.184.78.102', 'admin', 1),
('2016-06-13 20:21:17', 'ghostbuster', 'cron start', 0, '16-06-13', '89.184.78.102', 'admin', 1),
('2016-06-13 20:21:17', 'ghostbuster', 'cron end', 0, '16-06-13', '89.184.78.102', 'admin', 1),
('2016-06-13 23:08:07', 'ghostbuster', 'cron start', 0, '16-06-13', '89.184.78.102', 'admin', 1),
('2016-06-13 23:08:07', 'ghostbuster', 'cron end', 0, '16-06-13', '89.184.78.102', 'admin', 1),
('2016-06-14 00:09:31', 'ghostbuster', 'cron start', 0, '16-06-14', '89.184.78.102', 'admin', 1),
('2016-06-14 00:09:31', 'ghostbuster', 'cron end', 0, '16-06-14', '89.184.78.102', 'admin', 1),
('2016-06-14 01:10:15', 'ghostbuster', 'cron start', 0, '16-06-14', '89.184.78.102', 'admin', 1),
('2016-06-14 01:10:15', 'ghostbuster', 'cron end', 0, '16-06-14', '89.184.78.102', 'admin', 1),
('2016-06-14 07:04:26', 'ghostbuster', 'cron start', 0, '16-06-14', '89.184.78.102', 'admin', 1),
('2016-06-14 07:04:26', 'ghostbuster', 'cron end', 0, '16-06-14', '89.184.78.102', 'admin', 1),
('2016-06-14 08:05:52', 'ghostbuster', 'cron start', 0, '16-06-14', '89.184.78.102', 'admin', 1),
('2016-06-14 08:05:52', 'ghostbuster', 'cron end', 0, '16-06-14', '89.184.78.102', 'admin', 1),
('2016-06-14 10:09:38', 'ghostbuster', 'cron start', 0, '16-06-14', '89.184.78.102', 'admin', 1),
('2016-06-14 10:09:38', 'ghostbuster', 'cron end', 0, '16-06-14', '89.184.78.102', 'admin', 1),
('2016-06-14 11:53:05', 'ghostbuster', 'cron start', 0, '16-06-14', '89.184.78.102', 'admin', 1),
('2016-06-14 11:53:05', 'ghostbuster', 'cron end', 0, '16-06-14', '89.184.78.102', 'admin', 1),
('2016-06-14 15:00:54', 'ghostbuster', 'cron start', 0, '16-06-14', '89.184.78.102', 'admin', 1),
('2016-06-14 15:00:54', 'ghostbuster', 'cron end', 0, '16-06-14', '89.184.78.102', 'admin', 1),
('2016-06-14 16:01:04', 'ghostbuster', 'cron start', 0, '16-06-14', '89.184.78.102', 'admin', 1),
('2016-06-14 16:01:04', 'ghostbuster', 'cron end', 0, '16-06-14', '89.184.78.102', 'admin', 1),
('2016-06-14 17:01:29', 'ghostbuster', 'cron start', 0, '16-06-14', '89.184.78.102', 'admin', 1),
('2016-06-14 17:01:29', 'ghostbuster', 'cron end', 0, '16-06-14', '89.184.78.102', 'admin', 1),
('2016-06-14 18:02:52', 'ghostbuster', 'cron start', 0, '16-06-14', '89.184.78.102', 'admin', 1),
('2016-06-14 18:02:52', 'ghostbuster', 'cron end', 0, '16-06-14', '89.184.78.102', 'admin', 1),
('2016-06-14 19:46:27', 'ghostbuster', 'cron start', 0, '16-06-14', '89.184.78.102', 'admin', 1),
('2016-06-14 19:46:27', 'ghostbuster', 'cron end', 0, '16-06-14', '89.184.78.102', 'admin', 1),
('2016-06-14 23:03:45', 'ghostbuster', 'cron start', 0, '16-06-14', '89.184.78.102', 'admin', 1),
('2016-06-14 23:03:45', 'ghostbuster', 'cron end', 0, '16-06-14', '89.184.78.102', 'admin', 1),
('2016-06-15 01:18:00', 'ghostbuster', 'cron start', 0, '16-06-15', '89.184.78.102', 'admin', 1),
('2016-06-15 01:18:00', 'ghostbuster', 'cron end', 0, '16-06-15', '89.184.78.102', 'admin', 1),
('2016-06-15 05:58:58', 'ghostbuster', 'cron start', 0, '16-06-15', '89.184.78.102', 'admin', 1),
('2016-06-15 05:58:58', 'ghostbuster', 'cron end', 0, '16-06-15', '89.184.78.102', 'admin', 1),
('2016-06-15 09:49:09', 'ghostbuster', 'cron start', 0, '16-06-15', '89.184.78.102', 'admin', 1),
('2016-06-15 09:49:09', 'ghostbuster', 'cron end', 0, '16-06-15', '89.184.78.102', 'admin', 1),
('2016-06-15 12:30:56', 'ghostbuster', 'cron start', 0, '16-06-15', '89.184.78.102', 'admin', 1),
('2016-06-15 12:30:56', 'ghostbuster', 'cron end', 0, '16-06-15', '89.184.78.102', 'admin', 1),
('2016-06-15 18:25:52', 'ghostbuster', 'cron start', 0, '16-06-15', '89.184.78.102', 'admin', 1),
('2016-06-15 18:25:52', 'ghostbuster', 'cron end', 0, '16-06-15', '89.184.78.102', 'admin', 1),
('2016-06-15 20:15:28', 'ghostbuster', 'cron start', 0, '16-06-15', '89.184.78.102', 'admin', 1),
('2016-06-15 20:15:28', 'ghostbuster', 'cron end', 0, '16-06-15', '89.184.78.102', 'admin', 1),
('2016-06-15 21:43:09', 'ghostbuster', 'cron start', 0, '16-06-15', '89.184.78.102', 'admin', 1),
('2016-06-15 21:43:09', 'ghostbuster', 'cron end', 0, '16-06-15', '89.184.78.102', 'admin', 1),
('2016-06-15 22:43:34', 'ghostbuster', 'cron start', 0, '16-06-15', '89.184.78.102', 'admin', 1),
('2016-06-15 22:43:34', 'ghostbuster', 'cron end', 0, '16-06-15', '89.184.78.102', 'admin', 1),
('2016-06-15 23:45:32', 'ghostbuster', 'cron start', 0, '16-06-15', '89.184.78.102', 'admin', 1),
('2016-06-15 23:45:32', 'ghostbuster', 'cron end', 0, '16-06-15', '89.184.78.102', 'admin', 1),
('2016-06-16 08:03:37', 'ghostbuster', 'cron start', 0, '16-06-16', '89.184.78.102', 'admin', 1),
('2016-06-16 08:03:37', 'ghostbuster', 'cron end', 0, '16-06-16', '89.184.78.102', 'admin', 1),
('2016-06-16 09:04:23', 'ghostbuster', 'cron start', 0, '16-06-16', '89.184.78.102', 'admin', 1),
('2016-06-16 09:04:23', 'ghostbuster', 'cron end', 0, '16-06-16', '89.184.78.102', 'admin', 1),
('2016-06-16 10:07:25', 'ghostbuster', 'cron start', 0, '16-06-16', '89.184.78.102', 'admin', 1),
('2016-06-16 10:07:25', 'ghostbuster', 'cron end', 0, '16-06-16', '89.184.78.102', 'admin', 1),
('2016-06-16 12:49:25', 'ghostbuster', 'cron start', 0, '16-06-16', '89.184.78.102', 'admin', 1),
('2016-06-16 12:49:25', 'ghostbuster', 'cron end', 0, '16-06-16', '89.184.78.102', 'admin', 1),
('2016-06-16 14:22:42', 'ghostbuster', 'cron start', 0, '16-06-16', '89.184.78.102', 'admin', 1),
('2016-06-16 14:22:42', 'ghostbuster', 'cron end', 0, '16-06-16', '89.184.78.102', 'admin', 1),
('2016-06-16 15:22:54', 'ghostbuster', 'cron start', 0, '16-06-16', '89.184.78.102', 'admin', 1),
('2016-06-16 15:22:54', 'ghostbuster', 'cron end', 0, '16-06-16', '89.184.78.102', 'admin', 1),
('2016-06-16 16:22:55', 'ghostbuster', 'cron start', 0, '16-06-16', '89.184.78.102', 'admin', 1),
('2016-06-16 16:22:55', 'ghostbuster', 'cron end', 0, '16-06-16', '89.184.78.102', 'admin', 1),
('2016-06-16 17:22:58', 'ghostbuster', 'cron start', 0, '16-06-16', '89.184.78.102', 'admin', 1),
('2016-06-16 17:22:58', 'ghostbuster', 'cron end', 0, '16-06-16', '89.184.78.102', 'admin', 1),
('2016-06-16 18:23:26', 'ghostbuster', 'cron start', 0, '16-06-16', '89.184.78.102', 'admin', 1),
('2016-06-16 18:23:26', 'ghostbuster', 'cron end', 0, '16-06-16', '89.184.78.102', 'admin', 1),
('2016-06-16 19:53:09', 'ghostbuster', 'cron start', 0, '16-06-16', '89.184.78.102', 'admin', 1),
('2016-06-16 19:53:09', 'ghostbuster', 'cron end', 0, '16-06-16', '89.184.78.102', 'admin', 1),
('2016-06-16 22:25:07', 'ghostbuster', 'cron start', 0, '16-06-16', '89.184.78.102', 'admin', 1),
('2016-06-16 22:25:07', 'ghostbuster', 'cron end', 0, '16-06-16', '89.184.78.102', 'admin', 1),
('2016-06-17 13:36:00', 'ghostbuster', 'cron start', 0, '16-06-17', '89.184.78.102', 'admin', 1),
('2016-06-17 13:36:00', 'ghostbuster', 'cron end', 0, '16-06-17', '89.184.78.102', 'admin', 1),
('2016-06-17 19:10:16', 'ghostbuster', 'cron start', 0, '16-06-17', '89.184.78.102', 'admin', 1),
('2016-06-17 19:10:16', 'ghostbuster', 'cron end', 0, '16-06-17', '89.184.78.102', 'admin', 1),
('2016-06-19 09:23:33', 'ghostbuster', 'cron start', 0, '16-06-19', '89.184.78.102', 'admin', 1),
('2016-06-19 09:23:33', 'ghostbuster', 'cron end', 0, '16-06-19', '89.184.78.102', 'admin', 1),
('2016-06-19 10:25:31', 'ghostbuster', 'cron start', 0, '16-06-19', '89.184.78.102', 'admin', 1),
('2016-06-19 10:25:31', 'ghostbuster', 'cron end', 0, '16-06-19', '89.184.78.102', 'admin', 1),
('2016-06-19 11:25:34', 'ghostbuster', 'cron start', 0, '16-06-19', '89.184.78.102', 'admin', 1),
('2016-06-19 11:25:34', 'ghostbuster', 'cron end', 0, '16-06-19', '89.184.78.102', 'admin', 1),
('2016-06-19 14:08:51', 'ghostbuster', 'cron start', 0, '16-06-19', '89.184.78.102', 'admin', 1),
('2016-06-19 14:08:51', 'ghostbuster', 'cron end', 0, '16-06-19', '89.184.78.102', 'admin', 1),
('2016-06-19 17:58:19', 'ghostbuster', 'cron start', 0, '16-06-19', '89.184.78.102', 'admin', 1),
('2016-06-19 17:58:19', 'ghostbuster', 'cron end', 0, '16-06-19', '89.184.78.102', 'admin', 1),
('2016-06-19 20:41:02', 'ghostbuster', 'cron start', 0, '16-06-19', '89.184.78.102', 'admin', 1),
('2016-06-19 20:41:02', 'ghostbuster', 'cron end', 0, '16-06-19', '89.184.78.102', 'admin', 1),
('2016-06-19 22:22:12', 'ghostbuster', 'cron start', 0, '16-06-19', '89.184.78.102', 'admin', 1),
('2016-06-19 22:22:12', 'ghostbuster', 'cron end', 0, '16-06-19', '89.184.78.102', 'admin', 1),
('2016-06-19 23:36:31', 'ghostbuster', 'cron start', 0, '16-06-19', '89.184.78.102', 'admin', 1),
('2016-06-19 23:36:31', 'ghostbuster', 'cron end', 0, '16-06-19', '89.184.78.102', 'admin', 1),
('2016-06-20 23:10:43', 'ghostbuster', 'cron start', 0, '16-06-20', '89.184.78.102', 'admin', 1),
('2016-06-20 23:10:43', 'ghostbuster', 'cron end', 0, '16-06-20', '89.184.78.102', 'admin', 1),
('2016-06-24 07:06:41', 'ghostbuster', 'cron start', 0, '16-06-24', '89.184.78.102', 'admin', 1),
('2016-06-24 07:06:41', 'ghostbuster', 'cron end', 0, '16-06-24', '89.184.78.102', 'admin', 1),
('2016-06-24 11:49:01', 'ghostbuster', 'cron start', 0, '16-06-24', '89.184.78.102', 'admin', 1),
('2016-06-24 11:49:01', 'ghostbuster', 'cron end', 0, '16-06-24', '89.184.78.102', 'admin', 1),
('2016-06-25 09:14:19', 'ghostbuster', 'cron start', 0, '16-06-25', '89.184.78.102', 'admin', 1),
('2016-06-25 09:14:19', 'ghostbuster', 'cron end', 0, '16-06-25', '89.184.78.102', 'admin', 1),
('2016-06-25 22:40:37', 'ghostbuster', 'cron start', 0, '16-06-25', '89.184.78.102', 'admin', 1),
('2016-06-25 22:40:37', 'ghostbuster', 'cron end', 0, '16-06-25', '89.184.78.102', 'admin', 1),
('2016-06-30 01:29:08', 'ghostbuster', 'cron start', 0, '16-06-30', '89.184.78.102', 'admin', 1),
('2016-06-30 01:29:08', 'ghostbuster', 'cron end', 0, '16-06-30', '89.184.78.102', 'admin', 1),
('2016-06-30 08:18:34', 'ghostbuster', 'cron start', 0, '16-06-30', '89.184.78.102', 'admin', 1),
('2016-06-30 08:18:34', 'ghostbuster', 'cron end', 0, '16-06-30', '89.184.78.102', 'admin', 1),
('2016-07-03 20:52:38', 'ghostbuster', 'cron start', 0, '16-07-03', '89.184.78.102', 'admin', 1),
('2016-07-03 20:52:39', 'ghostbuster', 'cron end', 0, '16-07-03', '89.184.78.102', 'admin', 1),
('2016-07-24 17:01:16', 'ghostbuster', 'cron start', 0, '16-07-24', '89.184.78.102', 'admin', 1),
('2016-07-24 17:01:16', 'ghostbuster', 'cron end', 0, '16-07-24', '89.184.78.102', 'admin', 1),
('2016-07-24 18:59:23', 'ghostbuster', 'cron start', 0, '16-07-24', '89.184.78.102', 'admin', 1),
('2016-07-24 18:59:23', 'ghostbuster', 'cron end', 0, '16-07-24', '89.184.78.102', 'admin', 1),
('2016-07-24 23:13:21', 'ghostbuster', 'cron start', 0, '16-07-24', '89.184.78.102', 'admin', 1),
('2016-07-24 23:13:21', 'ghostbuster', 'cron end', 0, '16-07-24', '89.184.78.102', 'admin', 1),
('2016-07-25 03:20:38', 'ghostbuster', 'cron start', 0, '16-07-25', '89.184.78.102', 'admin', 1),
('2016-07-25 03:20:38', 'ghostbuster', 'cron end', 0, '16-07-25', '89.184.78.102', 'admin', 1),
('2016-07-25 09:27:52', 'ghostbuster', 'cron start', 0, '16-07-25', '89.184.78.102', 'admin', 1),
('2016-07-25 09:27:52', 'ghostbuster', 'cron end', 0, '16-07-25', '89.184.78.102', 'admin', 1),
('2016-07-25 21:35:08', 'ghostbuster', 'cron start', 0, '16-07-25', '89.184.78.102', 'admin', 1),
('2016-07-25 21:35:08', 'ghostbuster', 'cron end', 0, '16-07-25', '89.184.78.102', 'admin', 1),
('2016-07-26 07:13:32', 'ghostbuster', 'cron start', 0, '16-07-26', '89.184.78.102', 'admin', 1),
('2016-07-26 07:13:32', 'ghostbuster', 'cron end', 0, '16-07-26', '89.184.78.102', 'admin', 1),
('2016-07-26 11:15:36', 'ghostbuster', 'cron start', 0, '16-07-26', '89.184.78.102', 'admin', 1),
('2016-07-26 11:15:36', 'ghostbuster', 'cron end', 0, '16-07-26', '89.184.78.102', 'admin', 1),
('2016-07-26 13:27:47', 'ghostbuster', 'cron start', 0, '16-07-26', '89.184.78.102', 'admin', 1),
('2016-07-26 13:27:47', 'ghostbuster', 'cron end', 0, '16-07-26', '89.184.78.102', 'admin', 1),
('2016-07-26 16:48:15', 'ghostbuster', 'cron start', 0, '16-07-26', '89.184.78.102', 'admin', 1),
('2016-07-26 16:48:15', 'ghostbuster', 'cron end', 0, '16-07-26', '89.184.78.102', 'admin', 1),
('2016-07-27 14:12:18', 'ghostbuster', 'cron start', 0, '16-07-27', '89.184.78.102', 'admin', 1),
('2016-07-27 14:12:18', 'ghostbuster', 'cron end', 0, '16-07-27', '89.184.78.102', 'admin', 1),
('2016-07-28 00:04:53', 'ghostbuster', 'cron start', 0, '16-07-28', '89.184.78.102', 'admin', 1),
('2016-07-28 00:04:53', 'ghostbuster', 'cron end', 0, '16-07-28', '89.184.78.102', 'admin', 1),
('2016-07-28 03:07:21', 'ghostbuster', 'cron start', 0, '16-07-28', '89.184.78.102', 'admin', 1),
('2016-07-28 03:07:21', 'ghostbuster', 'cron end', 0, '16-07-28', '89.184.78.102', 'admin', 1),
('2016-07-28 05:34:45', 'ghostbuster', 'cron start', 0, '16-07-28', '89.184.78.102', 'admin', 1),
('2016-07-28 05:34:45', 'ghostbuster', 'cron end', 0, '16-07-28', '89.184.78.102', 'admin', 1),
('2016-07-28 08:39:21', 'ghostbuster', 'cron start', 0, '16-07-28', '89.184.78.102', 'admin', 1),
('2016-07-28 08:39:21', 'ghostbuster', 'cron end', 0, '16-07-28', '89.184.78.102', 'admin', 1),
('2016-07-28 10:45:21', 'ghostbuster', 'cron start', 0, '16-07-28', '89.184.78.102', 'admin', 1),
('2016-07-28 10:45:21', 'ghostbuster', 'cron end', 0, '16-07-28', '89.184.78.102', 'admin', 1),
('2016-07-28 18:07:31', 'ghostbuster', 'cron start', 0, '16-07-28', '89.184.78.102', 'admin', 1),
('2016-07-28 18:07:31', 'ghostbuster', 'cron end', 0, '16-07-28', '89.184.78.102', 'admin', 1),
('2016-07-29 02:01:16', 'ghostbuster', 'cron start', 0, '16-07-29', '89.184.78.102', 'admin', 1),
('2016-07-29 02:01:16', 'ghostbuster', 'cron end', 0, '16-07-29', '89.184.78.102', 'admin', 1),
('2016-07-29 03:18:43', 'ghostbuster', 'cron start', 0, '16-07-29', '89.184.78.102', 'admin', 1),
('2016-07-29 03:18:43', 'ghostbuster', 'cron end', 0, '16-07-29', '89.184.78.102', 'admin', 1),
('2016-07-29 09:34:54', 'ghostbuster', 'cron start', 0, '16-07-29', '89.184.78.102', 'admin', 1),
('2016-07-29 09:34:54', 'ghostbuster', 'cron end', 0, '16-07-29', '89.184.78.102', 'admin', 1),
('2016-07-29 11:31:59', 'ghostbuster', 'cron start', 0, '16-07-29', '89.184.78.102', 'admin', 1),
('2016-07-29 11:31:59', 'ghostbuster', 'cron end', 0, '16-07-29', '89.184.78.102', 'admin', 1),
('2016-07-29 12:35:02', 'ghostbuster', 'cron start', 0, '16-07-29', '89.184.78.102', 'admin', 1),
('2016-07-29 12:35:02', 'ghostbuster', 'cron end', 0, '16-07-29', '89.184.78.102', 'admin', 1),
('2016-07-29 14:43:04', 'ghostbuster', 'cron start', 0, '16-07-29', '89.184.78.102', 'admin', 1),
('2016-07-29 14:43:04', 'ghostbuster', 'cron end', 0, '16-07-29', '89.184.78.102', 'admin', 1),
('2016-07-29 17:23:10', 'ghostbuster', 'cron start', 0, '16-07-29', '89.184.78.102', 'admin', 1),
('2016-07-29 17:23:10', 'ghostbuster', 'cron end', 0, '16-07-29', '89.184.78.102', 'admin', 1),
('2016-08-01 01:24:12', 'user', 'add', 11, 'josephine.lamble@seohalal.com', '104.202.239.121', 'user', 11),
('2016-08-01 21:38:27', 'ghostbuster', 'cron start', 0, '16-08-01', '89.184.78.102', 'admin', 1),
('2016-08-01 21:38:27', 'ghostbuster', 'cron end', 0, '16-08-01', '89.184.78.102', 'admin', 1),
('2016-08-01 22:55:59', 'ghostbuster', 'cron start', 0, '16-08-01', '89.184.78.102', 'admin', 1),
('2016-08-01 22:55:59', 'ghostbuster', 'cron end', 0, '16-08-01', '89.184.78.102', 'admin', 1),
('2016-08-09 15:00:11', 'ghostbuster', 'cron start', 0, '16-08-09', '89.184.78.102', 'admin', 1),
('2016-08-09 15:00:11', 'ghostbuster', 'cron end', 0, '16-08-09', '89.184.78.102', 'admin', 1),
('2016-08-11 00:20:49', 'ghostbuster', 'cron start', 0, '16-08-11', '89.184.78.102', 'admin', 1),
('2016-08-11 00:20:49', 'ghostbuster', 'cron end', 0, '16-08-11', '89.184.78.102', 'admin', 1),
('2016-08-16 17:30:02', 'ghostbuster', 'cron start', 0, '16-08-16', '89.184.78.102', 'admin', 1),
('2016-08-16 17:30:03', 'ghostbuster', 'cron end', 0, '16-08-16', '89.184.78.102', 'admin', 1),
('2016-08-17 11:08:30', 'ghostbuster', 'cron start', 0, '16-08-17', '89.184.78.102', 'admin', 1),
('2016-08-17 11:08:30', 'ghostbuster', 'cron end', 0, '16-08-17', '89.184.78.102', 'admin', 1),
('2016-08-17 15:24:43', 'ghostbuster', 'cron start', 0, '16-08-17', '89.184.78.102', 'admin', 1),
('2016-08-17 15:24:43', 'ghostbuster', 'cron end', 0, '16-08-17', '89.184.78.102', 'admin', 1),
('2016-08-17 19:28:58', 'ghostbuster', 'cron start', 0, '16-08-17', '89.184.78.102', 'admin', 1),
('2016-08-17 19:28:58', 'ghostbuster', 'cron end', 0, '16-08-17', '89.184.78.102', 'admin', 1),
('2016-08-17 22:47:32', 'ghostbuster', 'cron start', 0, '16-08-17', '89.184.78.102', 'admin', 1),
('2016-08-17 22:47:32', 'ghostbuster', 'cron end', 0, '16-08-17', '89.184.78.102', 'admin', 1),
('2016-08-18 05:34:22', 'ghostbuster', 'cron start', 0, '16-08-18', '89.184.78.102', 'admin', 1),
('2016-08-18 05:34:22', 'ghostbuster', 'cron end', 0, '16-08-18', '89.184.78.102', 'admin', 1),
('2016-08-21 15:16:17', 'ghostbuster', 'cron start', 0, '16-08-21', '89.184.78.102', 'admin', 1),
('2016-08-21 15:16:17', 'ghostbuster', 'cron end', 0, '16-08-21', '89.184.78.102', 'admin', 1),
('2016-08-22 22:14:17', 'ghostbuster', 'cron start', 0, '16-08-22', '89.184.78.102', 'admin', 1),
('2016-08-22 22:14:17', 'ghostbuster', 'cron end', 0, '16-08-22', '89.184.78.102', 'admin', 1),
('2016-08-25 16:28:20', 'ghostbuster', 'cron start', 0, '16-08-25', '89.184.78.102', 'admin', 1),
('2016-08-25 16:28:20', 'ghostbuster', 'cron end', 0, '16-08-25', '89.184.78.102', 'admin', 1),
('2016-08-25 19:35:49', 'ghostbuster', 'cron start', 0, '16-08-25', '89.184.78.102', 'admin', 1),
('2016-08-25 19:35:49', 'ghostbuster', 'cron end', 0, '16-08-25', '89.184.78.102', 'admin', 1),
('2016-08-27 12:08:17', 'user', 'add', 12, 'mirna.juares@ozost.com', '78.58.143.166', 'user', 12),
('2016-08-27 14:15:21', 'ghostbuster', 'cron start', 0, '16-08-27', '89.184.78.102', 'admin', 1),
('2016-08-27 14:15:21', 'ghostbuster', 'cron end', 0, '16-08-27', '89.184.78.102', 'admin', 1),
('2016-08-27 16:07:15', 'ghostbuster', 'cron start', 0, '16-08-27', '89.184.78.102', 'admin', 1),
('2016-08-27 16:07:15', 'ghostbuster', 'cron end', 0, '16-08-27', '89.184.78.102', 'admin', 1),
('2016-08-27 18:31:21', 'ghostbuster', 'cron start', 0, '16-08-27', '89.184.78.102', 'admin', 1),
('2016-08-27 18:31:21', 'ghostbuster', 'cron end', 0, '16-08-27', '89.184.78.102', 'admin', 1),
('2016-08-28 06:46:45', 'user', 'add', 13, 'patricio@centroblogger.com.ar', '93.118.75.234', 'user', 13),
('2016-08-29 02:21:20', 'ghostbuster', 'cron start', 0, '16-08-29', '89.184.78.102', 'admin', 1),
('2016-08-29 02:21:20', 'ghostbuster', 'cron end', 0, '16-08-29', '89.184.78.102', 'admin', 1),
('2016-08-30 09:19:48', 'user', 'add', 14, 'marlyn@e.mylittlepony.website', '23.95.47.142', 'user', 14),
('2016-08-30 10:00:47', 'ghostbuster', 'cron start', 0, '16-08-30', '89.184.78.102', 'admin', 1),
('2016-08-30 10:00:47', 'ghostbuster', 'cron end', 0, '16-08-30', '89.184.78.102', 'admin', 1),
('2016-08-30 21:38:31', 'ghostbuster', 'cron start', 0, '16-08-30', '89.184.78.102', 'admin', 1),
('2016-08-30 21:38:31', 'ghostbuster', 'cron end', 0, '16-08-30', '89.184.78.102', 'admin', 1),
('2016-08-30 21:56:15', 'item', 'add', 59, '', '130.180.210.245', 'user', 2),
('2016-08-30 21:58:47', 'item', 'edit', 59, '', '130.180.210.245', 'user', 2),
('2016-08-30 22:03:15', 'itemActions', 'deleteResourcesFromHD', 59, '59', '130.180.210.245', 'user', 2),
('2016-08-30 22:03:15', 'itemActions', 'deleteResourcesFromHD', 59, '0', '130.180.210.245', 'user', 2),
('2016-08-30 22:03:15', 'item', 'delete', 59, 'Продам окунька по себестоимости', '130.180.210.245', 'user', 2),
('2016-08-30 22:03:15', 'Item', 'deleteResourcesFromHD', 59, '59', '130.180.210.245', 'user', 2),
('2016-08-30 22:03:15', 'Item', 'deleteResourcesFromHD', 59, '0', '130.180.210.245', 'user', 2),
('2016-08-31 14:36:59', 'ghostbuster', 'cron start', 0, '16-08-31', '89.184.78.102', 'admin', 1),
('2016-08-31 14:36:59', 'ghostbuster', 'cron end', 0, '16-08-31', '89.184.78.102', 'admin', 1),
('2016-08-31 18:28:10', 'ghostbuster', 'cron start', 0, '16-08-31', '89.184.78.102', 'admin', 1),
('2016-08-31 18:28:10', 'ghostbuster', 'cron end', 0, '16-08-31', '89.184.78.102', 'admin', 1),
('2016-09-02 14:40:06', 'ghostbuster', 'cron start', 0, '16-09-02', '89.184.78.102', 'admin', 1),
('2016-09-02 14:40:06', 'ghostbuster', 'cron end', 0, '16-09-02', '89.184.78.102', 'admin', 1),
('2016-09-02 17:51:59', 'ghostbuster', 'cron start', 0, '16-09-02', '89.184.78.102', 'admin', 1),
('2016-09-02 17:51:59', 'ghostbuster', 'cron end', 0, '16-09-02', '89.184.78.102', 'admin', 1),
('2016-09-03 12:14:42', 'ghostbuster', 'cron start', 0, '16-09-03', '89.184.78.102', 'admin', 1),
('2016-09-03 12:14:42', 'ghostbuster', 'cron end', 0, '16-09-03', '89.184.78.102', 'admin', 1),
('2016-09-03 12:51:00', 'item', 'delete resource', 28, '28', '130.180.211.125', 'user', 2),
('2016-09-03 12:51:00', 'item', 'delete resource backtrace', 28, '#0 osc_deleteResource called@ [/var/www/porukam/porukam.kiev.ua/oc-includes/osclass/controller/ajax.php:146] / #1 doModel called@ [/var/www/porukam/porukam.kiev.ua/index.php:117] / ', '130.180.211.125', 'user', 2),
('2016-09-03 12:51:00', 'ajax', 'deleteimage', 28, '28', '130.180.211.125', 'user', 2),
('2016-09-03 13:14:11', 'ghostbuster', 'cron start', 0, '16-09-03', '89.184.78.102', 'admin', 1),
('2016-09-03 13:14:11', 'ghostbuster', 'cron end', 0, '16-09-03', '89.184.78.102', 'admin', 1),
('2016-09-03 14:14:18', 'ghostbuster', 'cron start', 0, '16-09-03', '89.184.78.102', 'admin', 1),
('2016-09-03 14:14:18', 'ghostbuster', 'cron end', 0, '16-09-03', '89.184.78.102', 'admin', 1),
('2016-09-03 15:14:23', 'ghostbuster', 'cron start', 0, '16-09-03', '89.184.78.102', 'admin', 1),
('2016-09-03 15:14:23', 'ghostbuster', 'cron end', 0, '16-09-03', '89.184.78.102', 'admin', 1),
('2016-09-05 13:53:03', 'ghostbuster', 'cron start', 0, '16-09-05', '89.184.78.102', 'admin', 1),
('2016-09-05 13:53:03', 'ghostbuster', 'cron end', 0, '16-09-05', '89.184.78.102', 'admin', 1),
('2016-09-05 14:45:06', 'item', 'edit', 54, 'item 1', '31.43.131.21', 'user', 10),
('2016-09-05 14:53:07', 'ghostbuster', 'cron start', 0, '16-09-05', '89.184.78.102', 'admin', 1),
('2016-09-05 14:53:07', 'ghostbuster', 'cron end', 0, '16-09-05', '89.184.78.102', 'admin', 1),
('2016-09-05 15:15:07', 'item', 'add', 60, '', '31.43.131.21', 'user', 2),
('2016-09-05 15:16:39', 'item', 'delete resource', 61, '61', '31.43.131.21', 'user', 2),
('2016-09-05 15:16:39', 'item', 'delete resource backtrace', 61, '#0 osc_deleteResource called@ [/var/www/porukam/porukam.kiev.ua/oc-includes/osclass/controller/ajax.php:146] / #1 doModel called@ [/var/www/porukam/porukam.kiev.ua/index.php:117] / ', '31.43.131.21', 'user', 2),
('2016-09-05 15:16:39', 'ajax', 'deleteimage', 61, '61', '31.43.131.21', 'user', 2),
('2016-09-05 15:16:41', 'item', 'delete resource', 62, '62', '31.43.131.21', 'user', 2),
('2016-09-05 15:16:41', 'item', 'delete resource backtrace', 62, '#0 osc_deleteResource called@ [/var/www/porukam/porukam.kiev.ua/oc-includes/osclass/controller/ajax.php:146] / #1 doModel called@ [/var/www/porukam/porukam.kiev.ua/index.php:117] / ', '31.43.131.21', 'user', 2),
('2016-09-05 15:16:41', 'ajax', 'deleteimage', 62, '62', '31.43.131.21', 'user', 2),
('2016-09-05 15:16:43', 'item', 'edit', 60, '', '31.43.131.21', 'user', 2),
('2016-09-05 15:21:33', 'item', 'delete resource', 63, '63', '31.43.131.21', 'user', 2),
('2016-09-05 15:21:33', 'item', 'delete resource backtrace', 63, '#0 osc_deleteResource called@ [/var/www/porukam/porukam.kiev.ua/oc-includes/osclass/controller/ajax.php:146] / #1 doModel called@ [/var/www/porukam/porukam.kiev.ua/index.php:117] / ', '31.43.131.21', 'user', 2),
('2016-09-05 15:21:33', 'ajax', 'deleteimage', 63, '63', '31.43.131.21', 'user', 2),
('2016-09-05 15:21:36', 'item', 'delete resource', 64, '64', '31.43.131.21', 'user', 2),
('2016-09-05 15:21:36', 'item', 'delete resource backtrace', 64, '#0 osc_deleteResource called@ [/var/www/porukam/porukam.kiev.ua/oc-includes/osclass/controller/ajax.php:146] / #1 doModel called@ [/var/www/porukam/porukam.kiev.ua/index.php:117] / ', '31.43.131.21', 'user', 2),
('2016-09-05 15:21:36', 'ajax', 'deleteimage', 64, '64', '31.43.131.21', 'user', 2),
('2016-09-05 15:21:55', 'item', 'edit', 60, '', '31.43.131.21', 'user', 2),
('2016-09-05 15:23:16', 'item', 'delete resource', 65, '65', '31.43.131.21', 'admin', 1),
('2016-09-05 15:23:16', 'item', 'delete resource backtrace', 65, '#0 osc_deleteResource called@ [/var/www/porukam/porukam.kiev.ua/oc-admin/media.php:68] / #1 doModel called@ [/var/www/porukam/porukam.kiev.ua/oc-admin/index.php:56] / ', '31.43.131.21', 'admin', 1),
('2016-09-05 15:23:16', 'media', 'delete', 65, '65', '31.43.131.21', 'admin', 1),
('2016-09-05 15:23:44', 'item', 'delete resource', 60, '60', '31.43.131.21', 'admin', 1),
('2016-09-05 15:23:44', 'item', 'delete resource backtrace', 60, '#0 osc_deleteResource called@ [/var/www/porukam/porukam.kiev.ua/oc-admin/media.php:68] / #1 doModel called@ [/var/www/porukam/porukam.kiev.ua/oc-admin/index.php:56] / ', '31.43.131.21', 'admin', 1),
('2016-09-05 15:23:44', 'media', 'delete', 60, '60', '31.43.131.21', 'admin', 1),
('2016-09-05 15:25:37', 'item', 'edit', 60, '', '31.43.131.21', 'user', 2),
('2016-09-05 15:27:20', 'item', 'edit', 60, 'Продам окуня', '31.43.131.21', 'user', 2),
('2016-09-05 15:28:02', 'item', 'delete resource', 66, '66', '31.43.131.21', 'user', 2),
('2016-09-05 15:28:02', 'item', 'delete resource backtrace', 66, '#0 osc_deleteResource called@ [/var/www/porukam/porukam.kiev.ua/oc-includes/osclass/controller/ajax.php:146] / #1 doModel called@ [/var/www/porukam/porukam.kiev.ua/index.php:117] / ', '31.43.131.21', 'user', 2),
('2016-09-05 15:28:02', 'ajax', 'deleteimage', 66, '66', '31.43.131.21', 'user', 2),
('2016-09-05 15:28:04', 'item', 'delete resource', 67, '67', '31.43.131.21', 'user', 2),
('2016-09-05 15:28:04', 'item', 'delete resource backtrace', 67, '#0 osc_deleteResource called@ [/var/www/porukam/porukam.kiev.ua/oc-includes/osclass/controller/ajax.php:146] / #1 doModel called@ [/var/www/porukam/porukam.kiev.ua/index.php:117] / ', '31.43.131.21', 'user', 2),
('2016-09-05 15:28:04', 'ajax', 'deleteimage', 67, '67', '31.43.131.21', 'user', 2),
('2016-09-05 15:28:05', 'item', 'edit', 60, 'Продам окуня', '31.43.131.21', 'user', 2),
('2016-09-05 15:28:26', 'item', 'edit', 60, 'Продам окуня', '31.43.131.21', 'user', 2),
('2016-09-05 15:28:51', 'item', 'edit', 60, 'Продам окуня', '31.43.131.21', 'user', 2),
('2016-09-05 15:30:36', 'item', 'edit', 60, 'Продам окуня', '31.43.131.21', 'user', 2),
('2016-09-05 15:35:46', 'item', 'edit', 60, 'Продам окуня', '31.43.131.21', 'user', 2),
('2016-09-05 16:02:56', 'ghostbuster', 'cron start', 0, '16-09-05', '89.184.78.102', 'admin', 1),
('2016-09-05 16:02:56', 'ghostbuster', 'cron end', 0, '16-09-05', '89.184.78.102', 'admin', 1),
('2016-09-05 17:32:59', 'ghostbuster', 'cron start', 0, '16-09-05', '89.184.78.102', 'admin', 1),
('2016-09-05 17:32:59', 'ghostbuster', 'cron end', 0, '16-09-05', '89.184.78.102', 'admin', 1),
('2016-09-05 19:34:36', 'ghostbuster', 'cron start', 0, '16-09-05', '89.184.78.102', 'admin', 1),
('2016-09-05 19:34:36', 'ghostbuster', 'cron end', 0, '16-09-05', '89.184.78.102', 'admin', 1),
('2016-09-05 20:34:55', 'ghostbuster', 'cron start', 0, '16-09-05', '89.184.78.102', 'admin', 1),
('2016-09-05 20:34:55', 'ghostbuster', 'cron end', 0, '16-09-05', '89.184.78.102', 'admin', 1),
('2016-09-06 18:59:17', 'ghostbuster', 'cron start', 0, '16-09-06', '89.184.78.102', 'admin', 1),
('2016-09-06 18:59:17', 'ghostbuster', 'cron end', 0, '16-09-06', '89.184.78.102', 'admin', 1),
('2016-09-16 11:00:54', 'ghostbuster', 'cron start', 0, '16-09-16', '89.184.78.102', 'admin', 1),
('2016-09-16 11:00:54', 'ghostbuster', 'cron end', 0, '16-09-16', '89.184.78.102', 'admin', 1),
('2016-09-16 12:10:49', 'ghostbuster', 'cron start', 0, '16-09-16', '89.184.78.102', 'admin', 1),
('2016-09-16 12:10:49', 'ghostbuster', 'cron end', 0, '16-09-16', '89.184.78.102', 'admin', 1),
('2016-09-16 15:28:10', 'ghostbuster', 'cron start', 0, '16-09-16', '89.184.78.102', 'admin', 1),
('2016-09-16 15:28:10', 'ghostbuster', 'cron end', 0, '16-09-16', '89.184.78.102', 'admin', 1),
('2016-09-17 08:08:11', 'ghostbuster', 'cron start', 0, '16-09-17', '89.184.78.102', 'admin', 1),
('2016-09-17 08:08:11', 'ghostbuster', 'cron end', 0, '16-09-17', '89.184.78.102', 'admin', 1),
('2016-09-18 01:48:57', 'ghostbuster', 'cron start', 0, '16-09-18', '89.184.78.102', 'admin', 1),
('2016-09-18 01:48:57', 'ghostbuster', 'cron end', 0, '16-09-18', '89.184.78.102', 'admin', 1),
('2016-09-30 20:41:32', 'ghostbuster', 'cron start', 0, '16-09-30', '89.184.78.102', 'admin', 1),
('2016-09-30 20:41:32', 'ghostbuster', 'cron end', 0, '16-09-30', '89.184.78.102', 'admin', 1),
('2016-09-30 22:31:06', 'ghostbuster', 'cron start', 0, '16-09-30', '89.184.78.102', 'admin', 1),
('2016-09-30 22:31:06', 'ghostbuster', 'cron end', 0, '16-09-30', '89.184.78.102', 'admin', 1),
('2016-10-01 02:01:42', 'ghostbuster', 'cron start', 0, '16-10-01', '89.184.78.102', 'admin', 1),
('2016-10-01 02:01:42', 'ghostbuster', 'cron end', 0, '16-10-01', '89.184.78.102', 'admin', 1),
('2016-10-01 07:57:04', 'ghostbuster', 'cron start', 0, '16-10-01', '89.184.78.102', 'admin', 1),
('2016-10-01 07:57:04', 'ghostbuster', 'cron end', 0, '16-10-01', '89.184.78.102', 'admin', 1),
('2016-10-01 10:36:58', 'ghostbuster', 'cron start', 0, '16-10-01', '89.184.78.102', 'admin', 1),
('2016-10-01 10:36:58', 'ghostbuster', 'cron end', 0, '16-10-01', '89.184.78.102', 'admin', 1),
('2016-10-11 02:45:35', 'ghostbuster', 'cron start', 0, '16-10-11', '89.184.78.102', 'admin', 1),
('2016-10-11 02:45:35', 'ghostbuster', 'cron end', 0, '16-10-11', '89.184.78.102', 'admin', 1),
('2016-10-30 12:54:51', 'ghostbuster', 'cron start', 0, '16-10-30', '89.184.78.102', 'admin', 1),
('2016-10-30 12:54:51', 'ghostbuster', 'cron end', 0, '16-10-30', '89.184.78.102', 'admin', 1),
('2016-11-01 15:53:56', 'ghostbuster', 'cron start', 0, '16-11-01', '89.184.78.102', 'admin', 1),
('2016-11-01 15:53:56', 'ghostbuster', 'cron end', 0, '16-11-01', '89.184.78.102', 'admin', 1),
('2016-11-01 16:55:47', 'ghostbuster', 'cron start', 0, '16-11-01', '89.184.78.102', 'admin', 1),
('2016-11-01 16:55:47', 'ghostbuster', 'cron end', 0, '16-11-01', '89.184.78.102', 'admin', 1),
('2016-11-03 12:01:25', 'ghostbuster', 'cron start', 0, '16-11-03', '89.184.78.102', 'admin', 1),
('2016-11-03 12:01:25', 'ghostbuster', 'cron end', 0, '16-11-03', '89.184.78.102', 'admin', 1),
('2016-11-03 13:01:46', 'ghostbuster', 'cron start', 0, '16-11-03', '89.184.78.102', 'admin', 1),
('2016-11-03 13:01:46', 'ghostbuster', 'cron end', 0, '16-11-03', '89.184.78.102', 'admin', 1),
('2016-11-03 14:02:16', 'ghostbuster', 'cron start', 0, '16-11-03', '89.184.78.102', 'admin', 1),
('2016-11-03 14:02:16', 'ghostbuster', 'cron end', 0, '16-11-03', '89.184.78.102', 'admin', 1),
('2016-11-03 15:03:52', 'ghostbuster', 'cron start', 0, '16-11-03', '89.184.78.102', 'admin', 1),
('2016-11-03 15:03:52', 'ghostbuster', 'cron end', 0, '16-11-03', '89.184.78.102', 'admin', 1),
('2016-11-03 16:04:14', 'ghostbuster', 'cron start', 0, '16-11-03', '89.184.78.102', 'admin', 1),
('2016-11-03 16:04:14', 'ghostbuster', 'cron end', 0, '16-11-03', '89.184.78.102', 'admin', 1),
('2016-11-03 21:20:02', 'ghostbuster', 'cron start', 0, '16-11-03', '89.184.78.102', 'admin', 1),
('2016-11-03 21:20:02', 'ghostbuster', 'cron end', 0, '16-11-03', '89.184.78.102', 'admin', 1),
('2016-11-07 10:11:45', 'ghostbuster', 'cron start', 0, '16-11-07', '89.184.78.102', 'admin', 1),
('2016-11-07 10:11:45', 'ghostbuster', 'cron end', 0, '16-11-07', '89.184.78.102', 'admin', 1),
('2016-11-08 16:20:09', 'ghostbuster', 'cron start', 0, '16-11-08', '89.184.78.102', 'admin', 1),
('2016-11-08 16:20:09', 'ghostbuster', 'cron end', 0, '16-11-08', '89.184.78.102', 'admin', 1),
('2016-11-09 14:30:34', 'ghostbuster', 'cron start', 0, '16-11-09', '89.184.78.102', 'admin', 1),
('2016-11-09 14:30:34', 'ghostbuster', 'cron end', 0, '16-11-09', '89.184.78.102', 'admin', 1),
('2016-11-09 15:30:54', 'ghostbuster', 'cron start', 0, '16-11-09', '89.184.78.102', 'admin', 1),
('2016-11-09 15:30:54', 'ghostbuster', 'cron end', 0, '16-11-09', '89.184.78.102', 'admin', 1),
('2016-11-09 16:30:54', 'ghostbuster', 'cron start', 0, '16-11-09', '89.184.78.102', 'admin', 1),
('2016-11-09 16:30:54', 'ghostbuster', 'cron end', 0, '16-11-09', '89.184.78.102', 'admin', 1),
('2016-11-09 17:15:07', 'user', 'add', 15, 'chitumbuwa@yahoo.com', '82.144.205.45', 'user', 15),
('2016-11-10 14:40:37', 'ghostbuster', 'cron start', 0, '16-11-10', '89.184.78.102', 'admin', 1),
('2016-11-10 14:40:37', 'ghostbuster', 'cron end', 0, '16-11-10', '89.184.78.102', 'admin', 1),
('2016-11-10 20:00:47', 'ghostbuster', 'cron start', 0, '16-11-10', '89.184.78.102', 'admin', 1),
('2016-11-10 20:00:47', 'ghostbuster', 'cron end', 0, '16-11-10', '89.184.78.102', 'admin', 1),
('2016-11-10 21:48:35', 'ghostbuster', 'cron start', 0, '16-11-10', '89.184.78.102', 'admin', 1),
('2016-11-10 21:48:35', 'ghostbuster', 'cron end', 0, '16-11-10', '89.184.78.102', 'admin', 1),
('2016-11-11 09:24:54', 'ghostbuster', 'cron start', 0, '16-11-11', '89.184.78.102', 'admin', 1),
('2016-11-11 09:24:54', 'ghostbuster', 'cron end', 0, '16-11-11', '89.184.78.102', 'admin', 1),
('2016-11-11 14:42:51', 'ghostbuster', 'cron start', 0, '16-11-11', '89.184.78.102', 'admin', 1),
('2016-11-11 14:42:51', 'ghostbuster', 'cron end', 0, '16-11-11', '89.184.78.102', 'admin', 1),
('2016-11-11 15:42:54', 'ghostbuster', 'cron start', 0, '16-11-11', '89.184.78.102', 'admin', 1),
('2016-11-11 15:42:54', 'ghostbuster', 'cron end', 0, '16-11-11', '89.184.78.102', 'admin', 1),
('2016-11-11 19:50:00', 'ghostbuster', 'cron start', 0, '16-11-11', '89.184.78.102', 'admin', 1),
('2016-11-11 19:50:00', 'ghostbuster', 'cron end', 0, '16-11-11', '89.184.78.102', 'admin', 1),
('2016-11-11 23:44:12', 'ghostbuster', 'cron start', 0, '16-11-11', '89.184.78.102', 'admin', 1),
('2016-11-11 23:44:12', 'ghostbuster', 'cron end', 0, '16-11-11', '89.184.78.102', 'admin', 1),
('2016-11-12 00:46:46', 'ghostbuster', 'cron start', 0, '16-11-12', '89.184.78.102', 'admin', 1),
('2016-11-12 00:46:46', 'ghostbuster', 'cron end', 0, '16-11-12', '89.184.78.102', 'admin', 1),
('2016-11-12 08:53:39', 'ghostbuster', 'cron start', 0, '16-11-12', '89.184.78.102', 'admin', 1),
('2016-11-12 08:53:39', 'ghostbuster', 'cron end', 0, '16-11-12', '89.184.78.102', 'admin', 1),
('2016-11-12 09:53:49', 'ghostbuster', 'cron start', 0, '16-11-12', '89.184.78.102', 'admin', 1),
('2016-11-12 09:53:49', 'ghostbuster', 'cron end', 0, '16-11-12', '89.184.78.102', 'admin', 1),
('2016-11-12 10:53:56', 'ghostbuster', 'cron start', 0, '16-11-12', '89.184.78.102', 'admin', 1),
('2016-11-12 10:53:56', 'ghostbuster', 'cron end', 0, '16-11-12', '89.184.78.102', 'admin', 1),
('2016-11-12 11:57:15', 'ghostbuster', 'cron start', 0, '16-11-12', '89.184.78.102', 'admin', 1),
('2016-11-12 11:57:15', 'ghostbuster', 'cron end', 0, '16-11-12', '89.184.78.102', 'admin', 1),
('2016-11-12 12:57:22', 'ghostbuster', 'cron start', 0, '16-11-12', '89.184.78.102', 'admin', 1),
('2016-11-12 12:57:22', 'ghostbuster', 'cron end', 0, '16-11-12', '89.184.78.102', 'admin', 1),
('2016-11-12 13:57:42', 'ghostbuster', 'cron start', 0, '16-11-12', '89.184.78.102', 'admin', 1),
('2016-11-12 13:57:42', 'ghostbuster', 'cron end', 0, '16-11-12', '89.184.78.102', 'admin', 1),
('2016-11-12 16:03:08', 'ghostbuster', 'cron start', 0, '16-11-12', '89.184.78.102', 'admin', 1),
('2016-11-12 16:03:08', 'ghostbuster', 'cron end', 0, '16-11-12', '89.184.78.102', 'admin', 1),
('2016-11-12 18:15:17', 'ghostbuster', 'cron start', 0, '16-11-12', '89.184.78.102', 'admin', 1),
('2016-11-12 18:15:17', 'ghostbuster', 'cron end', 0, '16-11-12', '89.184.78.102', 'admin', 1),
('2016-11-12 19:57:26', 'ghostbuster', 'cron start', 0, '16-11-12', '89.184.78.102', 'admin', 1),
('2016-11-12 19:57:26', 'ghostbuster', 'cron end', 0, '16-11-12', '89.184.78.102', 'admin', 1),
('2016-11-12 20:57:38', 'ghostbuster', 'cron start', 0, '16-11-12', '89.184.78.102', 'admin', 1),
('2016-11-12 20:57:38', 'ghostbuster', 'cron end', 0, '16-11-12', '89.184.78.102', 'admin', 1),
('2016-11-12 21:59:22', 'ghostbuster', 'cron start', 0, '16-11-12', '89.184.78.102', 'admin', 1),
('2016-11-12 21:59:22', 'ghostbuster', 'cron end', 0, '16-11-12', '89.184.78.102', 'admin', 1),
('2016-11-12 23:00:05', 'ghostbuster', 'cron start', 0, '16-11-12', '89.184.78.102', 'admin', 1),
('2016-11-12 23:00:05', 'ghostbuster', 'cron end', 0, '16-11-12', '89.184.78.102', 'admin', 1),
('2016-11-13 01:53:25', 'ghostbuster', 'cron start', 0, '16-11-13', '89.184.78.102', 'admin', 1),
('2016-11-13 01:53:25', 'ghostbuster', 'cron end', 0, '16-11-13', '89.184.78.102', 'admin', 1),
('2016-11-13 15:52:02', 'ghostbuster', 'cron start', 0, '16-11-13', '89.184.78.102', 'admin', 1),
('2016-11-13 15:52:02', 'ghostbuster', 'cron end', 0, '16-11-13', '89.184.78.102', 'admin', 1),
('2016-11-16 12:25:01', 'ghostbuster', 'cron start', 0, '16-11-16', '89.184.78.102', 'admin', 1),
('2016-11-16 12:25:01', 'ghostbuster', 'cron end', 0, '16-11-16', '89.184.78.102', 'admin', 1),
('2016-11-16 14:25:04', 'ghostbuster', 'cron start', 0, '16-11-16', '89.184.78.102', 'admin', 1),
('2016-11-16 14:25:04', 'ghostbuster', 'cron end', 0, '16-11-16', '89.184.78.102', 'admin', 1),
('2016-11-16 15:25:05', 'ghostbuster', 'cron start', 0, '16-11-16', '89.184.78.102', 'admin', 1),
('2016-11-16 15:25:05', 'ghostbuster', 'cron end', 0, '16-11-16', '89.184.78.102', 'admin', 1),
('2016-11-16 16:25:06', 'ghostbuster', 'cron start', 0, '16-11-16', '89.184.78.102', 'admin', 1),
('2016-11-16 16:25:06', 'ghostbuster', 'cron end', 0, '16-11-16', '89.184.78.102', 'admin', 1),
('2016-11-16 16:32:16', 'item', 'add', 61, 'App for sale', '82.144.205.45', 'user', 7),
('2016-11-16 17:25:26', 'ghostbuster', 'cron start', 0, '16-11-16', '89.184.78.102', 'admin', 1),
('2016-11-16 17:25:26', 'ghostbuster', 'cron end', 0, '16-11-16', '89.184.78.102', 'admin', 1),
('2016-11-16 19:38:45', 'ghostbuster', 'cron start', 0, '16-11-16', '89.184.78.102', 'admin', 1);
INSERT INTO `oc_t_log` (`dt_date`, `s_section`, `s_action`, `fk_i_id`, `s_data`, `s_ip`, `s_who`, `fk_i_who_id`) VALUES
('2016-11-16 19:38:45', 'ghostbuster', 'cron end', 0, '16-11-16', '89.184.78.102', 'admin', 1),
('2016-11-16 21:18:19', 'ghostbuster', 'cron start', 0, '16-11-16', '89.184.78.102', 'admin', 1),
('2016-11-16 21:18:19', 'ghostbuster', 'cron end', 0, '16-11-16', '89.184.78.102', 'admin', 1),
('2016-11-17 12:42:09', 'ghostbuster', 'cron start', 0, '16-11-17', '89.184.78.102', 'admin', 1),
('2016-11-17 12:42:09', 'ghostbuster', 'cron end', 0, '16-11-17', '89.184.78.102', 'admin', 1),
('2016-11-18 01:57:17', 'ghostbuster', 'cron start', 0, '16-11-18', '89.184.78.102', 'admin', 1),
('2016-11-18 01:57:17', 'ghostbuster', 'cron end', 0, '16-11-18', '89.184.78.102', 'admin', 1),
('2016-11-18 12:42:24', 'ghostbuster', 'cron start', 0, '16-11-18', '89.184.78.102', 'admin', 1),
('2016-11-18 12:42:24', 'ghostbuster', 'cron end', 0, '16-11-18', '89.184.78.102', 'admin', 1),
('2016-11-18 15:19:22', 'ghostbuster', 'cron start', 0, '16-11-18', '89.184.78.102', 'admin', 1),
('2016-11-18 15:19:22', 'ghostbuster', 'cron end', 0, '16-11-18', '89.184.78.102', 'admin', 1),
('2016-11-18 16:37:55', 'ghostbuster', 'cron start', 0, '16-11-18', '89.184.78.102', 'admin', 1),
('2016-11-18 16:37:55', 'ghostbuster', 'cron end', 0, '16-11-18', '89.184.78.102', 'admin', 1),
('2016-11-18 19:06:18', 'ghostbuster', 'cron start', 0, '16-11-18', '89.184.78.102', 'admin', 1),
('2016-11-18 19:06:18', 'ghostbuster', 'cron end', 0, '16-11-18', '89.184.78.102', 'admin', 1),
('2016-11-19 12:43:44', 'ghostbuster', 'cron start', 0, '16-11-19', '89.184.78.102', 'admin', 1),
('2016-11-19 12:43:44', 'ghostbuster', 'cron end', 0, '16-11-19', '89.184.78.102', 'admin', 1),
('2016-11-19 17:20:19', 'ghostbuster', 'cron start', 0, '16-11-19', '89.184.78.102', 'admin', 1),
('2016-11-19 17:20:19', 'ghostbuster', 'cron end', 0, '16-11-19', '89.184.78.102', 'admin', 1),
('2016-11-20 03:00:25', 'ghostbuster', 'cron start', 0, '16-11-20', '89.184.78.102', 'admin', 1),
('2016-11-20 03:00:25', 'ghostbuster', 'cron end', 0, '16-11-20', '89.184.78.102', 'admin', 1),
('2016-11-20 13:55:08', 'ghostbuster', 'cron start', 0, '16-11-20', '89.184.78.102', 'admin', 1),
('2016-11-20 13:55:08', 'ghostbuster', 'cron end', 0, '16-11-20', '89.184.78.102', 'admin', 1),
('2016-11-21 08:03:32', 'ghostbuster', 'cron start', 0, '16-11-21', '89.184.78.102', 'admin', 1),
('2016-11-21 08:03:32', 'ghostbuster', 'cron end', 0, '16-11-21', '89.184.78.102', 'admin', 1),
('2016-11-21 15:06:53', 'ghostbuster', 'cron start', 0, '16-11-21', '89.184.78.102', 'admin', 1),
('2016-11-21 15:06:53', 'ghostbuster', 'cron end', 0, '16-11-21', '89.184.78.102', 'admin', 1),
('2016-11-22 15:11:30', 'ghostbuster', 'cron start', 0, '16-11-22', '89.184.78.102', 'admin', 1),
('2016-11-22 15:11:30', 'ghostbuster', 'cron end', 0, '16-11-22', '89.184.78.102', 'admin', 1),
('2016-11-22 17:19:17', 'ghostbuster', 'cron start', 0, '16-11-22', '89.184.78.102', 'admin', 1),
('2016-11-22 17:19:17', 'ghostbuster', 'cron end', 0, '16-11-22', '89.184.78.102', 'admin', 1),
('2016-11-23 12:11:59', 'ghostbuster', 'cron start', 0, '16-11-23', '89.184.78.102', 'admin', 1),
('2016-11-23 12:11:59', 'ghostbuster', 'cron end', 0, '16-11-23', '89.184.78.102', 'admin', 1),
('2016-11-23 15:13:35', 'ghostbuster', 'cron start', 0, '16-11-23', '89.184.78.102', 'admin', 1),
('2016-11-23 15:13:35', 'ghostbuster', 'cron end', 0, '16-11-23', '89.184.78.102', 'admin', 1),
('2016-11-23 16:24:52', 'ghostbuster', 'cron start', 0, '16-11-23', '89.184.78.102', 'admin', 1),
('2016-11-23 16:24:52', 'ghostbuster', 'cron end', 0, '16-11-23', '89.184.78.102', 'admin', 1),
('2016-11-23 17:25:03', 'ghostbuster', 'cron start', 0, '16-11-23', '89.184.78.102', 'admin', 1),
('2016-11-23 17:25:03', 'ghostbuster', 'cron end', 0, '16-11-23', '89.184.78.102', 'admin', 1),
('2016-11-23 18:25:05', 'ghostbuster', 'cron start', 0, '16-11-23', '89.184.78.102', 'admin', 1),
('2016-11-23 18:25:05', 'ghostbuster', 'cron end', 0, '16-11-23', '89.184.78.102', 'admin', 1),
('2016-11-23 19:52:21', 'ghostbuster', 'cron start', 0, '16-11-23', '89.184.78.102', 'admin', 1),
('2016-11-23 19:52:21', 'ghostbuster', 'cron end', 0, '16-11-23', '89.184.78.102', 'admin', 1),
('2016-11-23 22:20:51', 'ghostbuster', 'cron start', 0, '16-11-23', '89.184.78.102', 'admin', 1),
('2016-11-23 22:20:51', 'ghostbuster', 'cron end', 0, '16-11-23', '89.184.78.102', 'admin', 1),
('2016-11-23 23:20:55', 'ghostbuster', 'cron start', 0, '16-11-23', '89.184.78.102', 'admin', 1),
('2016-11-23 23:20:55', 'ghostbuster', 'cron end', 0, '16-11-23', '89.184.78.102', 'admin', 1),
('2016-11-24 01:33:07', 'ghostbuster', 'cron start', 0, '16-11-24', '89.184.78.102', 'admin', 1),
('2016-11-24 01:33:07', 'ghostbuster', 'cron end', 0, '16-11-24', '89.184.78.102', 'admin', 1),
('2016-11-24 13:25:04', 'ghostbuster', 'cron start', 0, '16-11-24', '89.184.78.102', 'admin', 1),
('2016-11-24 13:25:04', 'ghostbuster', 'cron end', 0, '16-11-24', '89.184.78.102', 'admin', 1),
('2016-11-24 15:35:09', 'ghostbuster', 'cron start', 0, '16-11-24', '89.184.78.102', 'admin', 1),
('2016-11-24 15:35:09', 'ghostbuster', 'cron end', 0, '16-11-24', '89.184.78.102', 'admin', 1),
('2016-11-24 16:35:37', 'ghostbuster', 'cron start', 0, '16-11-24', '89.184.78.102', 'admin', 1),
('2016-11-24 16:35:37', 'ghostbuster', 'cron end', 0, '16-11-24', '89.184.78.102', 'admin', 1),
('2016-11-24 17:35:51', 'ghostbuster', 'cron start', 0, '16-11-24', '89.184.78.102', 'admin', 1),
('2016-11-24 17:35:51', 'ghostbuster', 'cron end', 0, '16-11-24', '89.184.78.102', 'admin', 1),
('2016-11-24 18:49:47', 'ghostbuster', 'cron start', 0, '16-11-24', '89.184.78.102', 'admin', 1),
('2016-11-24 18:49:47', 'ghostbuster', 'cron end', 0, '16-11-24', '89.184.78.102', 'admin', 1),
('2016-11-24 19:51:07', 'ghostbuster', 'cron start', 0, '16-11-24', '89.184.78.102', 'admin', 1),
('2016-11-24 19:51:07', 'ghostbuster', 'cron end', 0, '16-11-24', '89.184.78.102', 'admin', 1),
('2016-11-24 23:26:38', 'ghostbuster', 'cron start', 0, '16-11-24', '89.184.78.102', 'admin', 1),
('2016-11-24 23:26:38', 'ghostbuster', 'cron end', 0, '16-11-24', '89.184.78.102', 'admin', 1),
('2016-11-25 06:28:23', 'ghostbuster', 'cron start', 0, '16-11-25', '89.184.78.102', 'admin', 1),
('2016-11-25 06:28:23', 'ghostbuster', 'cron end', 0, '16-11-25', '89.184.78.102', 'admin', 1),
('2016-11-25 16:51:39', 'ghostbuster', 'cron start', 0, '16-11-25', '89.184.78.102', 'admin', 1),
('2016-11-25 16:51:39', 'ghostbuster', 'cron end', 0, '16-11-25', '89.184.78.102', 'admin', 1),
('2016-11-25 21:00:14', 'ghostbuster', 'cron start', 0, '16-11-25', '89.184.78.102', 'admin', 1),
('2016-11-25 21:00:14', 'ghostbuster', 'cron end', 0, '16-11-25', '89.184.78.102', 'admin', 1),
('2016-11-26 01:22:49', 'ghostbuster', 'cron start', 0, '16-11-26', '89.184.78.102', 'admin', 1),
('2016-11-26 01:22:49', 'ghostbuster', 'cron end', 0, '16-11-26', '89.184.78.102', 'admin', 1),
('2016-11-26 13:06:07', 'ghostbuster', 'cron start', 0, '16-11-26', '89.184.78.102', 'admin', 1),
('2016-11-26 13:06:07', 'ghostbuster', 'cron end', 0, '16-11-26', '89.184.78.102', 'admin', 1),
('2016-11-26 15:47:11', 'ghostbuster', 'cron start', 0, '16-11-26', '89.184.78.102', 'admin', 1),
('2016-11-26 15:47:11', 'ghostbuster', 'cron end', 0, '16-11-26', '89.184.78.102', 'admin', 1),
('2016-11-26 16:48:06', 'ghostbuster', 'cron start', 0, '16-11-26', '89.184.78.102', 'admin', 1),
('2016-11-26 16:48:06', 'ghostbuster', 'cron end', 0, '16-11-26', '89.184.78.102', 'admin', 1),
('2016-11-27 19:00:03', 'ghostbuster', 'cron start', 0, '16-11-27', '89.184.78.102', 'admin', 1),
('2016-11-27 19:00:03', 'ghostbuster', 'cron end', 0, '16-11-27', '89.184.78.102', 'admin', 1),
('2016-11-27 19:01:11', 'user', 'add', 16, 'katya_515@mail.ru', '92.60.189.153', 'user', 16),
('2016-11-27 21:38:13', 'ghostbuster', 'cron start', 0, '16-11-27', '89.184.78.102', 'admin', 1),
('2016-11-27 21:38:13', 'ghostbuster', 'cron end', 0, '16-11-27', '89.184.78.102', 'admin', 1),
('2016-11-28 10:05:26', 'ghostbuster', 'cron start', 0, '16-11-28', '89.184.78.102', 'admin', 1),
('2016-11-28 10:05:26', 'ghostbuster', 'cron end', 0, '16-11-28', '89.184.78.102', 'admin', 1),
('2016-11-28 11:05:28', 'ghostbuster', 'cron start', 0, '16-11-28', '89.184.78.102', 'admin', 1),
('2016-11-28 11:05:28', 'ghostbuster', 'cron end', 0, '16-11-28', '89.184.78.102', 'admin', 1),
('2016-11-28 12:05:44', 'ghostbuster', 'cron start', 0, '16-11-28', '89.184.78.102', 'admin', 1),
('2016-11-28 12:05:44', 'ghostbuster', 'cron end', 0, '16-11-28', '89.184.78.102', 'admin', 1),
('2016-11-28 13:28:00', 'ghostbuster', 'cron start', 0, '16-11-28', '89.184.78.102', 'admin', 1),
('2016-11-28 13:28:00', 'ghostbuster', 'cron end', 0, '16-11-28', '89.184.78.102', 'admin', 1),
('2016-11-28 15:39:11', 'ghostbuster', 'cron start', 0, '16-11-28', '89.184.78.102', 'admin', 1),
('2016-11-28 15:39:11', 'ghostbuster', 'cron end', 0, '16-11-28', '89.184.78.102', 'admin', 1),
('2016-11-28 18:51:42', 'ghostbuster', 'cron start', 0, '16-11-28', '89.184.78.102', 'admin', 1),
('2016-11-28 18:51:42', 'ghostbuster', 'cron end', 0, '16-11-28', '89.184.78.102', 'admin', 1),
('2016-11-28 22:04:17', 'ghostbuster', 'cron start', 0, '16-11-28', '89.184.78.102', 'admin', 1),
('2016-11-28 22:04:17', 'ghostbuster', 'cron end', 0, '16-11-28', '89.184.78.102', 'admin', 1),
('2016-11-28 22:24:44', 'item', 'add', 62, 'тапки', '31.43.131.21', 'user', 0),
('2016-11-29 00:20:07', 'ghostbuster', 'cron start', 0, '16-11-29', '89.184.78.102', 'admin', 1),
('2016-11-29 00:20:07', 'ghostbuster', 'cron end', 0, '16-11-29', '89.184.78.102', 'admin', 1),
('2016-11-29 07:54:14', 'ghostbuster', 'cron start', 0, '16-11-29', '89.184.78.102', 'admin', 1),
('2016-11-29 07:54:14', 'ghostbuster', 'cron end', 0, '16-11-29', '89.184.78.102', 'admin', 1),
('2016-11-29 08:55:17', 'ghostbuster', 'cron start', 0, '16-11-29', '89.184.78.102', 'admin', 1),
('2016-11-29 08:55:17', 'ghostbuster', 'cron end', 0, '16-11-29', '89.184.78.102', 'admin', 1),
('2016-11-29 09:56:17', 'ghostbuster', 'cron start', 0, '16-11-29', '89.184.78.102', 'admin', 1),
('2016-11-29 09:56:17', 'ghostbuster', 'cron end', 0, '16-11-29', '89.184.78.102', 'admin', 1),
('2016-11-29 12:19:10', 'ghostbuster', 'cron start', 0, '16-11-29', '89.184.78.102', 'admin', 1),
('2016-11-29 12:19:10', 'ghostbuster', 'cron end', 0, '16-11-29', '89.184.78.102', 'admin', 1),
('2016-11-29 15:11:12', 'ghostbuster', 'cron start', 0, '16-11-29', '89.184.78.102', 'admin', 1),
('2016-11-29 15:11:12', 'ghostbuster', 'cron end', 0, '16-11-29', '89.184.78.102', 'admin', 1),
('2016-11-29 16:48:58', 'ghostbuster', 'cron start', 0, '16-11-29', '89.184.78.102', 'admin', 1),
('2016-11-29 16:48:58', 'ghostbuster', 'cron end', 0, '16-11-29', '89.184.78.102', 'admin', 1),
('2016-11-29 18:01:33', 'ghostbuster', 'cron start', 0, '16-11-29', '89.184.78.102', 'admin', 1),
('2016-11-29 18:01:33', 'ghostbuster', 'cron end', 0, '16-11-29', '89.184.78.102', 'admin', 1),
('2016-11-29 18:02:29', 'user', 'add', 17, 'awite@ukr.net', '82.144.205.45', 'user', 17),
('2016-11-29 18:18:56', 'item', 'add', 63, '', '82.144.205.45', 'user', 17),
('2016-11-29 19:18:16', 'ghostbuster', 'cron start', 0, '16-11-29', '89.184.78.102', 'admin', 1),
('2016-11-29 19:18:16', 'ghostbuster', 'cron end', 0, '16-11-29', '89.184.78.102', 'admin', 1),
('2016-11-29 20:52:03', 'ghostbuster', 'cron start', 0, '16-11-29', '89.184.78.102', 'admin', 1),
('2016-11-29 20:52:03', 'ghostbuster', 'cron end', 0, '16-11-29', '89.184.78.102', 'admin', 1),
('2016-11-29 21:53:44', 'ghostbuster', 'cron start', 0, '16-11-29', '89.184.78.102', 'admin', 1),
('2016-11-29 21:53:44', 'ghostbuster', 'cron end', 0, '16-11-29', '89.184.78.102', 'admin', 1),
('2016-11-29 23:14:51', 'ghostbuster', 'cron start', 0, '16-11-29', '89.184.78.102', 'admin', 1),
('2016-11-29 23:14:51', 'ghostbuster', 'cron end', 0, '16-11-29', '89.184.78.102', 'admin', 1),
('2016-11-30 00:50:09', 'ghostbuster', 'cron start', 0, '16-11-30', '89.184.78.102', 'admin', 1),
('2016-11-30 00:50:09', 'ghostbuster', 'cron end', 0, '16-11-30', '89.184.78.102', 'admin', 1),
('2016-11-30 14:11:28', 'ghostbuster', 'cron start', 0, '16-11-30', '89.184.78.102', 'admin', 1),
('2016-11-30 14:11:28', 'ghostbuster', 'cron end', 0, '16-11-30', '89.184.78.102', 'admin', 1),
('2016-11-30 16:28:06', 'ghostbuster', 'cron start', 0, '16-11-30', '89.184.78.102', 'admin', 1),
('2016-11-30 16:28:06', 'ghostbuster', 'cron end', 0, '16-11-30', '89.184.78.102', 'admin', 1),
('2016-11-30 18:00:41', 'ghostbuster', 'cron start', 0, '16-11-30', '89.184.78.102', 'admin', 1),
('2016-11-30 18:00:41', 'ghostbuster', 'cron end', 0, '16-11-30', '89.184.78.102', 'admin', 1),
('2016-11-30 19:23:18', 'ghostbuster', 'cron start', 0, '16-11-30', '89.184.78.102', 'admin', 1),
('2016-11-30 19:23:18', 'ghostbuster', 'cron end', 0, '16-11-30', '89.184.78.102', 'admin', 1),
('2016-11-30 22:33:38', 'ghostbuster', 'cron start', 0, '16-11-30', '89.184.78.102', 'admin', 1),
('2016-11-30 22:33:38', 'ghostbuster', 'cron end', 0, '16-11-30', '89.184.78.102', 'admin', 1),
('2016-12-01 11:13:56', 'ghostbuster', 'cron start', 0, '16-12-01', '89.184.78.102', 'admin', 1),
('2016-12-01 11:13:56', 'ghostbuster', 'cron end', 0, '16-12-01', '89.184.78.102', 'admin', 1),
('2016-12-01 13:56:22', 'ghostbuster', 'cron start', 0, '16-12-01', '89.184.78.102', 'admin', 1),
('2016-12-01 13:56:22', 'ghostbuster', 'cron end', 0, '16-12-01', '89.184.78.102', 'admin', 1),
('2016-12-01 15:41:52', 'ghostbuster', 'cron start', 0, '16-12-01', '89.184.78.102', 'admin', 1),
('2016-12-01 15:41:52', 'ghostbuster', 'cron end', 0, '16-12-01', '89.184.78.102', 'admin', 1),
('2016-12-01 16:42:45', 'ghostbuster', 'cron start', 0, '16-12-01', '89.184.78.102', 'admin', 1),
('2016-12-01 16:42:45', 'ghostbuster', 'cron end', 0, '16-12-01', '89.184.78.102', 'admin', 1),
('2016-12-01 17:42:49', 'ghostbuster', 'cron start', 0, '16-12-01', '89.184.78.102', 'admin', 1),
('2016-12-01 17:42:49', 'ghostbuster', 'cron end', 0, '16-12-01', '89.184.78.102', 'admin', 1),
('2016-12-01 18:43:21', 'ghostbuster', 'cron start', 0, '16-12-01', '89.184.78.102', 'admin', 1),
('2016-12-01 18:43:21', 'ghostbuster', 'cron end', 0, '16-12-01', '89.184.78.102', 'admin', 1),
('2016-12-01 19:47:38', 'ghostbuster', 'cron start', 0, '16-12-01', '89.184.78.102', 'admin', 1),
('2016-12-01 19:47:38', 'ghostbuster', 'cron end', 0, '16-12-01', '89.184.78.102', 'admin', 1),
('2016-12-01 21:02:47', 'ghostbuster', 'cron start', 0, '16-12-01', '89.184.78.102', 'admin', 1),
('2016-12-01 21:02:47', 'ghostbuster', 'cron end', 0, '16-12-01', '89.184.78.102', 'admin', 1),
('2016-12-01 22:32:20', 'ghostbuster', 'cron start', 0, '16-12-01', '89.184.78.102', 'admin', 1),
('2016-12-01 22:32:20', 'ghostbuster', 'cron end', 0, '16-12-01', '89.184.78.102', 'admin', 1),
('2016-12-02 00:26:58', 'ghostbuster', 'cron start', 0, '16-12-02', '89.184.78.102', 'admin', 1),
('2016-12-02 00:26:58', 'ghostbuster', 'cron end', 0, '16-12-02', '89.184.78.102', 'admin', 1),
('2016-12-02 14:39:20', 'ghostbuster', 'cron start', 0, '16-12-02', '89.184.78.102', 'admin', 1),
('2016-12-02 14:39:20', 'ghostbuster', 'cron end', 0, '16-12-02', '89.184.78.102', 'admin', 1),
('2016-12-02 16:17:12', 'user', 'add', 18, 'pure_poinson95@mail.ru', '92.60.189.153', 'user', 18),
('2016-12-02 16:18:25', 'ghostbuster', 'cron start', 0, '16-12-02', '89.184.78.102', 'admin', 1),
('2016-12-02 16:18:25', 'ghostbuster', 'cron end', 0, '16-12-02', '89.184.78.102', 'admin', 1),
('2016-12-02 17:31:28', 'ghostbuster', 'cron start', 0, '16-12-02', '89.184.78.102', 'admin', 1),
('2016-12-02 17:31:28', 'ghostbuster', 'cron end', 0, '16-12-02', '89.184.78.102', 'admin', 1),
('2016-12-02 20:25:52', 'ghostbuster', 'cron start', 0, '16-12-02', '89.184.78.102', 'admin', 1),
('2016-12-02 20:25:52', 'ghostbuster', 'cron end', 0, '16-12-02', '89.184.78.102', 'admin', 1),
('2016-12-03 22:28:32', 'ghostbuster', 'cron start', 0, '16-12-03', '89.184.78.102', 'admin', 1),
('2016-12-03 22:28:32', 'ghostbuster', 'cron end', 0, '16-12-03', '89.184.78.102', 'admin', 1),
('2016-12-03 23:37:20', 'ghostbuster', 'cron start', 0, '16-12-03', '89.184.78.102', 'admin', 1),
('2016-12-03 23:37:20', 'ghostbuster', 'cron end', 0, '16-12-03', '89.184.78.102', 'admin', 1),
('2016-12-04 09:09:16', 'ghostbuster', 'cron start', 0, '16-12-04', '89.184.78.102', 'admin', 1),
('2016-12-04 09:09:16', 'ghostbuster', 'cron end', 0, '16-12-04', '89.184.78.102', 'admin', 1),
('2016-12-05 09:57:46', 'ghostbuster', 'cron start', 0, '16-12-05', '89.184.78.102', 'admin', 1),
('2016-12-05 09:57:46', 'ghostbuster', 'cron end', 0, '16-12-05', '89.184.78.102', 'admin', 1),
('2016-12-05 12:08:59', 'ghostbuster', 'cron start', 0, '16-12-05', '89.184.78.102', 'admin', 1),
('2016-12-05 12:08:59', 'ghostbuster', 'cron end', 0, '16-12-05', '89.184.78.102', 'admin', 1),
('2016-12-05 12:09:54', 'user', 'add', 19, 'sanya-09@ukr.net', '92.60.189.153', 'user', 19),
('2016-12-05 13:09:08', 'ghostbuster', 'cron start', 0, '16-12-05', '89.184.78.102', 'admin', 1),
('2016-12-05 13:09:08', 'ghostbuster', 'cron end', 0, '16-12-05', '89.184.78.102', 'admin', 1),
('2016-12-05 14:09:08', 'ghostbuster', 'cron start', 0, '16-12-05', '89.184.78.102', 'admin', 1),
('2016-12-05 14:09:08', 'ghostbuster', 'cron end', 0, '16-12-05', '89.184.78.102', 'admin', 1),
('2016-12-05 15:09:27', 'ghostbuster', 'cron start', 0, '16-12-05', '89.184.78.102', 'admin', 1),
('2016-12-05 15:09:27', 'ghostbuster', 'cron end', 0, '16-12-05', '89.184.78.102', 'admin', 1),
('2016-12-05 16:09:35', 'ghostbuster', 'cron start', 0, '16-12-05', '89.184.78.102', 'admin', 1),
('2016-12-05 16:09:35', 'ghostbuster', 'cron end', 0, '16-12-05', '89.184.78.102', 'admin', 1),
('2016-12-05 17:09:39', 'ghostbuster', 'cron start', 0, '16-12-05', '89.184.78.102', 'admin', 1),
('2016-12-05 17:09:39', 'ghostbuster', 'cron end', 0, '16-12-05', '89.184.78.102', 'admin', 1),
('2016-12-05 18:09:43', 'ghostbuster', 'cron start', 0, '16-12-05', '89.184.78.102', 'admin', 1),
('2016-12-05 18:09:43', 'ghostbuster', 'cron end', 0, '16-12-05', '89.184.78.102', 'admin', 1),
('2016-12-05 19:10:10', 'ghostbuster', 'cron start', 0, '16-12-05', '89.184.78.102', 'admin', 1),
('2016-12-05 19:10:10', 'ghostbuster', 'cron end', 0, '16-12-05', '89.184.78.102', 'admin', 1),
('2016-12-07 15:17:13', 'ghostbuster', 'cron start', 0, '16-12-07', '89.184.78.102', 'admin', 1),
('2016-12-07 15:17:13', 'ghostbuster', 'cron end', 0, '16-12-07', '89.184.78.102', 'admin', 1),
('2016-12-08 17:16:05', 'ghostbuster', 'cron start', 0, '16-12-08', '89.184.78.102', 'admin', 1),
('2016-12-08 17:16:05', 'ghostbuster', 'cron end', 0, '16-12-08', '89.184.78.102', 'admin', 1),
('2016-12-10 10:35:09', 'ghostbuster', 'cron start', 0, '16-12-10', '89.184.78.102', 'admin', 1),
('2016-12-10 10:35:09', 'ghostbuster', 'cron end', 0, '16-12-10', '89.184.78.102', 'admin', 1),
('2016-12-10 23:26:45', 'ghostbuster', 'cron start', 0, '16-12-10', '89.184.78.102', 'admin', 1),
('2016-12-10 23:26:45', 'ghostbuster', 'cron end', 0, '16-12-10', '89.184.78.102', 'admin', 1),
('2016-12-12 11:51:03', 'ghostbuster', 'cron start', 0, '16-12-12', '89.184.78.102', 'admin', 1),
('2016-12-12 11:51:03', 'ghostbuster', 'cron end', 0, '16-12-12', '89.184.78.102', 'admin', 1),
('2016-12-13 12:40:31', 'ghostbuster', 'cron start', 0, '16-12-13', '89.184.78.102', 'admin', 1),
('2016-12-13 12:40:31', 'ghostbuster', 'cron end', 0, '16-12-13', '89.184.78.102', 'admin', 1),
('2016-12-13 16:40:14', 'ghostbuster', 'cron start', 0, '16-12-13', '89.184.78.102', 'admin', 1),
('2016-12-13 16:40:14', 'ghostbuster', 'cron end', 0, '16-12-13', '89.184.78.102', 'admin', 1),
('2016-12-13 21:46:49', 'ghostbuster', 'cron start', 0, '16-12-13', '89.184.78.102', 'admin', 1),
('2016-12-13 21:46:49', 'ghostbuster', 'cron end', 0, '16-12-13', '89.184.78.102', 'admin', 1),
('2016-12-14 13:21:23', 'ghostbuster', 'cron start', 0, '16-12-14', '89.184.78.102', 'admin', 1),
('2016-12-14 13:21:23', 'ghostbuster', 'cron end', 0, '16-12-14', '89.184.78.102', 'admin', 1),
('2016-12-14 14:21:37', 'ghostbuster', 'cron start', 0, '16-12-14', '89.184.78.102', 'admin', 1),
('2016-12-14 14:21:37', 'ghostbuster', 'cron end', 0, '16-12-14', '89.184.78.102', 'admin', 1),
('2016-12-14 15:22:04', 'ghostbuster', 'cron start', 0, '16-12-14', '89.184.78.102', 'admin', 1),
('2016-12-14 15:22:04', 'ghostbuster', 'cron end', 0, '16-12-14', '89.184.78.102', 'admin', 1),
('2016-12-14 16:22:36', 'ghostbuster', 'cron start', 0, '16-12-14', '89.184.78.102', 'admin', 1),
('2016-12-14 16:22:36', 'ghostbuster', 'cron end', 0, '16-12-14', '89.184.78.102', 'admin', 1),
('2016-12-14 17:54:06', 'ghostbuster', 'cron start', 0, '16-12-14', '89.184.78.102', 'admin', 1),
('2016-12-14 17:54:06', 'ghostbuster', 'cron end', 0, '16-12-14', '89.184.78.102', 'admin', 1),
('2016-12-14 21:44:20', 'ghostbuster', 'cron start', 0, '16-12-14', '89.184.78.102', 'admin', 1),
('2016-12-14 21:44:20', 'ghostbuster', 'cron end', 0, '16-12-14', '89.184.78.102', 'admin', 1),
('2016-12-14 23:36:09', 'ghostbuster', 'cron start', 0, '16-12-14', '89.184.78.102', 'admin', 1),
('2016-12-14 23:36:09', 'ghostbuster', 'cron end', 0, '16-12-14', '89.184.78.102', 'admin', 1),
('2016-12-15 15:53:34', 'ghostbuster', 'cron start', 0, '16-12-15', '89.184.78.102', 'admin', 1),
('2016-12-15 15:53:34', 'ghostbuster', 'cron end', 0, '16-12-15', '89.184.78.102', 'admin', 1),
('2016-12-15 15:54:25', 'item', 'add', 64, 'фывфыв', '92.60.189.153', 'user', 0),
('2016-12-15 20:49:47', 'itemActions', 'deleteResourcesFromHD', 64, '64', '31.43.131.21', 'admin', 1),
('2016-12-15 20:49:47', 'itemActions', 'deleteResourcesFromHD', 64, '0', '31.43.131.21', 'admin', 1),
('2016-12-15 20:49:47', 'item', 'delete', 64, 'Кошки in ', '31.43.131.21', 'admin', 1),
('2016-12-15 20:49:47', 'Item', 'deleteResourcesFromHD', 64, '64', '31.43.131.21', 'admin', 1),
('2016-12-15 20:49:47', 'Item', 'deleteResourcesFromHD', 64, '0', '31.43.131.21', 'admin', 1),
('2016-12-15 21:04:01', 'ghostbuster', 'cron start', 0, '16-12-15', '89.184.78.102', 'admin', 1),
('2016-12-15 21:04:01', 'ghostbuster', 'cron end', 0, '16-12-15', '89.184.78.102', 'admin', 1),
('2016-12-16 00:04:49', 'ghostbuster', 'cron start', 0, '16-12-16', '89.184.78.102', 'admin', 1),
('2016-12-16 00:04:49', 'ghostbuster', 'cron end', 0, '16-12-16', '89.184.78.102', 'admin', 1),
('2016-12-18 03:48:53', 'ghostbuster', 'cron start', 0, '16-12-18', '89.184.78.102', 'admin', 1),
('2016-12-18 03:48:53', 'ghostbuster', 'cron end', 0, '16-12-18', '89.184.78.102', 'admin', 1),
('2016-12-20 14:33:06', 'ghostbuster', 'cron start', 0, '16-12-20', '89.184.78.102', 'admin', 1),
('2016-12-20 14:33:08', 'ghostbuster', 'cron end', 0, '16-12-20', '89.184.78.102', 'admin', 1),
('2016-12-21 16:26:19', 'ghostbuster', 'cron start', 0, '16-12-21', '89.184.78.102', 'admin', 1),
('2016-12-21 16:26:19', 'ghostbuster', 'cron end', 0, '16-12-21', '89.184.78.102', 'admin', 1),
('2016-12-22 01:33:59', 'ghostbuster', 'cron start', 0, '16-12-22', '89.184.78.102', 'admin', 1),
('2016-12-22 01:33:59', 'ghostbuster', 'cron end', 0, '16-12-22', '89.184.78.102', 'admin', 1),
('2016-12-22 20:47:03', 'ghostbuster', 'cron start', 0, '16-12-22', '89.184.78.102', 'admin', 1),
('2016-12-22 20:47:03', 'ghostbuster', 'cron end', 0, '16-12-22', '89.184.78.102', 'admin', 1),
('2016-12-23 16:38:34', 'ghostbuster', 'cron start', 0, '16-12-23', '89.184.78.102', 'admin', 1),
('2016-12-23 16:38:34', 'ghostbuster', 'cron end', 0, '16-12-23', '89.184.78.102', 'admin', 1),
('2016-12-24 22:42:39', 'ghostbuster', 'cron start', 0, '16-12-24', '89.184.78.102', 'admin', 1),
('2016-12-24 22:42:39', 'ghostbuster', 'cron end', 0, '16-12-24', '89.184.78.102', 'admin', 1),
('2016-12-27 20:55:59', 'ghostbuster', 'cron start', 0, '16-12-27', '89.184.78.102', 'admin', 1),
('2016-12-27 20:55:59', 'ghostbuster', 'cron end', 0, '16-12-27', '89.184.78.102', 'admin', 1),
('2016-12-31 08:24:58', 'ghostbuster', 'cron start', 0, '16-12-31', '89.184.78.102', 'admin', 1),
('2016-12-31 08:24:59', 'ghostbuster', 'cron end', 0, '16-12-31', '89.184.78.102', 'admin', 1),
('2017-01-02 00:34:00', 'ghostbuster', 'cron start', 0, '17-01-02', '89.184.78.102', 'admin', 1),
('2017-01-02 00:34:00', 'ghostbuster', 'cron end', 0, '17-01-02', '89.184.78.102', 'admin', 1),
('2017-01-02 10:27:28', 'ghostbuster', 'cron start', 0, '17-01-02', '89.184.78.102', 'admin', 1),
('2017-01-02 10:27:28', 'ghostbuster', 'cron end', 0, '17-01-02', '89.184.78.102', 'admin', 1),
('2017-01-03 17:07:11', 'ghostbuster', 'cron start', 0, '17-01-03', '89.184.78.102', 'admin', 1),
('2017-01-03 17:07:11', 'ghostbuster', 'cron end', 0, '17-01-03', '89.184.78.102', 'admin', 1),
('2017-01-04 15:51:51', 'ghostbuster', 'cron start', 0, '17-01-04', '89.184.78.102', 'admin', 1),
('2017-01-04 15:51:51', 'ghostbuster', 'cron end', 0, '17-01-04', '89.184.78.102', 'admin', 1),
('2017-01-09 21:52:52', 'ghostbuster', 'cron start', 0, '17-01-09', '89.184.78.102', 'admin', 1),
('2017-01-09 21:52:52', 'ghostbuster', 'cron end', 0, '17-01-09', '89.184.78.102', 'admin', 1),
('2017-01-11 22:37:43', 'ghostbuster', 'cron start', 0, '17-01-11', '89.184.78.102', 'admin', 1),
('2017-01-11 22:37:43', 'ghostbuster', 'cron end', 0, '17-01-11', '89.184.78.102', 'admin', 1),
('2017-01-12 02:25:56', 'ghostbuster', 'cron start', 0, '17-01-12', '89.184.78.102', 'admin', 1),
('2017-01-12 02:25:57', 'ghostbuster', 'cron end', 0, '17-01-12', '89.184.78.102', 'admin', 1),
('2017-01-12 10:04:24', 'ghostbuster', 'cron start', 0, '17-01-12', '89.184.78.102', 'admin', 1),
('2017-01-12 10:04:24', 'ghostbuster', 'cron end', 0, '17-01-12', '89.184.78.102', 'admin', 1),
('2017-01-12 16:08:35', 'ghostbuster', 'cron start', 0, '17-01-12', '89.184.78.102', 'admin', 1),
('2017-01-12 16:08:35', 'ghostbuster', 'cron end', 0, '17-01-12', '89.184.78.102', 'admin', 1),
('2017-01-13 00:28:17', 'ghostbuster', 'cron start', 0, '17-01-13', '89.184.78.102', 'admin', 1),
('2017-01-13 00:28:17', 'ghostbuster', 'cron end', 0, '17-01-13', '89.184.78.102', 'admin', 1),
('2017-01-13 02:03:30', 'ghostbuster', 'cron start', 0, '17-01-13', '89.184.78.102', 'admin', 1),
('2017-01-13 02:03:30', 'ghostbuster', 'cron end', 0, '17-01-13', '89.184.78.102', 'admin', 1),
('2017-01-13 05:11:19', 'ghostbuster', 'cron start', 0, '17-01-13', '89.184.78.102', 'admin', 1),
('2017-01-13 05:11:19', 'ghostbuster', 'cron end', 0, '17-01-13', '89.184.78.102', 'admin', 1),
('2017-01-13 11:49:37', 'ghostbuster', 'cron start', 0, '17-01-13', '89.184.78.102', 'admin', 1),
('2017-01-13 11:49:37', 'ghostbuster', 'cron end', 0, '17-01-13', '89.184.78.102', 'admin', 1),
('2017-01-14 02:00:29', 'ghostbuster', 'cron start', 0, '17-01-14', '89.184.78.102', 'admin', 1),
('2017-01-14 02:00:29', 'ghostbuster', 'cron end', 0, '17-01-14', '89.184.78.102', 'admin', 1),
('2017-01-14 06:12:28', 'ghostbuster', 'cron start', 0, '17-01-14', '89.184.78.102', 'admin', 1),
('2017-01-14 06:12:28', 'ghostbuster', 'cron end', 0, '17-01-14', '89.184.78.102', 'admin', 1),
('2017-01-14 08:06:35', 'ghostbuster', 'cron start', 0, '17-01-14', '89.184.78.102', 'admin', 1),
('2017-01-14 08:06:35', 'ghostbuster', 'cron end', 0, '17-01-14', '89.184.78.102', 'admin', 1),
('2017-01-14 21:06:35', 'ghostbuster', 'cron start', 0, '17-01-14', '89.184.78.102', 'admin', 1),
('2017-01-14 21:06:35', 'ghostbuster', 'cron end', 0, '17-01-14', '89.184.78.102', 'admin', 1),
('2017-01-14 23:09:00', 'ghostbuster', 'cron start', 0, '17-01-14', '89.184.78.102', 'admin', 1),
('2017-01-14 23:09:00', 'ghostbuster', 'cron end', 0, '17-01-14', '89.184.78.102', 'admin', 1),
('2017-01-15 01:14:23', 'ghostbuster', 'cron start', 0, '17-01-15', '89.184.78.102', 'admin', 1),
('2017-01-15 01:14:23', 'ghostbuster', 'cron end', 0, '17-01-15', '89.184.78.102', 'admin', 1),
('2017-01-15 10:03:20', 'ghostbuster', 'cron start', 0, '17-01-15', '89.184.78.102', 'admin', 1),
('2017-01-15 10:03:20', 'ghostbuster', 'cron end', 0, '17-01-15', '89.184.78.102', 'admin', 1),
('2017-01-15 11:19:44', 'ghostbuster', 'cron start', 0, '17-01-15', '89.184.78.102', 'admin', 1),
('2017-01-15 11:19:44', 'ghostbuster', 'cron end', 0, '17-01-15', '89.184.78.102', 'admin', 1),
('2017-01-15 14:08:31', 'ghostbuster', 'cron start', 0, '17-01-15', '89.184.78.102', 'admin', 1),
('2017-01-15 14:08:31', 'ghostbuster', 'cron end', 0, '17-01-15', '89.184.78.102', 'admin', 1),
('2017-01-15 15:21:29', 'ghostbuster', 'cron start', 0, '17-01-15', '89.184.78.102', 'admin', 1),
('2017-01-15 15:21:29', 'ghostbuster', 'cron end', 0, '17-01-15', '89.184.78.102', 'admin', 1),
('2017-01-15 16:56:28', 'ghostbuster', 'cron start', 0, '17-01-15', '89.184.78.102', 'admin', 1),
('2017-01-15 16:56:28', 'ghostbuster', 'cron end', 0, '17-01-15', '89.184.78.102', 'admin', 1),
('2017-01-15 18:58:46', 'ghostbuster', 'cron start', 0, '17-01-15', '89.184.78.102', 'admin', 1),
('2017-01-15 18:58:46', 'ghostbuster', 'cron end', 0, '17-01-15', '89.184.78.102', 'admin', 1),
('2017-01-15 21:10:33', 'ghostbuster', 'cron start', 0, '17-01-15', '89.184.78.102', 'admin', 1),
('2017-01-15 21:10:33', 'ghostbuster', 'cron end', 0, '17-01-15', '89.184.78.102', 'admin', 1),
('2017-01-15 22:13:05', 'ghostbuster', 'cron start', 0, '17-01-15', '89.184.78.102', 'admin', 1),
('2017-01-15 22:13:05', 'ghostbuster', 'cron end', 0, '17-01-15', '89.184.78.102', 'admin', 1),
('2017-01-15 23:56:00', 'ghostbuster', 'cron start', 0, '17-01-15', '89.184.78.102', 'admin', 1),
('2017-01-15 23:56:00', 'ghostbuster', 'cron end', 0, '17-01-15', '89.184.78.102', 'admin', 1),
('2017-01-16 01:05:58', 'ghostbuster', 'cron start', 0, '17-01-16', '89.184.78.102', 'admin', 1),
('2017-01-16 01:05:58', 'ghostbuster', 'cron end', 0, '17-01-16', '89.184.78.102', 'admin', 1),
('2017-01-16 02:19:25', 'ghostbuster', 'cron start', 0, '17-01-16', '89.184.78.102', 'admin', 1),
('2017-01-16 02:19:25', 'ghostbuster', 'cron end', 0, '17-01-16', '89.184.78.102', 'admin', 1),
('2017-01-16 07:23:18', 'ghostbuster', 'cron start', 0, '17-01-16', '89.184.78.102', 'admin', 1),
('2017-01-16 07:23:18', 'ghostbuster', 'cron end', 0, '17-01-16', '89.184.78.102', 'admin', 1),
('2017-01-16 08:23:27', 'ghostbuster', 'cron start', 0, '17-01-16', '89.184.78.102', 'admin', 1),
('2017-01-16 08:23:27', 'ghostbuster', 'cron end', 0, '17-01-16', '89.184.78.102', 'admin', 1),
('2017-01-16 12:07:23', 'ghostbuster', 'cron start', 0, '17-01-16', '89.184.78.102', 'admin', 1),
('2017-01-16 12:07:23', 'ghostbuster', 'cron end', 0, '17-01-16', '89.184.78.102', 'admin', 1),
('2017-01-16 14:56:36', 'ghostbuster', 'cron start', 0, '17-01-16', '89.184.78.102', 'admin', 1),
('2017-01-16 14:56:36', 'ghostbuster', 'cron end', 0, '17-01-16', '89.184.78.102', 'admin', 1),
('2017-01-16 16:15:47', 'ghostbuster', 'cron start', 0, '17-01-16', '89.184.78.102', 'admin', 1),
('2017-01-16 16:15:47', 'ghostbuster', 'cron end', 0, '17-01-16', '89.184.78.102', 'admin', 1),
('2017-01-16 17:17:00', 'ghostbuster', 'cron start', 0, '17-01-16', '89.184.78.102', 'admin', 1),
('2017-01-16 17:17:00', 'ghostbuster', 'cron end', 0, '17-01-16', '89.184.78.102', 'admin', 1),
('2017-01-16 20:00:36', 'ghostbuster', 'cron start', 0, '17-01-16', '89.184.78.102', 'admin', 1),
('2017-01-16 20:00:36', 'ghostbuster', 'cron end', 0, '17-01-16', '89.184.78.102', 'admin', 1),
('2017-01-16 21:35:01', 'ghostbuster', 'cron start', 0, '17-01-16', '89.184.78.102', 'admin', 1),
('2017-01-16 21:35:01', 'ghostbuster', 'cron end', 0, '17-01-16', '89.184.78.102', 'admin', 1),
('2017-01-16 22:38:07', 'ghostbuster', 'cron start', 0, '17-01-16', '89.184.78.102', 'admin', 1),
('2017-01-16 22:38:07', 'ghostbuster', 'cron end', 0, '17-01-16', '89.184.78.102', 'admin', 1),
('2017-01-17 00:32:52', 'ghostbuster', 'cron start', 0, '17-01-17', '89.184.78.102', 'admin', 1),
('2017-01-17 00:32:52', 'ghostbuster', 'cron end', 0, '17-01-17', '89.184.78.102', 'admin', 1),
('2017-01-17 01:39:39', 'ghostbuster', 'cron start', 0, '17-01-17', '89.184.78.102', 'admin', 1),
('2017-01-17 01:39:39', 'ghostbuster', 'cron end', 0, '17-01-17', '89.184.78.102', 'admin', 1),
('2017-01-17 03:19:40', 'ghostbuster', 'cron start', 0, '17-01-17', '89.184.78.102', 'admin', 1),
('2017-01-17 03:19:40', 'ghostbuster', 'cron end', 0, '17-01-17', '89.184.78.102', 'admin', 1),
('2017-01-17 05:19:46', 'ghostbuster', 'cron start', 0, '17-01-17', '89.184.78.102', 'admin', 1),
('2017-01-17 05:19:46', 'ghostbuster', 'cron end', 0, '17-01-17', '89.184.78.102', 'admin', 1),
('2017-01-17 07:16:09', 'ghostbuster', 'cron start', 0, '17-01-17', '89.184.78.102', 'admin', 1),
('2017-01-17 07:16:09', 'ghostbuster', 'cron end', 0, '17-01-17', '89.184.78.102', 'admin', 1),
('2017-01-17 08:54:33', 'ghostbuster', 'cron start', 0, '17-01-17', '89.184.78.102', 'admin', 1),
('2017-01-17 08:54:33', 'ghostbuster', 'cron end', 0, '17-01-17', '89.184.78.102', 'admin', 1),
('2017-01-17 10:37:37', 'ghostbuster', 'cron start', 0, '17-01-17', '89.184.78.102', 'admin', 1),
('2017-01-17 10:37:37', 'ghostbuster', 'cron end', 0, '17-01-17', '89.184.78.102', 'admin', 1),
('2017-01-17 11:43:30', 'ghostbuster', 'cron start', 0, '17-01-17', '89.184.78.102', 'admin', 1),
('2017-01-17 11:43:30', 'ghostbuster', 'cron end', 0, '17-01-17', '89.184.78.102', 'admin', 1),
('2017-01-17 12:44:41', 'ghostbuster', 'cron start', 0, '17-01-17', '89.184.78.102', 'admin', 1),
('2017-01-17 12:44:41', 'ghostbuster', 'cron end', 0, '17-01-17', '89.184.78.102', 'admin', 1),
('2017-01-17 13:46:01', 'ghostbuster', 'cron start', 0, '17-01-17', '89.184.78.102', 'admin', 1),
('2017-01-17 13:46:01', 'ghostbuster', 'cron end', 0, '17-01-17', '89.184.78.102', 'admin', 1),
('2017-01-17 15:54:28', 'ghostbuster', 'cron start', 0, '17-01-17', '89.184.78.102', 'admin', 1),
('2017-01-17 15:54:28', 'ghostbuster', 'cron end', 0, '17-01-17', '89.184.78.102', 'admin', 1),
('2017-01-17 17:10:47', 'ghostbuster', 'cron start', 0, '17-01-17', '89.184.78.102', 'admin', 1),
('2017-01-17 17:10:47', 'ghostbuster', 'cron end', 0, '17-01-17', '89.184.78.102', 'admin', 1),
('2017-01-17 18:10:59', 'ghostbuster', 'cron start', 0, '17-01-17', '89.184.78.102', 'admin', 1),
('2017-01-17 18:10:59', 'ghostbuster', 'cron end', 0, '17-01-17', '89.184.78.102', 'admin', 1),
('2017-01-17 19:35:24', 'ghostbuster', 'cron start', 0, '17-01-17', '89.184.78.102', 'admin', 1),
('2017-01-17 19:35:24', 'ghostbuster', 'cron end', 0, '17-01-17', '89.184.78.102', 'admin', 1),
('2017-01-17 20:41:53', 'ghostbuster', 'cron start', 0, '17-01-17', '89.184.78.102', 'admin', 1),
('2017-01-17 20:41:53', 'ghostbuster', 'cron end', 0, '17-01-17', '89.184.78.102', 'admin', 1),
('2017-01-17 21:52:39', 'ghostbuster', 'cron start', 0, '17-01-17', '89.184.78.102', 'admin', 1),
('2017-01-17 21:52:39', 'ghostbuster', 'cron end', 0, '17-01-17', '89.184.78.102', 'admin', 1),
('2017-01-17 22:56:46', 'ghostbuster', 'cron start', 0, '17-01-17', '89.184.78.102', 'admin', 1),
('2017-01-17 22:56:46', 'ghostbuster', 'cron end', 0, '17-01-17', '89.184.78.102', 'admin', 1),
('2017-01-18 00:14:04', 'ghostbuster', 'cron start', 0, '17-01-18', '89.184.78.102', 'admin', 1),
('2017-01-18 00:14:04', 'ghostbuster', 'cron end', 0, '17-01-18', '89.184.78.102', 'admin', 1),
('2017-01-18 02:47:38', 'ghostbuster', 'cron start', 0, '17-01-18', '89.184.78.102', 'admin', 1),
('2017-01-18 02:47:38', 'ghostbuster', 'cron end', 0, '17-01-18', '89.184.78.102', 'admin', 1),
('2017-01-18 03:57:02', 'ghostbuster', 'cron start', 0, '17-01-18', '89.184.78.102', 'admin', 1),
('2017-01-18 03:57:02', 'ghostbuster', 'cron end', 0, '17-01-18', '89.184.78.102', 'admin', 1),
('2017-01-18 05:02:16', 'ghostbuster', 'cron start', 0, '17-01-18', '89.184.78.102', 'admin', 1),
('2017-01-18 05:02:16', 'ghostbuster', 'cron end', 0, '17-01-18', '89.184.78.102', 'admin', 1),
('2017-01-18 07:50:32', 'ghostbuster', 'cron start', 0, '17-01-18', '89.184.78.102', 'admin', 1),
('2017-01-18 07:50:33', 'ghostbuster', 'cron end', 0, '17-01-18', '89.184.78.102', 'admin', 1),
('2017-01-18 09:34:30', 'ghostbuster', 'cron start', 0, '17-01-18', '89.184.78.102', 'admin', 1),
('2017-01-18 09:34:30', 'ghostbuster', 'cron end', 0, '17-01-18', '89.184.78.102', 'admin', 1),
('2017-01-18 11:16:17', 'ghostbuster', 'cron start', 0, '17-01-18', '89.184.78.102', 'admin', 1),
('2017-01-18 11:16:17', 'ghostbuster', 'cron end', 0, '17-01-18', '89.184.78.102', 'admin', 1),
('2017-01-18 12:36:04', 'ghostbuster', 'cron start', 0, '17-01-18', '89.184.78.102', 'admin', 1),
('2017-01-18 12:36:04', 'ghostbuster', 'cron end', 0, '17-01-18', '89.184.78.102', 'admin', 1),
('2017-01-18 14:16:03', 'ghostbuster', 'cron start', 0, '17-01-18', '89.184.78.102', 'admin', 1),
('2017-01-18 14:16:03', 'ghostbuster', 'cron end', 0, '17-01-18', '89.184.78.102', 'admin', 1),
('2017-01-18 14:35:19', 'user', 'add', 20, 'poppy-loar@e-swojswiat.pl', '165.231.103.234', 'user', 20),
('2017-01-18 15:21:08', 'ghostbuster', 'cron start', 0, '17-01-18', '89.184.78.102', 'admin', 1),
('2017-01-18 15:21:08', 'ghostbuster', 'cron end', 0, '17-01-18', '89.184.78.102', 'admin', 1),
('2017-01-18 16:29:43', 'ghostbuster', 'cron start', 0, '17-01-18', '89.184.78.102', 'admin', 1),
('2017-01-18 16:29:43', 'ghostbuster', 'cron end', 0, '17-01-18', '89.184.78.102', 'admin', 1),
('2017-01-18 17:51:03', 'ghostbuster', 'cron start', 0, '17-01-18', '89.184.78.102', 'admin', 1),
('2017-01-18 17:51:03', 'ghostbuster', 'cron end', 0, '17-01-18', '89.184.78.102', 'admin', 1),
('2017-01-18 19:03:17', 'ghostbuster', 'cron start', 0, '17-01-18', '89.184.78.102', 'admin', 1),
('2017-01-18 19:03:17', 'ghostbuster', 'cron end', 0, '17-01-18', '89.184.78.102', 'admin', 1),
('2017-01-18 20:04:13', 'ghostbuster', 'cron start', 0, '17-01-18', '89.184.78.102', 'admin', 1),
('2017-01-18 20:04:13', 'ghostbuster', 'cron end', 0, '17-01-18', '89.184.78.102', 'admin', 1),
('2017-01-18 21:15:00', 'ghostbuster', 'cron start', 0, '17-01-18', '89.184.78.102', 'admin', 1),
('2017-01-18 21:15:00', 'ghostbuster', 'cron end', 0, '17-01-18', '89.184.78.102', 'admin', 1),
('2017-01-18 22:29:50', 'ghostbuster', 'cron start', 0, '17-01-18', '89.184.78.102', 'admin', 1),
('2017-01-18 22:29:50', 'ghostbuster', 'cron end', 0, '17-01-18', '89.184.78.102', 'admin', 1),
('2017-01-18 23:42:52', 'ghostbuster', 'cron start', 0, '17-01-18', '89.184.78.102', 'admin', 1),
('2017-01-18 23:42:52', 'ghostbuster', 'cron end', 0, '17-01-18', '89.184.78.102', 'admin', 1),
('2017-01-19 01:00:56', 'ghostbuster', 'cron start', 0, '17-01-19', '89.184.78.102', 'admin', 1),
('2017-01-19 01:00:56', 'ghostbuster', 'cron end', 0, '17-01-19', '89.184.78.102', 'admin', 1),
('2017-01-19 03:46:29', 'ghostbuster', 'cron start', 0, '17-01-19', '89.184.78.102', 'admin', 1),
('2017-01-19 03:46:29', 'ghostbuster', 'cron end', 0, '17-01-19', '89.184.78.102', 'admin', 1),
('2017-01-19 05:43:52', 'ghostbuster', 'cron start', 0, '17-01-19', '89.184.78.102', 'admin', 1),
('2017-01-19 05:43:52', 'ghostbuster', 'cron end', 0, '17-01-19', '89.184.78.102', 'admin', 1),
('2017-01-19 07:15:46', 'ghostbuster', 'cron start', 0, '17-01-19', '89.184.78.102', 'admin', 1),
('2017-01-19 07:15:46', 'ghostbuster', 'cron end', 0, '17-01-19', '89.184.78.102', 'admin', 1),
('2017-01-19 08:32:26', 'ghostbuster', 'cron start', 0, '17-01-19', '89.184.78.102', 'admin', 1),
('2017-01-19 08:32:26', 'ghostbuster', 'cron end', 0, '17-01-19', '89.184.78.102', 'admin', 1),
('2017-01-19 09:36:47', 'ghostbuster', 'cron start', 0, '17-01-19', '89.184.78.102', 'admin', 1),
('2017-01-19 09:36:47', 'ghostbuster', 'cron end', 0, '17-01-19', '89.184.78.102', 'admin', 1),
('2017-01-19 11:22:43', 'ghostbuster', 'cron start', 0, '17-01-19', '89.184.78.102', 'admin', 1),
('2017-01-19 11:22:43', 'ghostbuster', 'cron end', 0, '17-01-19', '89.184.78.102', 'admin', 1),
('2017-01-19 12:30:20', 'ghostbuster', 'cron start', 0, '17-01-19', '89.184.78.102', 'admin', 1),
('2017-01-19 12:30:20', 'ghostbuster', 'cron end', 0, '17-01-19', '89.184.78.102', 'admin', 1),
('2017-01-19 13:48:20', 'ghostbuster', 'cron start', 0, '17-01-19', '89.184.78.102', 'admin', 1),
('2017-01-19 13:48:20', 'ghostbuster', 'cron end', 0, '17-01-19', '89.184.78.102', 'admin', 1),
('2017-01-19 14:51:14', 'ghostbuster', 'cron start', 0, '17-01-19', '89.184.78.102', 'admin', 1),
('2017-01-19 14:51:14', 'ghostbuster', 'cron end', 0, '17-01-19', '89.184.78.102', 'admin', 1),
('2017-01-19 15:58:56', 'ghostbuster', 'cron start', 0, '17-01-19', '89.184.78.102', 'admin', 1),
('2017-01-19 15:58:56', 'ghostbuster', 'cron end', 0, '17-01-19', '89.184.78.102', 'admin', 1),
('2017-01-19 17:45:25', 'ghostbuster', 'cron start', 0, '17-01-19', '89.184.78.102', 'admin', 1),
('2017-01-19 17:45:25', 'ghostbuster', 'cron end', 0, '17-01-19', '89.184.78.102', 'admin', 1),
('2017-01-19 20:02:24', 'ghostbuster', 'cron start', 0, '17-01-19', '89.184.78.102', 'admin', 1),
('2017-01-19 20:02:24', 'ghostbuster', 'cron end', 0, '17-01-19', '89.184.78.102', 'admin', 1),
('2017-01-19 21:11:45', 'ghostbuster', 'cron start', 0, '17-01-19', '89.184.78.102', 'admin', 1),
('2017-01-19 21:11:45', 'ghostbuster', 'cron end', 0, '17-01-19', '89.184.78.102', 'admin', 1),
('2017-01-20 00:59:12', 'ghostbuster', 'cron start', 0, '17-01-20', '89.184.78.102', 'admin', 1),
('2017-01-20 00:59:12', 'ghostbuster', 'cron end', 0, '17-01-20', '89.184.78.102', 'admin', 1),
('2017-01-20 02:11:32', 'ghostbuster', 'cron start', 0, '17-01-20', '89.184.78.102', 'admin', 1),
('2017-01-20 02:11:33', 'ghostbuster', 'cron end', 0, '17-01-20', '89.184.78.102', 'admin', 1),
('2017-01-20 04:27:16', 'ghostbuster', 'cron start', 0, '17-01-20', '89.184.78.102', 'admin', 1),
('2017-01-20 04:27:16', 'ghostbuster', 'cron end', 0, '17-01-20', '89.184.78.102', 'admin', 1),
('2017-01-20 05:33:58', 'ghostbuster', 'cron start', 0, '17-01-20', '89.184.78.102', 'admin', 1),
('2017-01-20 05:33:58', 'ghostbuster', 'cron end', 0, '17-01-20', '89.184.78.102', 'admin', 1),
('2017-01-20 09:33:15', 'ghostbuster', 'cron start', 0, '17-01-20', '89.184.78.102', 'admin', 1),
('2017-01-20 09:33:15', 'ghostbuster', 'cron end', 0, '17-01-20', '89.184.78.102', 'admin', 1),
('2017-01-20 12:41:08', 'ghostbuster', 'cron start', 0, '17-01-20', '89.184.78.102', 'admin', 1),
('2017-01-20 12:41:08', 'ghostbuster', 'cron end', 0, '17-01-20', '89.184.78.102', 'admin', 1),
('2017-01-20 14:05:05', 'ghostbuster', 'cron start', 0, '17-01-20', '89.184.78.102', 'admin', 1),
('2017-01-20 14:05:05', 'ghostbuster', 'cron end', 0, '17-01-20', '89.184.78.102', 'admin', 1),
('2017-01-20 15:12:48', 'ghostbuster', 'cron start', 0, '17-01-20', '89.184.78.102', 'admin', 1),
('2017-01-20 15:12:48', 'ghostbuster', 'cron end', 0, '17-01-20', '89.184.78.102', 'admin', 1),
('2017-01-20 17:04:45', 'ghostbuster', 'cron start', 0, '17-01-20', '89.184.78.102', 'admin', 1),
('2017-01-20 17:04:45', 'ghostbuster', 'cron end', 0, '17-01-20', '89.184.78.102', 'admin', 1),
('2017-01-20 18:21:21', 'ghostbuster', 'cron start', 0, '17-01-20', '89.184.78.102', 'admin', 1),
('2017-01-20 18:21:21', 'ghostbuster', 'cron end', 0, '17-01-20', '89.184.78.102', 'admin', 1),
('2017-01-20 19:58:12', 'ghostbuster', 'cron start', 0, '17-01-20', '89.184.78.102', 'admin', 1),
('2017-01-20 19:58:12', 'ghostbuster', 'cron end', 0, '17-01-20', '89.184.78.102', 'admin', 1),
('2017-01-20 21:16:08', 'ghostbuster', 'cron start', 0, '17-01-20', '89.184.78.102', 'admin', 1),
('2017-01-20 21:16:08', 'ghostbuster', 'cron end', 0, '17-01-20', '89.184.78.102', 'admin', 1),
('2017-01-20 23:31:57', 'ghostbuster', 'cron start', 0, '17-01-20', '89.184.78.102', 'admin', 1),
('2017-01-20 23:31:57', 'ghostbuster', 'cron end', 0, '17-01-20', '89.184.78.102', 'admin', 1),
('2017-01-21 01:11:03', 'ghostbuster', 'cron start', 0, '17-01-21', '89.184.78.102', 'admin', 1),
('2017-01-21 01:11:03', 'ghostbuster', 'cron end', 0, '17-01-21', '89.184.78.102', 'admin', 1),
('2017-01-21 03:20:18', 'ghostbuster', 'cron start', 0, '17-01-21', '89.184.78.102', 'admin', 1),
('2017-01-21 03:20:18', 'ghostbuster', 'cron end', 0, '17-01-21', '89.184.78.102', 'admin', 1),
('2017-01-21 07:04:38', 'ghostbuster', 'cron start', 0, '17-01-21', '89.184.78.102', 'admin', 1),
('2017-01-21 07:04:38', 'ghostbuster', 'cron end', 0, '17-01-21', '89.184.78.102', 'admin', 1),
('2017-01-21 08:15:43', 'ghostbuster', 'cron start', 0, '17-01-21', '89.184.78.102', 'admin', 1),
('2017-01-21 08:15:43', 'ghostbuster', 'cron end', 0, '17-01-21', '89.184.78.102', 'admin', 1),
('2017-01-21 09:23:27', 'ghostbuster', 'cron start', 0, '17-01-21', '89.184.78.102', 'admin', 1),
('2017-01-21 09:23:27', 'ghostbuster', 'cron end', 0, '17-01-21', '89.184.78.102', 'admin', 1),
('2017-01-21 10:53:22', 'ghostbuster', 'cron start', 0, '17-01-21', '89.184.78.102', 'admin', 1),
('2017-01-21 10:53:22', 'ghostbuster', 'cron end', 0, '17-01-21', '89.184.78.102', 'admin', 1),
('2017-01-21 12:13:26', 'ghostbuster', 'cron start', 0, '17-01-21', '89.184.78.102', 'admin', 1),
('2017-01-21 12:13:27', 'ghostbuster', 'cron end', 0, '17-01-21', '89.184.78.102', 'admin', 1),
('2017-01-21 14:06:02', 'ghostbuster', 'cron start', 0, '17-01-21', '89.184.78.102', 'admin', 1),
('2017-01-21 14:06:02', 'ghostbuster', 'cron end', 0, '17-01-21', '89.184.78.102', 'admin', 1),
('2017-01-21 15:06:26', 'ghostbuster', 'cron start', 0, '17-01-21', '89.184.78.102', 'admin', 1),
('2017-01-21 15:06:26', 'ghostbuster', 'cron end', 0, '17-01-21', '89.184.78.102', 'admin', 1),
('2017-01-21 16:19:59', 'ghostbuster', 'cron start', 0, '17-01-21', '89.184.78.102', 'admin', 1),
('2017-01-21 16:19:59', 'ghostbuster', 'cron end', 0, '17-01-21', '89.184.78.102', 'admin', 1),
('2017-01-21 18:24:47', 'ghostbuster', 'cron start', 0, '17-01-21', '89.184.78.102', 'admin', 1),
('2017-01-21 18:24:47', 'ghostbuster', 'cron end', 0, '17-01-21', '89.184.78.102', 'admin', 1),
('2017-01-21 21:15:17', 'ghostbuster', 'cron start', 0, '17-01-21', '89.184.78.102', 'admin', 1),
('2017-01-21 21:15:17', 'ghostbuster', 'cron end', 0, '17-01-21', '89.184.78.102', 'admin', 1),
('2017-01-21 22:30:18', 'ghostbuster', 'cron start', 0, '17-01-21', '89.184.78.102', 'admin', 1),
('2017-01-21 22:30:18', 'ghostbuster', 'cron end', 0, '17-01-21', '89.184.78.102', 'admin', 1),
('2017-01-22 00:31:55', 'ghostbuster', 'cron start', 0, '17-01-22', '89.184.78.102', 'admin', 1),
('2017-01-22 00:31:55', 'ghostbuster', 'cron end', 0, '17-01-22', '89.184.78.102', 'admin', 1),
('2017-01-22 02:28:15', 'ghostbuster', 'cron start', 0, '17-01-22', '89.184.78.102', 'admin', 1),
('2017-01-22 02:28:15', 'ghostbuster', 'cron end', 0, '17-01-22', '89.184.78.102', 'admin', 1),
('2017-01-22 03:36:25', 'ghostbuster', 'cron start', 0, '17-01-22', '89.184.78.102', 'admin', 1),
('2017-01-22 03:36:25', 'ghostbuster', 'cron end', 0, '17-01-22', '89.184.78.102', 'admin', 1),
('2017-01-22 04:38:15', 'ghostbuster', 'cron start', 0, '17-01-22', '89.184.78.102', 'admin', 1),
('2017-01-22 04:38:15', 'ghostbuster', 'cron end', 0, '17-01-22', '89.184.78.102', 'admin', 1),
('2017-01-22 05:49:58', 'ghostbuster', 'cron start', 0, '17-01-22', '89.184.78.102', 'admin', 1),
('2017-01-22 05:49:58', 'ghostbuster', 'cron end', 0, '17-01-22', '89.184.78.102', 'admin', 1),
('2017-01-22 07:09:53', 'ghostbuster', 'cron start', 0, '17-01-22', '89.184.78.102', 'admin', 1),
('2017-01-22 07:09:53', 'ghostbuster', 'cron end', 0, '17-01-22', '89.184.78.102', 'admin', 1),
('2017-01-22 10:54:53', 'ghostbuster', 'cron start', 0, '17-01-22', '89.184.78.102', 'admin', 1),
('2017-01-22 10:54:53', 'ghostbuster', 'cron end', 0, '17-01-22', '89.184.78.102', 'admin', 1),
('2017-01-22 12:22:39', 'ghostbuster', 'cron start', 0, '17-01-22', '89.184.78.102', 'admin', 1),
('2017-01-22 12:22:39', 'ghostbuster', 'cron end', 0, '17-01-22', '89.184.78.102', 'admin', 1),
('2017-01-22 13:41:57', 'ghostbuster', 'cron start', 0, '17-01-22', '89.184.78.102', 'admin', 1),
('2017-01-22 13:41:57', 'ghostbuster', 'cron end', 0, '17-01-22', '89.184.78.102', 'admin', 1),
('2017-01-22 15:03:06', 'ghostbuster', 'cron start', 0, '17-01-22', '89.184.78.102', 'admin', 1),
('2017-01-22 15:03:06', 'ghostbuster', 'cron end', 0, '17-01-22', '89.184.78.102', 'admin', 1),
('2017-01-22 16:53:39', 'ghostbuster', 'cron start', 0, '17-01-22', '89.184.78.102', 'admin', 1),
('2017-01-22 16:53:39', 'ghostbuster', 'cron end', 0, '17-01-22', '89.184.78.102', 'admin', 1),
('2017-01-22 18:25:00', 'ghostbuster', 'cron start', 0, '17-01-22', '89.184.78.102', 'admin', 1),
('2017-01-22 18:25:00', 'ghostbuster', 'cron end', 0, '17-01-22', '89.184.78.102', 'admin', 1),
('2017-01-22 19:26:48', 'ghostbuster', 'cron start', 0, '17-01-22', '89.184.78.102', 'admin', 1),
('2017-01-22 19:26:48', 'ghostbuster', 'cron end', 0, '17-01-22', '89.184.78.102', 'admin', 1),
('2017-01-22 20:36:11', 'ghostbuster', 'cron start', 0, '17-01-22', '89.184.78.102', 'admin', 1),
('2017-01-22 20:36:11', 'ghostbuster', 'cron end', 0, '17-01-22', '89.184.78.102', 'admin', 1),
('2017-01-22 21:42:47', 'ghostbuster', 'cron start', 0, '17-01-22', '89.184.78.102', 'admin', 1),
('2017-01-22 21:42:47', 'ghostbuster', 'cron end', 0, '17-01-22', '89.184.78.102', 'admin', 1),
('2017-01-23 02:20:01', 'ghostbuster', 'cron start', 0, '17-01-23', '89.184.78.102', 'admin', 1),
('2017-01-23 02:20:02', 'ghostbuster', 'cron end', 0, '17-01-23', '89.184.78.102', 'admin', 1),
('2017-01-23 05:10:52', 'ghostbuster', 'cron start', 0, '17-01-23', '89.184.78.102', 'admin', 1),
('2017-01-23 05:10:52', 'ghostbuster', 'cron end', 0, '17-01-23', '89.184.78.102', 'admin', 1),
('2017-01-23 06:24:37', 'ghostbuster', 'cron start', 0, '17-01-23', '89.184.78.102', 'admin', 1),
('2017-01-23 06:24:37', 'ghostbuster', 'cron end', 0, '17-01-23', '89.184.78.102', 'admin', 1),
('2017-01-23 08:27:21', 'ghostbuster', 'cron start', 0, '17-01-23', '89.184.78.102', 'admin', 1),
('2017-01-23 08:27:21', 'ghostbuster', 'cron end', 0, '17-01-23', '89.184.78.102', 'admin', 1),
('2017-01-23 11:09:24', 'ghostbuster', 'cron start', 0, '17-01-23', '89.184.78.102', 'admin', 1),
('2017-01-23 11:09:24', 'ghostbuster', 'cron end', 0, '17-01-23', '89.184.78.102', 'admin', 1),
('2017-01-23 12:28:38', 'ghostbuster', 'cron start', 0, '17-01-23', '89.184.78.102', 'admin', 1),
('2017-01-23 12:28:38', 'ghostbuster', 'cron end', 0, '17-01-23', '89.184.78.102', 'admin', 1),
('2017-01-23 14:25:38', 'ghostbuster', 'cron start', 0, '17-01-23', '89.184.78.102', 'admin', 1),
('2017-01-23 14:25:38', 'ghostbuster', 'cron end', 0, '17-01-23', '89.184.78.102', 'admin', 1),
('2017-01-23 15:40:45', 'ghostbuster', 'cron start', 0, '17-01-23', '89.184.78.102', 'admin', 1),
('2017-01-23 15:40:45', 'ghostbuster', 'cron end', 0, '17-01-23', '89.184.78.102', 'admin', 1),
('2017-01-23 17:24:35', 'ghostbuster', 'cron start', 0, '17-01-23', '89.184.78.102', 'admin', 1),
('2017-01-23 17:24:36', 'ghostbuster', 'cron end', 0, '17-01-23', '89.184.78.102', 'admin', 1),
('2017-01-23 18:58:04', 'ghostbuster', 'cron start', 0, '17-01-23', '89.184.78.102', 'admin', 1);
INSERT INTO `oc_t_log` (`dt_date`, `s_section`, `s_action`, `fk_i_id`, `s_data`, `s_ip`, `s_who`, `fk_i_who_id`) VALUES
('2017-01-23 18:58:04', 'ghostbuster', 'cron end', 0, '17-01-23', '89.184.78.102', 'admin', 1),
('2017-01-23 20:13:25', 'ghostbuster', 'cron start', 0, '17-01-23', '89.184.78.102', 'admin', 1),
('2017-01-23 20:13:25', 'ghostbuster', 'cron end', 0, '17-01-23', '89.184.78.102', 'admin', 1),
('2017-01-23 21:32:00', 'ghostbuster', 'cron start', 0, '17-01-23', '89.184.78.102', 'admin', 1),
('2017-01-23 21:32:00', 'ghostbuster', 'cron end', 0, '17-01-23', '89.184.78.102', 'admin', 1),
('2017-01-24 03:19:31', 'ghostbuster', 'cron start', 0, '17-01-24', '89.184.78.102', 'admin', 1),
('2017-01-24 03:19:31', 'ghostbuster', 'cron end', 0, '17-01-24', '89.184.78.102', 'admin', 1),
('2017-01-24 13:01:54', 'ghostbuster', 'cron start', 0, '17-01-24', '89.184.78.102', 'admin', 1),
('2017-01-24 13:01:54', 'ghostbuster', 'cron end', 0, '17-01-24', '89.184.78.102', 'admin', 1),
('2017-01-24 21:15:51', 'ghostbuster', 'cron start', 0, '17-01-24', '89.184.78.102', 'admin', 1),
('2017-01-24 21:15:51', 'ghostbuster', 'cron end', 0, '17-01-24', '89.184.78.102', 'admin', 1),
('2017-01-24 22:24:21', 'ghostbuster', 'cron start', 0, '17-01-24', '89.184.78.102', 'admin', 1),
('2017-01-24 22:24:21', 'ghostbuster', 'cron end', 0, '17-01-24', '89.184.78.102', 'admin', 1),
('2017-01-25 01:24:51', 'ghostbuster', 'cron start', 0, '17-01-25', '89.184.78.102', 'admin', 1),
('2017-01-25 01:24:51', 'ghostbuster', 'cron end', 0, '17-01-25', '89.184.78.102', 'admin', 1),
('2017-01-25 03:12:53', 'ghostbuster', 'cron start', 0, '17-01-25', '89.184.78.102', 'admin', 1),
('2017-01-25 03:12:53', 'ghostbuster', 'cron end', 0, '17-01-25', '89.184.78.102', 'admin', 1),
('2017-01-25 11:47:53', 'ghostbuster', 'cron start', 0, '17-01-25', '89.184.78.102', 'admin', 1),
('2017-01-25 11:47:53', 'ghostbuster', 'cron end', 0, '17-01-25', '89.184.78.102', 'admin', 1),
('2017-01-25 18:45:00', 'ghostbuster', 'cron start', 0, '17-01-25', '89.184.78.102', 'admin', 1),
('2017-01-25 18:45:00', 'ghostbuster', 'cron end', 0, '17-01-25', '89.184.78.102', 'admin', 1),
('2017-01-25 18:55:19', 'item', 'add', 64, 'xddd', '46.133.16.52', 'user', 0),
('2017-01-25 19:47:37', 'ghostbuster', 'cron start', 0, '17-01-25', '89.184.78.102', 'admin', 1),
('2017-01-25 19:47:37', 'ghostbuster', 'cron end', 0, '17-01-25', '89.184.78.102', 'admin', 1),
('2017-01-26 11:26:07', 'ghostbuster', 'cron start', 0, '17-01-26', '89.184.78.102', 'admin', 1),
('2017-01-26 11:26:07', 'ghostbuster', 'cron end', 0, '17-01-26', '89.184.78.102', 'admin', 1),
('2017-01-26 11:55:18', 'item', 'add', 65, '', '176.37.56.117', 'user', 0),
('2017-01-26 11:57:11', 'itemActions', 'deleteResourcesFromHD', 65, '65', '176.37.56.117', 'admin', 1),
('2017-01-26 11:57:11', 'itemActions', 'deleteResourcesFromHD', 65, '0', '176.37.56.117', 'admin', 1),
('2017-01-26 11:57:11', 'item', 'delete', 65, 'gdfgdfgd', '176.37.56.117', 'admin', 1),
('2017-01-26 11:57:11', 'Item', 'deleteResourcesFromHD', 65, '65', '176.37.56.117', 'admin', 1),
('2017-01-26 11:57:11', 'Item', 'deleteResourcesFromHD', 65, '0', '176.37.56.117', 'admin', 1),
('2017-01-26 11:57:11', 'itemActions', 'deleteResourcesFromHD', 64, '64', '176.37.56.117', 'admin', 1),
('2017-01-26 11:57:11', 'itemActions', 'deleteResourcesFromHD', 64, '0', '176.37.56.117', 'admin', 1),
('2017-01-26 11:57:11', 'item', 'delete', 64, 'Мебель для прихожей in Батурин', '176.37.56.117', 'admin', 1),
('2017-01-26 11:57:11', 'Item', 'deleteResourcesFromHD', 64, '64', '176.37.56.117', 'admin', 1),
('2017-01-26 11:57:11', 'Item', 'deleteResourcesFromHD', 64, '0', '176.37.56.117', 'admin', 1),
('2017-01-26 11:57:11', 'itemActions', 'deleteResourcesFromHD', 57, '57', '176.37.56.117', 'admin', 1),
('2017-01-26 11:57:11', 'item', 'delete resource', 58, '58', '176.37.56.117', 'admin', 1),
('2017-01-26 11:57:11', 'item', 'delete resource backtrace', 58, '#0 osc_deleteResource called@ [/var/www/porukam/porukam.kiev.ua/oc-includes/osclass/ItemActions.php:812] / #1 deleteResourcesFromHD called@ [/var/www/porukam/porukam.kiev.ua/oc-includes/osclass/ItemActions.php:790] / #2 delete called@ [/var/www/poruk', '176.37.56.117', 'admin', 1),
('2017-01-26 11:57:11', 'itemActions', 'deleteResourcesFromHD', 57, '58,', '176.37.56.117', 'admin', 1),
('2017-01-26 11:57:11', 'item', 'delete', 57, 'телефон', '176.37.56.117', 'admin', 1),
('2017-01-26 11:57:11', 'Item', 'deleteResourcesFromHD', 57, '57', '176.37.56.117', 'admin', 1),
('2017-01-26 11:57:11', 'item', 'delete resource', 58, '58', '176.37.56.117', 'admin', 1),
('2017-01-26 11:57:11', 'item', 'delete resource backtrace', 58, '#0 osc_deleteResource called@ [/var/www/porukam/porukam.kiev.ua/oc-includes/osclass/model/Item.php:990] / #1 deleteResourcesFromHD called@ [/var/www/porukam/porukam.kiev.ua/oc-includes/osclass/model/Item.php:961] / #2 deleteByPrimaryKey called@ [/var', '176.37.56.117', 'admin', 1),
('2017-01-26 11:57:11', 'Item', 'deleteResourcesFromHD', 57, '58,', '176.37.56.117', 'admin', 1),
('2017-01-26 12:30:20', 'ghostbuster', 'cron start', 0, '17-01-26', '89.184.78.102', 'admin', 1),
('2017-01-26 12:30:20', 'ghostbuster', 'cron end', 0, '17-01-26', '89.184.78.102', 'admin', 1),
('2017-01-26 12:32:24', 'item', 'add', 66, 'вапвпвап', '176.37.56.117', 'user', 0),
('2017-01-26 19:27:27', 'ghostbuster', 'cron start', 0, '17-01-26', '89.184.78.102', 'admin', 1),
('2017-01-26 19:27:27', 'ghostbuster', 'cron end', 0, '17-01-26', '89.184.78.102', 'admin', 1),
('2017-01-26 23:29:32', 'ghostbuster', 'cron start', 0, '17-01-26', '89.184.78.102', 'admin', 1),
('2017-01-26 23:29:32', 'ghostbuster', 'cron end', 0, '17-01-26', '89.184.78.102', 'admin', 1),
('2017-01-27 01:37:00', 'ghostbuster', 'cron start', 0, '17-01-27', '89.184.78.102', 'admin', 1),
('2017-01-27 01:37:00', 'ghostbuster', 'cron end', 0, '17-01-27', '89.184.78.102', 'admin', 1),
('2017-01-27 02:00:48', 'itemActions', 'deleteResourcesFromHD', 66, '66', '31.43.131.21', 'admin', 1),
('2017-01-27 02:00:48', 'itemActions', 'deleteResourcesFromHD', 66, '0', '31.43.131.21', 'admin', 1),
('2017-01-27 02:00:48', 'item', 'delete', 66, 'Напитки in Бар', '31.43.131.21', 'admin', 1),
('2017-01-27 02:00:48', 'Item', 'deleteResourcesFromHD', 66, '66', '31.43.131.21', 'admin', 1),
('2017-01-27 02:00:48', 'Item', 'deleteResourcesFromHD', 66, '0', '31.43.131.21', 'admin', 1),
('2017-01-27 02:00:48', 'itemActions', 'deleteResourcesFromHD', 63, '63', '31.43.131.21', 'admin', 1),
('2017-01-27 02:00:48', 'item', 'delete resource', 70, '70', '31.43.131.21', 'admin', 1),
('2017-01-27 02:00:48', 'item', 'delete resource backtrace', 70, '#0 osc_deleteResource called@ [/var/www/porukam/porukam.kiev.ua/oc-includes/osclass/ItemActions.php:812] / #1 deleteResourcesFromHD called@ [/var/www/porukam/porukam.kiev.ua/oc-includes/osclass/ItemActions.php:790] / #2 delete called@ [/var/www/poruk', '31.43.131.21', 'admin', 1),
('2017-01-27 02:00:48', 'itemActions', 'deleteResourcesFromHD', 63, '70,', '31.43.131.21', 'admin', 1),
('2017-01-27 02:00:48', 'item', 'delete', 63, 'Продам штангу 100 кг', '31.43.131.21', 'admin', 1),
('2017-01-27 02:00:48', 'Item', 'deleteResourcesFromHD', 63, '63', '31.43.131.21', 'admin', 1),
('2017-01-27 02:00:48', 'item', 'delete resource', 70, '70', '31.43.131.21', 'admin', 1),
('2017-01-27 02:00:48', 'item', 'delete resource backtrace', 70, '#0 osc_deleteResource called@ [/var/www/porukam/porukam.kiev.ua/oc-includes/osclass/model/Item.php:990] / #1 deleteResourcesFromHD called@ [/var/www/porukam/porukam.kiev.ua/oc-includes/osclass/model/Item.php:961] / #2 deleteByPrimaryKey called@ [/var', '31.43.131.21', 'admin', 1),
('2017-01-27 02:00:48', 'Item', 'deleteResourcesFromHD', 63, '70,', '31.43.131.21', 'admin', 1),
('2017-01-27 02:00:48', 'itemActions', 'deleteResourcesFromHD', 62, '62', '31.43.131.21', 'admin', 1),
('2017-01-27 02:00:48', 'itemActions', 'deleteResourcesFromHD', 62, '0', '31.43.131.21', 'admin', 1),
('2017-01-27 02:00:48', 'item', 'delete', 62, 'Одежда/Обувь  in Симферополь', '31.43.131.21', 'admin', 1),
('2017-01-27 02:00:48', 'Item', 'deleteResourcesFromHD', 62, '62', '31.43.131.21', 'admin', 1),
('2017-01-27 02:00:48', 'Item', 'deleteResourcesFromHD', 62, '0', '31.43.131.21', 'admin', 1),
('2017-01-27 02:00:48', 'itemActions', 'deleteResourcesFromHD', 60, '60', '31.43.131.21', 'admin', 1),
('2017-01-27 02:00:48', 'item', 'delete resource', 68, '68', '31.43.131.21', 'admin', 1),
('2017-01-27 02:00:48', 'item', 'delete resource backtrace', 68, '#0 osc_deleteResource called@ [/var/www/porukam/porukam.kiev.ua/oc-includes/osclass/ItemActions.php:812] / #1 deleteResourcesFromHD called@ [/var/www/porukam/porukam.kiev.ua/oc-includes/osclass/ItemActions.php:790] / #2 delete called@ [/var/www/poruk', '31.43.131.21', 'admin', 1),
('2017-01-27 02:00:48', 'item', 'delete resource', 69, '69', '31.43.131.21', 'admin', 1),
('2017-01-27 02:00:48', 'item', 'delete resource backtrace', 69, '#0 osc_deleteResource called@ [/var/www/porukam/porukam.kiev.ua/oc-includes/osclass/ItemActions.php:812] / #1 deleteResourcesFromHD called@ [/var/www/porukam/porukam.kiev.ua/oc-includes/osclass/ItemActions.php:790] / #2 delete called@ [/var/www/poruk', '31.43.131.21', 'admin', 1),
('2017-01-27 02:00:48', 'itemActions', 'deleteResourcesFromHD', 60, '68,69,', '31.43.131.21', 'admin', 1),
('2017-01-27 02:00:48', 'item', 'delete', 60, 'Продам окуня', '31.43.131.21', 'admin', 1),
('2017-01-27 02:00:48', 'Item', 'deleteResourcesFromHD', 60, '60', '31.43.131.21', 'admin', 1),
('2017-01-27 02:00:48', 'item', 'delete resource', 68, '68', '31.43.131.21', 'admin', 1),
('2017-01-27 02:00:48', 'item', 'delete resource backtrace', 68, '#0 osc_deleteResource called@ [/var/www/porukam/porukam.kiev.ua/oc-includes/osclass/model/Item.php:990] / #1 deleteResourcesFromHD called@ [/var/www/porukam/porukam.kiev.ua/oc-includes/osclass/model/Item.php:961] / #2 deleteByPrimaryKey called@ [/var', '31.43.131.21', 'admin', 1),
('2017-01-27 02:00:48', 'item', 'delete resource', 69, '69', '31.43.131.21', 'admin', 1),
('2017-01-27 02:00:48', 'item', 'delete resource backtrace', 69, '#0 osc_deleteResource called@ [/var/www/porukam/porukam.kiev.ua/oc-includes/osclass/model/Item.php:990] / #1 deleteResourcesFromHD called@ [/var/www/porukam/porukam.kiev.ua/oc-includes/osclass/model/Item.php:961] / #2 deleteByPrimaryKey called@ [/var', '31.43.131.21', 'admin', 1),
('2017-01-27 02:00:48', 'Item', 'deleteResourcesFromHD', 60, '68,69,', '31.43.131.21', 'admin', 1),
('2017-01-27 02:00:48', 'itemActions', 'deleteResourcesFromHD', 58, '58', '31.43.131.21', 'admin', 1),
('2017-01-27 02:00:48', 'item', 'delete resource', 59, '59', '31.43.131.21', 'admin', 1),
('2017-01-27 02:00:48', 'item', 'delete resource backtrace', 59, '#0 osc_deleteResource called@ [/var/www/porukam/porukam.kiev.ua/oc-includes/osclass/ItemActions.php:812] / #1 deleteResourcesFromHD called@ [/var/www/porukam/porukam.kiev.ua/oc-includes/osclass/ItemActions.php:790] / #2 delete called@ [/var/www/poruk', '31.43.131.21', 'admin', 1),
('2017-01-27 02:00:48', 'itemActions', 'deleteResourcesFromHD', 58, '59,', '31.43.131.21', 'admin', 1),
('2017-01-27 02:00:48', 'item', 'delete', 58, 'Прочее in Киев', '31.43.131.21', 'admin', 1),
('2017-01-27 02:00:48', 'Item', 'deleteResourcesFromHD', 58, '58', '31.43.131.21', 'admin', 1),
('2017-01-27 02:00:48', 'item', 'delete resource', 59, '59', '31.43.131.21', 'admin', 1),
('2017-01-27 02:00:48', 'item', 'delete resource backtrace', 59, '#0 osc_deleteResource called@ [/var/www/porukam/porukam.kiev.ua/oc-includes/osclass/model/Item.php:990] / #1 deleteResourcesFromHD called@ [/var/www/porukam/porukam.kiev.ua/oc-includes/osclass/model/Item.php:961] / #2 deleteByPrimaryKey called@ [/var', '31.43.131.21', 'admin', 1),
('2017-01-27 02:00:48', 'Item', 'deleteResourcesFromHD', 58, '59,', '31.43.131.21', 'admin', 1),
('2017-01-27 02:00:48', 'itemActions', 'deleteResourcesFromHD', 56, '56', '31.43.131.21', 'admin', 1),
('2017-01-27 02:00:48', 'item', 'delete resource', 49, '49', '31.43.131.21', 'admin', 1),
('2017-01-27 02:00:48', 'item', 'delete resource backtrace', 49, '#0 osc_deleteResource called@ [/var/www/porukam/porukam.kiev.ua/oc-includes/osclass/ItemActions.php:812] / #1 deleteResourcesFromHD called@ [/var/www/porukam/porukam.kiev.ua/oc-includes/osclass/ItemActions.php:790] / #2 delete called@ [/var/www/poruk', '31.43.131.21', 'admin', 1),
('2017-01-27 02:00:48', 'item', 'delete resource', 50, '50', '31.43.131.21', 'admin', 1),
('2017-01-27 02:00:48', 'item', 'delete resource backtrace', 50, '#0 osc_deleteResource called@ [/var/www/porukam/porukam.kiev.ua/oc-includes/osclass/ItemActions.php:812] / #1 deleteResourcesFromHD called@ [/var/www/porukam/porukam.kiev.ua/oc-includes/osclass/ItemActions.php:790] / #2 delete called@ [/var/www/poruk', '31.43.131.21', 'admin', 1),
('2017-01-27 02:00:48', 'item', 'delete resource', 51, '51', '31.43.131.21', 'admin', 1),
('2017-01-27 02:00:48', 'item', 'delete resource backtrace', 51, '#0 osc_deleteResource called@ [/var/www/porukam/porukam.kiev.ua/oc-includes/osclass/ItemActions.php:812] / #1 deleteResourcesFromHD called@ [/var/www/porukam/porukam.kiev.ua/oc-includes/osclass/ItemActions.php:790] / #2 delete called@ [/var/www/poruk', '31.43.131.21', 'admin', 1),
('2017-01-27 02:00:48', 'item', 'delete resource', 52, '52', '31.43.131.21', 'admin', 1),
('2017-01-27 02:00:48', 'item', 'delete resource backtrace', 52, '#0 osc_deleteResource called@ [/var/www/porukam/porukam.kiev.ua/oc-includes/osclass/ItemActions.php:812] / #1 deleteResourcesFromHD called@ [/var/www/porukam/porukam.kiev.ua/oc-includes/osclass/ItemActions.php:790] / #2 delete called@ [/var/www/poruk', '31.43.131.21', 'admin', 1),
('2017-01-27 02:00:48', 'item', 'delete resource', 53, '53', '31.43.131.21', 'admin', 1),
('2017-01-27 02:00:48', 'item', 'delete resource backtrace', 53, '#0 osc_deleteResource called@ [/var/www/porukam/porukam.kiev.ua/oc-includes/osclass/ItemActions.php:812] / #1 deleteResourcesFromHD called@ [/var/www/porukam/porukam.kiev.ua/oc-includes/osclass/ItemActions.php:790] / #2 delete called@ [/var/www/poruk', '31.43.131.21', 'admin', 1),
('2017-01-27 02:00:48', 'item', 'delete resource', 54, '54', '31.43.131.21', 'admin', 1),
('2017-01-27 02:00:48', 'item', 'delete resource backtrace', 54, '#0 osc_deleteResource called@ [/var/www/porukam/porukam.kiev.ua/oc-includes/osclass/ItemActions.php:812] / #1 deleteResourcesFromHD called@ [/var/www/porukam/porukam.kiev.ua/oc-includes/osclass/ItemActions.php:790] / #2 delete called@ [/var/www/poruk', '31.43.131.21', 'admin', 1),
('2017-01-27 02:00:48', 'item', 'delete resource', 55, '55', '31.43.131.21', 'admin', 1),
('2017-01-27 02:00:48', 'item', 'delete resource backtrace', 55, '#0 osc_deleteResource called@ [/var/www/porukam/porukam.kiev.ua/oc-includes/osclass/ItemActions.php:812] / #1 deleteResourcesFromHD called@ [/var/www/porukam/porukam.kiev.ua/oc-includes/osclass/ItemActions.php:790] / #2 delete called@ [/var/www/poruk', '31.43.131.21', 'admin', 1),
('2017-01-27 02:00:48', 'item', 'delete resource', 56, '56', '31.43.131.21', 'admin', 1),
('2017-01-27 02:00:48', 'item', 'delete resource backtrace', 56, '#0 osc_deleteResource called@ [/var/www/porukam/porukam.kiev.ua/oc-includes/osclass/ItemActions.php:812] / #1 deleteResourcesFromHD called@ [/var/www/porukam/porukam.kiev.ua/oc-includes/osclass/ItemActions.php:790] / #2 delete called@ [/var/www/poruk', '31.43.131.21', 'admin', 1),
('2017-01-27 02:00:48', 'itemActions', 'deleteResourcesFromHD', 56, '49,50,51,52,53,54,55,56,', '31.43.131.21', 'admin', 1),
('2017-01-27 02:00:48', 'item', 'delete', 56, 'Одежда/Стиль in Киев', '31.43.131.21', 'admin', 1),
('2017-01-27 02:00:48', 'Item', 'deleteResourcesFromHD', 56, '56', '31.43.131.21', 'admin', 1),
('2017-01-27 02:00:48', 'item', 'delete resource', 49, '49', '31.43.131.21', 'admin', 1),
('2017-01-27 02:00:48', 'item', 'delete resource backtrace', 49, '#0 osc_deleteResource called@ [/var/www/porukam/porukam.kiev.ua/oc-includes/osclass/model/Item.php:990] / #1 deleteResourcesFromHD called@ [/var/www/porukam/porukam.kiev.ua/oc-includes/osclass/model/Item.php:961] / #2 deleteByPrimaryKey called@ [/var', '31.43.131.21', 'admin', 1),
('2017-01-27 02:00:48', 'item', 'delete resource', 50, '50', '31.43.131.21', 'admin', 1),
('2017-01-27 02:00:48', 'item', 'delete resource backtrace', 50, '#0 osc_deleteResource called@ [/var/www/porukam/porukam.kiev.ua/oc-includes/osclass/model/Item.php:990] / #1 deleteResourcesFromHD called@ [/var/www/porukam/porukam.kiev.ua/oc-includes/osclass/model/Item.php:961] / #2 deleteByPrimaryKey called@ [/var', '31.43.131.21', 'admin', 1),
('2017-01-27 02:00:48', 'item', 'delete resource', 51, '51', '31.43.131.21', 'admin', 1),
('2017-01-27 02:00:48', 'item', 'delete resource backtrace', 51, '#0 osc_deleteResource called@ [/var/www/porukam/porukam.kiev.ua/oc-includes/osclass/model/Item.php:990] / #1 deleteResourcesFromHD called@ [/var/www/porukam/porukam.kiev.ua/oc-includes/osclass/model/Item.php:961] / #2 deleteByPrimaryKey called@ [/var', '31.43.131.21', 'admin', 1),
('2017-01-27 02:00:48', 'item', 'delete resource', 52, '52', '31.43.131.21', 'admin', 1),
('2017-01-27 02:00:48', 'item', 'delete resource backtrace', 52, '#0 osc_deleteResource called@ [/var/www/porukam/porukam.kiev.ua/oc-includes/osclass/model/Item.php:990] / #1 deleteResourcesFromHD called@ [/var/www/porukam/porukam.kiev.ua/oc-includes/osclass/model/Item.php:961] / #2 deleteByPrimaryKey called@ [/var', '31.43.131.21', 'admin', 1),
('2017-01-27 02:00:48', 'item', 'delete resource', 53, '53', '31.43.131.21', 'admin', 1),
('2017-01-27 02:00:48', 'item', 'delete resource backtrace', 53, '#0 osc_deleteResource called@ [/var/www/porukam/porukam.kiev.ua/oc-includes/osclass/model/Item.php:990] / #1 deleteResourcesFromHD called@ [/var/www/porukam/porukam.kiev.ua/oc-includes/osclass/model/Item.php:961] / #2 deleteByPrimaryKey called@ [/var', '31.43.131.21', 'admin', 1),
('2017-01-27 02:00:48', 'item', 'delete resource', 54, '54', '31.43.131.21', 'admin', 1),
('2017-01-27 02:00:48', 'item', 'delete resource backtrace', 54, '#0 osc_deleteResource called@ [/var/www/porukam/porukam.kiev.ua/oc-includes/osclass/model/Item.php:990] / #1 deleteResourcesFromHD called@ [/var/www/porukam/porukam.kiev.ua/oc-includes/osclass/model/Item.php:961] / #2 deleteByPrimaryKey called@ [/var', '31.43.131.21', 'admin', 1),
('2017-01-27 02:00:48', 'item', 'delete resource', 55, '55', '31.43.131.21', 'admin', 1),
('2017-01-27 02:00:48', 'item', 'delete resource backtrace', 55, '#0 osc_deleteResource called@ [/var/www/porukam/porukam.kiev.ua/oc-includes/osclass/model/Item.php:990] / #1 deleteResourcesFromHD called@ [/var/www/porukam/porukam.kiev.ua/oc-includes/osclass/model/Item.php:961] / #2 deleteByPrimaryKey called@ [/var', '31.43.131.21', 'admin', 1),
('2017-01-27 02:00:48', 'item', 'delete resource', 56, '56', '31.43.131.21', 'admin', 1),
('2017-01-27 02:00:48', 'item', 'delete resource backtrace', 56, '#0 osc_deleteResource called@ [/var/www/porukam/porukam.kiev.ua/oc-includes/osclass/model/Item.php:990] / #1 deleteResourcesFromHD called@ [/var/www/porukam/porukam.kiev.ua/oc-includes/osclass/model/Item.php:961] / #2 deleteByPrimaryKey called@ [/var', '31.43.131.21', 'admin', 1),
('2017-01-27 02:00:48', 'Item', 'deleteResourcesFromHD', 56, '49,50,51,52,53,54,55,56,', '31.43.131.21', 'admin', 1),
('2017-01-27 02:00:48', 'itemActions', 'deleteResourcesFromHD', 55, '55', '31.43.131.21', 'admin', 1),
('2017-01-27 02:00:48', 'item', 'delete resource', 44, '44', '31.43.131.21', 'admin', 1),
('2017-01-27 02:00:48', 'item', 'delete resource backtrace', 44, '#0 osc_deleteResource called@ [/var/www/porukam/porukam.kiev.ua/oc-includes/osclass/ItemActions.php:812] / #1 deleteResourcesFromHD called@ [/var/www/porukam/porukam.kiev.ua/oc-includes/osclass/ItemActions.php:790] / #2 delete called@ [/var/www/poruk', '31.43.131.21', 'admin', 1),
('2017-01-27 02:00:48', 'item', 'delete resource', 45, '45', '31.43.131.21', 'admin', 1),
('2017-01-27 02:00:48', 'item', 'delete resource backtrace', 45, '#0 osc_deleteResource called@ [/var/www/porukam/porukam.kiev.ua/oc-includes/osclass/ItemActions.php:812] / #1 deleteResourcesFromHD called@ [/var/www/porukam/porukam.kiev.ua/oc-includes/osclass/ItemActions.php:790] / #2 delete called@ [/var/www/poruk', '31.43.131.21', 'admin', 1),
('2017-01-27 02:00:48', 'item', 'delete resource', 46, '46', '31.43.131.21', 'admin', 1),
('2017-01-27 02:00:48', 'item', 'delete resource backtrace', 46, '#0 osc_deleteResource called@ [/var/www/porukam/porukam.kiev.ua/oc-includes/osclass/ItemActions.php:812] / #1 deleteResourcesFromHD called@ [/var/www/porukam/porukam.kiev.ua/oc-includes/osclass/ItemActions.php:790] / #2 delete called@ [/var/www/poruk', '31.43.131.21', 'admin', 1),
('2017-01-27 02:00:48', 'item', 'delete resource', 47, '47', '31.43.131.21', 'admin', 1),
('2017-01-27 02:00:48', 'item', 'delete resource backtrace', 47, '#0 osc_deleteResource called@ [/var/www/porukam/porukam.kiev.ua/oc-includes/osclass/ItemActions.php:812] / #1 deleteResourcesFromHD called@ [/var/www/porukam/porukam.kiev.ua/oc-includes/osclass/ItemActions.php:790] / #2 delete called@ [/var/www/poruk', '31.43.131.21', 'admin', 1),
('2017-01-27 02:00:48', 'item', 'delete resource', 48, '48', '31.43.131.21', 'admin', 1),
('2017-01-27 02:00:48', 'item', 'delete resource backtrace', 48, '#0 osc_deleteResource called@ [/var/www/porukam/porukam.kiev.ua/oc-includes/osclass/ItemActions.php:812] / #1 deleteResourcesFromHD called@ [/var/www/porukam/porukam.kiev.ua/oc-includes/osclass/ItemActions.php:790] / #2 delete called@ [/var/www/poruk', '31.43.131.21', 'admin', 1),
('2017-01-27 02:00:48', 'itemActions', 'deleteResourcesFromHD', 55, '44,45,46,47,48,', '31.43.131.21', 'admin', 1),
('2017-01-27 02:00:48', 'item', 'delete', 55, 'OLX! Продается все!', '31.43.131.21', 'admin', 1),
('2017-01-27 02:00:48', 'Item', 'deleteResourcesFromHD', 55, '55', '31.43.131.21', 'admin', 1),
('2017-01-27 02:00:48', 'item', 'delete resource', 44, '44', '31.43.131.21', 'admin', 1),
('2017-01-27 02:00:48', 'item', 'delete resource backtrace', 44, '#0 osc_deleteResource called@ [/var/www/porukam/porukam.kiev.ua/oc-includes/osclass/model/Item.php:990] / #1 deleteResourcesFromHD called@ [/var/www/porukam/porukam.kiev.ua/oc-includes/osclass/model/Item.php:961] / #2 deleteByPrimaryKey called@ [/var', '31.43.131.21', 'admin', 1),
('2017-01-27 02:00:48', 'item', 'delete resource', 45, '45', '31.43.131.21', 'admin', 1),
('2017-01-27 02:00:48', 'item', 'delete resource backtrace', 45, '#0 osc_deleteResource called@ [/var/www/porukam/porukam.kiev.ua/oc-includes/osclass/model/Item.php:990] / #1 deleteResourcesFromHD called@ [/var/www/porukam/porukam.kiev.ua/oc-includes/osclass/model/Item.php:961] / #2 deleteByPrimaryKey called@ [/var', '31.43.131.21', 'admin', 1),
('2017-01-27 02:00:48', 'item', 'delete resource', 46, '46', '31.43.131.21', 'admin', 1),
('2017-01-27 02:00:48', 'item', 'delete resource backtrace', 46, '#0 osc_deleteResource called@ [/var/www/porukam/porukam.kiev.ua/oc-includes/osclass/model/Item.php:990] / #1 deleteResourcesFromHD called@ [/var/www/porukam/porukam.kiev.ua/oc-includes/osclass/model/Item.php:961] / #2 deleteByPrimaryKey called@ [/var', '31.43.131.21', 'admin', 1),
('2017-01-27 02:00:48', 'item', 'delete resource', 47, '47', '31.43.131.21', 'admin', 1),
('2017-01-27 02:00:48', 'item', 'delete resource backtrace', 47, '#0 osc_deleteResource called@ [/var/www/porukam/porukam.kiev.ua/oc-includes/osclass/model/Item.php:990] / #1 deleteResourcesFromHD called@ [/var/www/porukam/porukam.kiev.ua/oc-includes/osclass/model/Item.php:961] / #2 deleteByPrimaryKey called@ [/var', '31.43.131.21', 'admin', 1),
('2017-01-27 02:00:48', 'item', 'delete resource', 48, '48', '31.43.131.21', 'admin', 1),
('2017-01-27 02:00:48', 'item', 'delete resource backtrace', 48, '#0 osc_deleteResource called@ [/var/www/porukam/porukam.kiev.ua/oc-includes/osclass/model/Item.php:990] / #1 deleteResourcesFromHD called@ [/var/www/porukam/porukam.kiev.ua/oc-includes/osclass/model/Item.php:961] / #2 deleteByPrimaryKey called@ [/var', '31.43.131.21', 'admin', 1),
('2017-01-27 02:00:48', 'Item', 'deleteResourcesFromHD', 55, '44,45,46,47,48,', '31.43.131.21', 'admin', 1),
('2017-01-27 02:01:19', 'itemActions', 'deleteResourcesFromHD', 54, '54', '31.43.131.21', 'admin', 1),
('2017-01-27 02:01:19', 'itemActions', 'deleteResourcesFromHD', 54, '0', '31.43.131.21', 'admin', 1),
('2017-01-27 02:01:19', 'item', 'delete', 54, 'Работа/Учеба in Барышевка', '31.43.131.21', 'admin', 1),
('2017-01-27 02:01:19', 'Item', 'deleteResourcesFromHD', 54, '54', '31.43.131.21', 'admin', 1),
('2017-01-27 02:01:19', 'Item', 'deleteResourcesFromHD', 54, '0', '31.43.131.21', 'admin', 1),
('2017-01-27 02:01:19', 'itemActions', 'deleteResourcesFromHD', 52, '52', '31.43.131.21', 'admin', 1),
('2017-01-27 02:01:19', 'item', 'delete resource', 42, '42', '31.43.131.21', 'admin', 1),
('2017-01-27 02:01:19', 'item', 'delete resource backtrace', 42, '#0 osc_deleteResource called@ [/var/www/porukam/porukam.kiev.ua/oc-includes/osclass/ItemActions.php:812] / #1 deleteResourcesFromHD called@ [/var/www/porukam/porukam.kiev.ua/oc-includes/osclass/ItemActions.php:790] / #2 delete called@ [/var/www/poruk', '31.43.131.21', 'admin', 1),
('2017-01-27 02:01:19', 'itemActions', 'deleteResourcesFromHD', 52, '42,', '31.43.131.21', 'admin', 1),
('2017-01-27 02:01:19', 'item', 'delete', 52, 'Продам  спитой чай', '31.43.131.21', 'admin', 1),
('2017-01-27 02:01:19', 'Item', 'deleteResourcesFromHD', 52, '52', '31.43.131.21', 'admin', 1),
('2017-01-27 02:01:19', 'item', 'delete resource', 42, '42', '31.43.131.21', 'admin', 1),
('2017-01-27 02:01:19', 'item', 'delete resource backtrace', 42, '#0 osc_deleteResource called@ [/var/www/porukam/porukam.kiev.ua/oc-includes/osclass/model/Item.php:990] / #1 deleteResourcesFromHD called@ [/var/www/porukam/porukam.kiev.ua/oc-includes/osclass/model/Item.php:961] / #2 deleteByPrimaryKey called@ [/var', '31.43.131.21', 'admin', 1),
('2017-01-27 02:01:19', 'Item', 'deleteResourcesFromHD', 52, '42,', '31.43.131.21', 'admin', 1),
('2017-01-27 02:01:19', 'itemActions', 'deleteResourcesFromHD', 51, '51', '31.43.131.21', 'admin', 1),
('2017-01-27 02:01:19', 'item', 'delete resource', 41, '41', '31.43.131.21', 'admin', 1),
('2017-01-27 02:01:19', 'item', 'delete resource backtrace', 41, '#0 osc_deleteResource called@ [/var/www/porukam/porukam.kiev.ua/oc-includes/osclass/ItemActions.php:812] / #1 deleteResourcesFromHD called@ [/var/www/porukam/porukam.kiev.ua/oc-includes/osclass/ItemActions.php:790] / #2 delete called@ [/var/www/poruk', '31.43.131.21', 'admin', 1),
('2017-01-27 02:01:19', 'itemActions', 'deleteResourcesFromHD', 51, '41,', '31.43.131.21', 'admin', 1),
('2017-01-27 02:01:19', 'item', 'delete', 51, 'Животные in Киев', '31.43.131.21', 'admin', 1),
('2017-01-27 02:01:19', 'Item', 'deleteResourcesFromHD', 51, '51', '31.43.131.21', 'admin', 1),
('2017-01-27 02:01:19', 'item', 'delete resource', 41, '41', '31.43.131.21', 'admin', 1),
('2017-01-27 02:01:19', 'item', 'delete resource backtrace', 41, '#0 osc_deleteResource called@ [/var/www/porukam/porukam.kiev.ua/oc-includes/osclass/model/Item.php:990] / #1 deleteResourcesFromHD called@ [/var/www/porukam/porukam.kiev.ua/oc-includes/osclass/model/Item.php:961] / #2 deleteByPrimaryKey called@ [/var', '31.43.131.21', 'admin', 1),
('2017-01-27 02:01:19', 'Item', 'deleteResourcesFromHD', 51, '41,', '31.43.131.21', 'admin', 1),
('2017-01-27 02:01:19', 'itemActions', 'deleteResourcesFromHD', 50, '50', '31.43.131.21', 'admin', 1),
('2017-01-27 02:01:19', 'item', 'delete resource', 40, '40', '31.43.131.21', 'admin', 1),
('2017-01-27 02:01:19', 'item', 'delete resource backtrace', 40, '#0 osc_deleteResource called@ [/var/www/porukam/porukam.kiev.ua/oc-includes/osclass/ItemActions.php:812] / #1 deleteResourcesFromHD called@ [/var/www/porukam/porukam.kiev.ua/oc-includes/osclass/ItemActions.php:790] / #2 delete called@ [/var/www/poruk', '31.43.131.21', 'admin', 1),
('2017-01-27 02:01:19', 'itemActions', 'deleteResourcesFromHD', 50, '40,', '31.43.131.21', 'admin', 1),
('2017-01-27 02:01:19', 'item', 'delete', 50, 'Продукты/Напитки in Киев', '31.43.131.21', 'admin', 1),
('2017-01-27 02:01:19', 'Item', 'deleteResourcesFromHD', 50, '50', '31.43.131.21', 'admin', 1),
('2017-01-27 02:01:19', 'item', 'delete resource', 40, '40', '31.43.131.21', 'admin', 1),
('2017-01-27 02:01:19', 'item', 'delete resource backtrace', 40, '#0 osc_deleteResource called@ [/var/www/porukam/porukam.kiev.ua/oc-includes/osclass/model/Item.php:990] / #1 deleteResourcesFromHD called@ [/var/www/porukam/porukam.kiev.ua/oc-includes/osclass/model/Item.php:961] / #2 deleteByPrimaryKey called@ [/var', '31.43.131.21', 'admin', 1),
('2017-01-27 02:01:19', 'Item', 'deleteResourcesFromHD', 50, '40,', '31.43.131.21', 'admin', 1),
('2017-01-27 02:01:20', 'itemActions', 'deleteResourcesFromHD', 49, '49', '31.43.131.21', 'admin', 1),
('2017-01-27 02:01:20', 'item', 'delete resource', 39, '39', '31.43.131.21', 'admin', 1),
('2017-01-27 02:01:20', 'item', 'delete resource backtrace', 39, '#0 osc_deleteResource called@ [/var/www/porukam/porukam.kiev.ua/oc-includes/osclass/ItemActions.php:812] / #1 deleteResourcesFromHD called@ [/var/www/porukam/porukam.kiev.ua/oc-includes/osclass/ItemActions.php:790] / #2 delete called@ [/var/www/poruk', '31.43.131.21', 'admin', 1),
('2017-01-27 02:01:20', 'itemActions', 'deleteResourcesFromHD', 49, '39,', '31.43.131.21', 'admin', 1),
('2017-01-27 02:01:20', 'item', 'delete', 49, 'Сельхозтехника in Киев', '31.43.131.21', 'admin', 1),
('2017-01-27 02:01:20', 'Item', 'deleteResourcesFromHD', 49, '49', '31.43.131.21', 'admin', 1),
('2017-01-27 02:01:20', 'item', 'delete resource', 39, '39', '31.43.131.21', 'admin', 1),
('2017-01-27 02:01:20', 'item', 'delete resource backtrace', 39, '#0 osc_deleteResource called@ [/var/www/porukam/porukam.kiev.ua/oc-includes/osclass/model/Item.php:990] / #1 deleteResourcesFromHD called@ [/var/www/porukam/porukam.kiev.ua/oc-includes/osclass/model/Item.php:961] / #2 deleteByPrimaryKey called@ [/var', '31.43.131.21', 'admin', 1),
('2017-01-27 02:01:20', 'Item', 'deleteResourcesFromHD', 49, '39,', '31.43.131.21', 'admin', 1),
('2017-01-27 02:01:20', 'itemActions', 'deleteResourcesFromHD', 47, '47', '31.43.131.21', 'admin', 1),
('2017-01-27 02:01:20', 'item', 'delete resource', 38, '38', '31.43.131.21', 'admin', 1),
('2017-01-27 02:01:20', 'item', 'delete resource backtrace', 38, '#0 osc_deleteResource called@ [/var/www/porukam/porukam.kiev.ua/oc-includes/osclass/ItemActions.php:812] / #1 deleteResourcesFromHD called@ [/var/www/porukam/porukam.kiev.ua/oc-includes/osclass/ItemActions.php:790] / #2 delete called@ [/var/www/poruk', '31.43.131.21', 'admin', 1),
('2017-01-27 02:01:20', 'itemActions', 'deleteResourcesFromHD', 47, '38,', '31.43.131.21', 'admin', 1),
('2017-01-27 02:01:20', 'item', 'delete', 47, 'Отдам собаку в аренду', '31.43.131.21', 'admin', 1),
('2017-01-27 02:01:20', 'Item', 'deleteResourcesFromHD', 47, '47', '31.43.131.21', 'admin', 1),
('2017-01-27 02:01:20', 'item', 'delete resource', 38, '38', '31.43.131.21', 'admin', 1),
('2017-01-27 02:01:20', 'item', 'delete resource backtrace', 38, '#0 osc_deleteResource called@ [/var/www/porukam/porukam.kiev.ua/oc-includes/osclass/model/Item.php:990] / #1 deleteResourcesFromHD called@ [/var/www/porukam/porukam.kiev.ua/oc-includes/osclass/model/Item.php:961] / #2 deleteByPrimaryKey called@ [/var', '31.43.131.21', 'admin', 1),
('2017-01-27 02:01:20', 'Item', 'deleteResourcesFromHD', 47, '38,', '31.43.131.21', 'admin', 1),
('2017-01-27 02:01:20', 'itemActions', 'deleteResourcesFromHD', 46, '46', '31.43.131.21', 'admin', 1),
('2017-01-27 02:01:20', 'itemActions', 'deleteResourcesFromHD', 46, '0', '31.43.131.21', 'admin', 1),
('2017-01-27 02:01:20', 'item', 'delete', 46, 'Туризм/Иммиграция  in Киев', '31.43.131.21', 'admin', 1),
('2017-01-27 02:01:20', 'Item', 'deleteResourcesFromHD', 46, '46', '31.43.131.21', 'admin', 1),
('2017-01-27 02:01:20', 'Item', 'deleteResourcesFromHD', 46, '0', '31.43.131.21', 'admin', 1),
('2017-01-27 02:01:20', 'itemActions', 'deleteResourcesFromHD', 45, '45', '31.43.131.21', 'admin', 1),
('2017-01-27 02:01:20', 'item', 'delete resource', 37, '37', '31.43.131.21', 'admin', 1),
('2017-01-27 02:01:20', 'item', 'delete resource backtrace', 37, '#0 osc_deleteResource called@ [/var/www/porukam/porukam.kiev.ua/oc-includes/osclass/ItemActions.php:812] / #1 deleteResourcesFromHD called@ [/var/www/porukam/porukam.kiev.ua/oc-includes/osclass/ItemActions.php:790] / #2 delete called@ [/var/www/poruk', '31.43.131.21', 'admin', 1),
('2017-01-27 02:01:20', 'itemActions', 'deleteResourcesFromHD', 45, '37,', '31.43.131.21', 'admin', 1),
('2017-01-27 02:01:20', 'item', 'delete', 45, 'Электроника in Киев', '31.43.131.21', 'admin', 1),
('2017-01-27 02:01:20', 'Item', 'deleteResourcesFromHD', 45, '45', '31.43.131.21', 'admin', 1),
('2017-01-27 02:01:20', 'item', 'delete resource', 37, '37', '31.43.131.21', 'admin', 1),
('2017-01-27 02:01:20', 'item', 'delete resource backtrace', 37, '#0 osc_deleteResource called@ [/var/www/porukam/porukam.kiev.ua/oc-includes/osclass/model/Item.php:990] / #1 deleteResourcesFromHD called@ [/var/www/porukam/porukam.kiev.ua/oc-includes/osclass/model/Item.php:961] / #2 deleteByPrimaryKey called@ [/var', '31.43.131.21', 'admin', 1),
('2017-01-27 02:01:20', 'Item', 'deleteResourcesFromHD', 45, '37,', '31.43.131.21', 'admin', 1),
('2017-01-27 02:02:06', 'itemActions', 'deleteResourcesFromHD', 61, '61', '31.43.131.21', 'admin', 1),
('2017-01-27 02:02:06', 'itemActions', 'deleteResourcesFromHD', 61, '0', '31.43.131.21', 'admin', 1),
('2017-01-27 02:02:06', 'item', 'delete', 61, 'Вторичный рынок  in Одесса', '31.43.131.21', 'admin', 1),
('2017-01-27 02:02:06', 'Item', 'deleteResourcesFromHD', 61, '61', '31.43.131.21', 'admin', 1),
('2017-01-27 02:02:06', 'Item', 'deleteResourcesFromHD', 61, '0', '31.43.131.21', 'admin', 1),
('2017-01-27 02:02:06', 'itemActions', 'deleteResourcesFromHD', 43, '43', '31.43.131.21', 'admin', 1),
('2017-01-27 02:02:06', 'item', 'delete resource', 36, '36', '31.43.131.21', 'admin', 1),
('2017-01-27 02:02:06', 'item', 'delete resource backtrace', 36, '#0 osc_deleteResource called@ [/var/www/porukam/porukam.kiev.ua/oc-includes/osclass/ItemActions.php:812] / #1 deleteResourcesFromHD called@ [/var/www/porukam/porukam.kiev.ua/oc-includes/osclass/ItemActions.php:790] / #2 delete called@ [/var/www/poruk', '31.43.131.21', 'admin', 1),
('2017-01-27 02:02:06', 'itemActions', 'deleteResourcesFromHD', 43, '36,', '31.43.131.21', 'admin', 1),
('2017-01-27 02:02:06', 'item', 'delete', 43, 'Cекретариат/АХО in Киев', '31.43.131.21', 'admin', 1),
('2017-01-27 02:02:06', 'Item', 'deleteResourcesFromHD', 43, '43', '31.43.131.21', 'admin', 1),
('2017-01-27 02:02:06', 'item', 'delete resource', 36, '36', '31.43.131.21', 'admin', 1),
('2017-01-27 02:02:06', 'item', 'delete resource backtrace', 36, '#0 osc_deleteResource called@ [/var/www/porukam/porukam.kiev.ua/oc-includes/osclass/model/Item.php:990] / #1 deleteResourcesFromHD called@ [/var/www/porukam/porukam.kiev.ua/oc-includes/osclass/model/Item.php:961] / #2 deleteByPrimaryKey called@ [/var', '31.43.131.21', 'admin', 1),
('2017-01-27 02:02:06', 'Item', 'deleteResourcesFromHD', 43, '36,', '31.43.131.21', 'admin', 1),
('2017-01-27 02:02:07', 'itemActions', 'deleteResourcesFromHD', 26, '26', '31.43.131.21', 'admin', 1),
('2017-01-27 02:02:07', 'itemActions', 'deleteResourcesFromHD', 26, '0', '31.43.131.21', 'admin', 1),
('2017-01-27 02:02:07', 'item', 'delete', 26, 'Компьютеры in Киев', '31.43.131.21', 'admin', 1),
('2017-01-27 02:02:07', 'Item', 'deleteResourcesFromHD', 26, '26', '31.43.131.21', 'admin', 1),
('2017-01-27 02:02:07', 'Item', 'deleteResourcesFromHD', 26, '0', '31.43.131.21', 'admin', 1),
('2017-01-27 02:02:07', 'itemActions', 'deleteResourcesFromHD', 39, '39', '31.43.131.21', 'admin', 1),
('2017-01-27 02:02:07', 'item', 'delete resource', 35, '35', '31.43.131.21', 'admin', 1),
('2017-01-27 02:02:07', 'item', 'delete resource backtrace', 35, '#0 osc_deleteResource called@ [/var/www/porukam/porukam.kiev.ua/oc-includes/osclass/ItemActions.php:812] / #1 deleteResourcesFromHD called@ [/var/www/porukam/porukam.kiev.ua/oc-includes/osclass/ItemActions.php:790] / #2 delete called@ [/var/www/poruk', '31.43.131.21', 'admin', 1),
('2017-01-27 02:02:07', 'itemActions', 'deleteResourcesFromHD', 39, '35,', '31.43.131.21', 'admin', 1),
('2017-01-27 02:02:07', 'item', 'delete', 39, 'Одежда/Стиль in Киев', '31.43.131.21', 'admin', 1),
('2017-01-27 02:02:07', 'Item', 'deleteResourcesFromHD', 39, '39', '31.43.131.21', 'admin', 1),
('2017-01-27 02:02:07', 'item', 'delete resource', 35, '35', '31.43.131.21', 'admin', 1),
('2017-01-27 02:02:07', 'item', 'delete resource backtrace', 35, '#0 osc_deleteResource called@ [/var/www/porukam/porukam.kiev.ua/oc-includes/osclass/model/Item.php:990] / #1 deleteResourcesFromHD called@ [/var/www/porukam/porukam.kiev.ua/oc-includes/osclass/model/Item.php:961] / #2 deleteByPrimaryKey called@ [/var', '31.43.131.21', 'admin', 1),
('2017-01-27 02:02:07', 'Item', 'deleteResourcesFromHD', 39, '35,', '31.43.131.21', 'admin', 1),
('2017-01-27 02:02:07', 'itemActions', 'deleteResourcesFromHD', 37, '37', '31.43.131.21', 'admin', 1),
('2017-01-27 02:02:07', 'item', 'delete resource', 34, '34', '31.43.131.21', 'admin', 1),
('2017-01-27 02:02:07', 'item', 'delete resource backtrace', 34, '#0 osc_deleteResource called@ [/var/www/porukam/porukam.kiev.ua/oc-includes/osclass/ItemActions.php:812] / #1 deleteResourcesFromHD called@ [/var/www/porukam/porukam.kiev.ua/oc-includes/osclass/ItemActions.php:790] / #2 delete called@ [/var/www/poruk', '31.43.131.21', 'admin', 1),
('2017-01-27 02:02:07', 'itemActions', 'deleteResourcesFromHD', 37, '34,', '31.43.131.21', 'admin', 1),
('2017-01-27 02:02:07', 'item', 'delete', 37, 'Одежда/Стиль in Киев', '31.43.131.21', 'admin', 1),
('2017-01-27 02:02:07', 'Item', 'deleteResourcesFromHD', 37, '37', '31.43.131.21', 'admin', 1),
('2017-01-27 02:02:07', 'item', 'delete resource', 34, '34', '31.43.131.21', 'admin', 1),
('2017-01-27 02:02:07', 'item', 'delete resource backtrace', 34, '#0 osc_deleteResource called@ [/var/www/porukam/porukam.kiev.ua/oc-includes/osclass/model/Item.php:990] / #1 deleteResourcesFromHD called@ [/var/www/porukam/porukam.kiev.ua/oc-includes/osclass/model/Item.php:961] / #2 deleteByPrimaryKey called@ [/var', '31.43.131.21', 'admin', 1),
('2017-01-27 02:02:07', 'Item', 'deleteResourcesFromHD', 37, '34,', '31.43.131.21', 'admin', 1),
('2017-01-27 02:02:07', 'itemActions', 'deleteResourcesFromHD', 36, '36', '31.43.131.21', 'admin', 1),
('2017-01-27 02:02:07', 'item', 'delete resource', 33, '33', '31.43.131.21', 'admin', 1),
('2017-01-27 02:02:07', 'item', 'delete resource backtrace', 33, '#0 osc_deleteResource called@ [/var/www/porukam/porukam.kiev.ua/oc-includes/osclass/ItemActions.php:812] / #1 deleteResourcesFromHD called@ [/var/www/porukam/porukam.kiev.ua/oc-includes/osclass/ItemActions.php:790] / #2 delete called@ [/var/www/poruk', '31.43.131.21', 'admin', 1),
('2017-01-27 02:02:07', 'itemActions', 'deleteResourcesFromHD', 36, '33,', '31.43.131.21', 'admin', 1),
('2017-01-27 02:02:07', 'item', 'delete', 36, 'Подам милостыню', '31.43.131.21', 'admin', 1),
('2017-01-27 02:02:07', 'Item', 'deleteResourcesFromHD', 36, '36', '31.43.131.21', 'admin', 1),
('2017-01-27 02:02:07', 'item', 'delete resource', 33, '33', '31.43.131.21', 'admin', 1),
('2017-01-27 02:02:07', 'item', 'delete resource backtrace', 33, '#0 osc_deleteResource called@ [/var/www/porukam/porukam.kiev.ua/oc-includes/osclass/model/Item.php:990] / #1 deleteResourcesFromHD called@ [/var/www/porukam/porukam.kiev.ua/oc-includes/osclass/model/Item.php:961] / #2 deleteByPrimaryKey called@ [/var', '31.43.131.21', 'admin', 1),
('2017-01-27 02:02:07', 'Item', 'deleteResourcesFromHD', 36, '33,', '31.43.131.21', 'admin', 1),
('2017-01-27 02:02:07', 'itemActions', 'deleteResourcesFromHD', 34, '34', '31.43.131.21', 'admin', 1),
('2017-01-27 02:02:07', 'item', 'delete resource', 32, '32', '31.43.131.21', 'admin', 1),
('2017-01-27 02:02:07', 'item', 'delete resource backtrace', 32, '#0 osc_deleteResource called@ [/var/www/porukam/porukam.kiev.ua/oc-includes/osclass/ItemActions.php:812] / #1 deleteResourcesFromHD called@ [/var/www/porukam/porukam.kiev.ua/oc-includes/osclass/ItemActions.php:790] / #2 delete called@ [/var/www/poruk', '31.43.131.21', 'admin', 1),
('2017-01-27 02:02:07', 'itemActions', 'deleteResourcesFromHD', 34, '32,', '31.43.131.21', 'admin', 1),
('2017-01-27 02:02:07', 'item', 'delete', 34, 'Одежда/Стиль in Киев', '31.43.131.21', 'admin', 1),
('2017-01-27 02:02:07', 'Item', 'deleteResourcesFromHD', 34, '34', '31.43.131.21', 'admin', 1),
('2017-01-27 02:02:07', 'item', 'delete resource', 32, '32', '31.43.131.21', 'admin', 1),
('2017-01-27 02:02:07', 'item', 'delete resource backtrace', 32, '#0 osc_deleteResource called@ [/var/www/porukam/porukam.kiev.ua/oc-includes/osclass/model/Item.php:990] / #1 deleteResourcesFromHD called@ [/var/www/porukam/porukam.kiev.ua/oc-includes/osclass/model/Item.php:961] / #2 deleteByPrimaryKey called@ [/var', '31.43.131.21', 'admin', 1),
('2017-01-27 02:02:07', 'Item', 'deleteResourcesFromHD', 34, '32,', '31.43.131.21', 'admin', 1),
('2017-01-27 02:02:07', 'itemActions', 'deleteResourcesFromHD', 27, '27', '31.43.131.21', 'admin', 1),
('2017-01-27 02:02:07', 'itemActions', 'deleteResourcesFromHD', 27, '0', '31.43.131.21', 'admin', 1),
('2017-01-27 02:02:07', 'item', 'delete', 27, 'Рабочий персонал in Киев', '31.43.131.21', 'admin', 1),
('2017-01-27 02:02:07', 'Item', 'deleteResourcesFromHD', 27, '27', '31.43.131.21', 'admin', 1),
('2017-01-27 02:02:07', 'Item', 'deleteResourcesFromHD', 27, '0', '31.43.131.21', 'admin', 1),
('2017-01-27 02:03:21', 'itemActions', 'deleteResourcesFromHD', 25, '25', '31.43.131.21', 'admin', 1),
('2017-01-27 02:03:21', 'item', 'delete resource', 31, '31', '31.43.131.21', 'admin', 1),
('2017-01-27 02:03:21', 'item', 'delete resource backtrace', 31, '#0 osc_deleteResource called@ [/var/www/porukam/porukam.kiev.ua/oc-includes/osclass/ItemActions.php:812] / #1 deleteResourcesFromHD called@ [/var/www/porukam/porukam.kiev.ua/oc-includes/osclass/ItemActions.php:790] / #2 delete called@ [/var/www/poruk', '31.43.131.21', 'admin', 1),
('2017-01-27 02:03:21', 'itemActions', 'deleteResourcesFromHD', 25, '31,', '31.43.131.21', 'admin', 1),
('2017-01-27 02:03:21', 'item', 'delete', 25, 'Спорт/Отдых in Киев', '31.43.131.21', 'admin', 1),
('2017-01-27 02:03:21', 'Item', 'deleteResourcesFromHD', 25, '25', '31.43.131.21', 'admin', 1),
('2017-01-27 02:03:21', 'item', 'delete resource', 31, '31', '31.43.131.21', 'admin', 1),
('2017-01-27 02:03:21', 'item', 'delete resource backtrace', 31, '#0 osc_deleteResource called@ [/var/www/porukam/porukam.kiev.ua/oc-includes/osclass/model/Item.php:990] / #1 deleteResourcesFromHD called@ [/var/www/porukam/porukam.kiev.ua/oc-includes/osclass/model/Item.php:961] / #2 deleteByPrimaryKey called@ [/var', '31.43.131.21', 'admin', 1),
('2017-01-27 02:03:21', 'Item', 'deleteResourcesFromHD', 25, '31,', '31.43.131.21', 'admin', 1),
('2017-01-27 02:03:21', 'itemActions', 'deleteResourcesFromHD', 23, '23', '31.43.131.21', 'admin', 1),
('2017-01-27 02:03:21', 'item', 'delete resource', 30, '30', '31.43.131.21', 'admin', 1),
('2017-01-27 02:03:21', 'item', 'delete resource backtrace', 30, '#0 osc_deleteResource called@ [/var/www/porukam/porukam.kiev.ua/oc-includes/osclass/ItemActions.php:812] / #1 deleteResourcesFromHD called@ [/var/www/porukam/porukam.kiev.ua/oc-includes/osclass/ItemActions.php:790] / #2 delete called@ [/var/www/poruk', '31.43.131.21', 'admin', 1),
('2017-01-27 02:03:21', 'itemActions', 'deleteResourcesFromHD', 23, '30,', '31.43.131.21', 'admin', 1),
('2017-01-27 02:03:21', 'item', 'delete', 23, 'Кошки in Киев', '31.43.131.21', 'admin', 1),
('2017-01-27 02:03:21', 'Item', 'deleteResourcesFromHD', 23, '23', '31.43.131.21', 'admin', 1),
('2017-01-27 02:03:21', 'item', 'delete resource', 30, '30', '31.43.131.21', 'admin', 1),
('2017-01-27 02:03:21', 'item', 'delete resource backtrace', 30, '#0 osc_deleteResource called@ [/var/www/porukam/porukam.kiev.ua/oc-includes/osclass/model/Item.php:990] / #1 deleteResourcesFromHD called@ [/var/www/porukam/porukam.kiev.ua/oc-includes/osclass/model/Item.php:961] / #2 deleteByPrimaryKey called@ [/var', '31.43.131.21', 'admin', 1),
('2017-01-27 02:03:21', 'Item', 'deleteResourcesFromHD', 23, '30,', '31.43.131.21', 'admin', 1),
('2017-01-27 02:03:21', 'itemActions', 'deleteResourcesFromHD', 22, '22', '31.43.131.21', 'admin', 1),
('2017-01-27 02:03:21', 'item', 'delete resource', 29, '29', '31.43.131.21', 'admin', 1),
('2017-01-27 02:03:21', 'item', 'delete resource backtrace', 29, '#0 osc_deleteResource called@ [/var/www/porukam/porukam.kiev.ua/oc-includes/osclass/ItemActions.php:812] / #1 deleteResourcesFromHD called@ [/var/www/porukam/porukam.kiev.ua/oc-includes/osclass/ItemActions.php:790] / #2 delete called@ [/var/www/poruk', '31.43.131.21', 'admin', 1),
('2017-01-27 02:03:21', 'itemActions', 'deleteResourcesFromHD', 22, '29,', '31.43.131.21', 'admin', 1),
('2017-01-27 02:03:21', 'item', 'delete', 22, 'Женская обувь in Киев', '31.43.131.21', 'admin', 1),
('2017-01-27 02:03:21', 'Item', 'deleteResourcesFromHD', 22, '22', '31.43.131.21', 'admin', 1),
('2017-01-27 02:03:21', 'item', 'delete resource', 29, '29', '31.43.131.21', 'admin', 1),
('2017-01-27 02:03:21', 'item', 'delete resource backtrace', 29, '#0 osc_deleteResource called@ [/var/www/porukam/porukam.kiev.ua/oc-includes/osclass/model/Item.php:990] / #1 deleteResourcesFromHD called@ [/var/www/porukam/porukam.kiev.ua/oc-includes/osclass/model/Item.php:961] / #2 deleteByPrimaryKey called@ [/var', '31.43.131.21', 'admin', 1),
('2017-01-27 02:03:21', 'Item', 'deleteResourcesFromHD', 22, '29,', '31.43.131.21', 'admin', 1),
('2017-01-27 02:03:21', 'itemActions', 'deleteResourcesFromHD', 20, '20', '31.43.131.21', 'admin', 1),
('2017-01-27 02:03:21', 'item', 'delete resource', 22, '22', '31.43.131.21', 'admin', 1),
('2017-01-27 02:03:21', 'item', 'delete resource backtrace', 22, '#0 osc_deleteResource called@ [/var/www/porukam/porukam.kiev.ua/oc-includes/osclass/ItemActions.php:812] / #1 deleteResourcesFromHD called@ [/var/www/porukam/porukam.kiev.ua/oc-includes/osclass/ItemActions.php:790] / #2 delete called@ [/var/www/poruk', '31.43.131.21', 'admin', 1),
('2017-01-27 02:03:21', 'itemActions', 'deleteResourcesFromHD', 20, '22,', '31.43.131.21', 'admin', 1),
('2017-01-27 02:03:21', 'item', 'delete', 20, 'Реклама в газету', '31.43.131.21', 'admin', 1),
('2017-01-27 02:03:21', 'Item', 'deleteResourcesFromHD', 20, '20', '31.43.131.21', 'admin', 1),
('2017-01-27 02:03:21', 'item', 'delete resource', 22, '22', '31.43.131.21', 'admin', 1),
('2017-01-27 02:03:21', 'item', 'delete resource backtrace', 22, '#0 osc_deleteResource called@ [/var/www/porukam/porukam.kiev.ua/oc-includes/osclass/model/Item.php:990] / #1 deleteResourcesFromHD called@ [/var/www/porukam/porukam.kiev.ua/oc-includes/osclass/model/Item.php:961] / #2 deleteByPrimaryKey called@ [/var', '31.43.131.21', 'admin', 1),
('2017-01-27 02:03:21', 'Item', 'deleteResourcesFromHD', 20, '22,', '31.43.131.21', 'admin', 1),
('2017-01-27 02:03:21', 'itemActions', 'deleteResourcesFromHD', 14, '14', '31.43.131.21', 'admin', 1),
('2017-01-27 02:03:21', 'itemActions', 'deleteResourcesFromHD', 14, '0', '31.43.131.21', 'admin', 1),
('2017-01-27 02:03:21', 'item', 'delete', 14, 'Строительные работы,', '31.43.131.21', 'admin', 1),
('2017-01-27 02:03:21', 'Item', 'deleteResourcesFromHD', 14, '14', '31.43.131.21', 'admin', 1),
('2017-01-27 02:03:21', 'Item', 'deleteResourcesFromHD', 14, '0', '31.43.131.21', 'admin', 1),
('2017-01-27 02:03:21', 'itemActions', 'deleteResourcesFromHD', 12, '12', '31.43.131.21', 'admin', 1),
('2017-01-27 02:03:21', 'item', 'delete resource', 21, '21', '31.43.131.21', 'admin', 1),
('2017-01-27 02:03:21', 'item', 'delete resource backtrace', 21, '#0 osc_deleteResource called@ [/var/www/porukam/porukam.kiev.ua/oc-includes/osclass/ItemActions.php:812] / #1 deleteResourcesFromHD called@ [/var/www/porukam/porukam.kiev.ua/oc-includes/osclass/ItemActions.php:790] / #2 delete called@ [/var/www/poruk', '31.43.131.21', 'admin', 1),
('2017-01-27 02:03:21', 'itemActions', 'deleteResourcesFromHD', 12, '21,', '31.43.131.21', 'admin', 1),
('2017-01-27 02:03:21', 'item', 'delete', 12, 'Продам будинок  180  км від Києва', '31.43.131.21', 'admin', 1),
('2017-01-27 02:03:21', 'Item', 'deleteResourcesFromHD', 12, '12', '31.43.131.21', 'admin', 1),
('2017-01-27 02:03:21', 'item', 'delete resource', 21, '21', '31.43.131.21', 'admin', 1),
('2017-01-27 02:03:21', 'item', 'delete resource backtrace', 21, '#0 osc_deleteResource called@ [/var/www/porukam/porukam.kiev.ua/oc-includes/osclass/model/Item.php:990] / #1 deleteResourcesFromHD called@ [/var/www/porukam/porukam.kiev.ua/oc-includes/osclass/model/Item.php:961] / #2 deleteByPrimaryKey called@ [/var', '31.43.131.21', 'admin', 1),
('2017-01-27 02:03:21', 'Item', 'deleteResourcesFromHD', 12, '21,', '31.43.131.21', 'admin', 1),
('2017-01-27 02:03:31', 'itemActions', 'deleteResourcesFromHD', 28, '28', '31.43.131.21', 'admin', 1),
('2017-01-27 02:03:31', 'itemActions', 'deleteResourcesFromHD', 28, '0', '31.43.131.21', 'admin', 1),
('2017-01-27 02:03:31', 'item', 'delete', 28, 'Рабочий персонал in ', '31.43.131.21', 'admin', 1),
('2017-01-27 02:03:31', 'Item', 'deleteResourcesFromHD', 28, '28', '31.43.131.21', 'admin', 1),
('2017-01-27 02:03:31', 'Item', 'deleteResourcesFromHD', 28, '0', '31.43.131.21', 'admin', 1),
('2017-01-27 11:37:29', 'ghostbuster', 'cron start', 0, '17-01-27', '89.184.78.102', 'admin', 1),
('2017-01-27 11:37:29', 'ghostbuster', 'cron end', 0, '17-01-27', '89.184.78.102', 'admin', 1),
('2017-01-27 13:58:24', 'ghostbuster', 'cron start', 0, '17-01-27', '89.184.78.102', 'admin', 1);
INSERT INTO `oc_t_log` (`dt_date`, `s_section`, `s_action`, `fk_i_id`, `s_data`, `s_ip`, `s_who`, `fk_i_who_id`) VALUES
('2017-01-27 13:58:24', 'ghostbuster', 'cron end', 0, '17-01-27', '89.184.78.102', 'admin', 1),
('2017-01-27 14:11:51', 'user', 'add', 21, 'barashdm@gmail.com', '82.144.205.45', 'user', 21),
('2017-01-27 14:27:15', 'item', 'add', 67, 'Горнолыжный костюм для сноуборда/лыж/походов. Штаны и куртка', '82.144.205.45', 'user', 21),
('2017-01-27 14:58:00', 'item', 'add', 68, '', '82.144.205.45', 'user', 21),
('2017-01-27 14:58:54', 'ghostbuster', 'cron start', 0, '17-01-27', '89.184.78.102', 'admin', 1),
('2017-01-27 14:58:54', 'ghostbuster', 'cron end', 0, '17-01-27', '89.184.78.102', 'admin', 1),
('2017-01-27 16:15:43', 'ghostbuster', 'cron start', 0, '17-01-27', '89.184.78.102', 'admin', 1),
('2017-01-27 16:15:43', 'ghostbuster', 'cron end', 0, '17-01-27', '89.184.78.102', 'admin', 1),
('2017-01-27 17:28:08', 'ghostbuster', 'cron start', 0, '17-01-27', '89.184.78.102', 'admin', 1),
('2017-01-27 17:28:08', 'ghostbuster', 'cron end', 0, '17-01-27', '89.184.78.102', 'admin', 1),
('2017-01-27 21:57:24', 'ghostbuster', 'cron start', 0, '17-01-27', '89.184.78.102', 'admin', 1),
('2017-01-27 21:57:24', 'ghostbuster', 'cron end', 0, '17-01-27', '89.184.78.102', 'admin', 1),
('2017-01-27 23:18:44', 'ghostbuster', 'cron start', 0, '17-01-27', '89.184.78.102', 'admin', 1),
('2017-01-27 23:18:44', 'ghostbuster', 'cron end', 0, '17-01-27', '89.184.78.102', 'admin', 1),
('2017-01-28 02:37:18', 'ghostbuster', 'cron start', 0, '17-01-28', '89.184.78.102', 'admin', 1),
('2017-01-28 02:37:18', 'ghostbuster', 'cron end', 0, '17-01-28', '89.184.78.102', 'admin', 1),
('2017-01-28 08:44:30', 'ghostbuster', 'cron start', 0, '17-01-28', '89.184.78.102', 'admin', 1),
('2017-01-28 08:44:30', 'ghostbuster', 'cron end', 0, '17-01-28', '89.184.78.102', 'admin', 1),
('2017-01-28 10:56:24', 'ghostbuster', 'cron start', 0, '17-01-28', '89.184.78.102', 'admin', 1),
('2017-01-28 10:56:24', 'ghostbuster', 'cron end', 0, '17-01-28', '89.184.78.102', 'admin', 1),
('2017-01-28 12:01:51', 'ghostbuster', 'cron start', 0, '17-01-28', '89.184.78.102', 'admin', 1),
('2017-01-28 12:01:51', 'ghostbuster', 'cron end', 0, '17-01-28', '89.184.78.102', 'admin', 1),
('2017-01-28 13:19:23', 'ghostbuster', 'cron start', 0, '17-01-28', '89.184.78.102', 'admin', 1),
('2017-01-28 13:19:23', 'ghostbuster', 'cron end', 0, '17-01-28', '89.184.78.102', 'admin', 1),
('2017-01-28 16:02:21', 'ghostbuster', 'cron start', 0, '17-01-28', '89.184.78.102', 'admin', 1),
('2017-01-28 16:02:21', 'ghostbuster', 'cron end', 0, '17-01-28', '89.184.78.102', 'admin', 1),
('2017-01-28 17:34:27', 'ghostbuster', 'cron start', 0, '17-01-28', '89.184.78.102', 'admin', 1),
('2017-01-28 17:34:27', 'ghostbuster', 'cron end', 0, '17-01-28', '89.184.78.102', 'admin', 1),
('2017-01-28 18:44:51', 'ghostbuster', 'cron start', 0, '17-01-28', '89.184.78.102', 'admin', 1),
('2017-01-28 18:44:51', 'ghostbuster', 'cron end', 0, '17-01-28', '89.184.78.102', 'admin', 1),
('2017-01-28 19:59:02', 'ghostbuster', 'cron start', 0, '17-01-28', '89.184.78.102', 'admin', 1),
('2017-01-28 19:59:02', 'ghostbuster', 'cron end', 0, '17-01-28', '89.184.78.102', 'admin', 1),
('2017-01-28 21:09:13', 'ghostbuster', 'cron start', 0, '17-01-28', '89.184.78.102', 'admin', 1),
('2017-01-28 21:09:13', 'ghostbuster', 'cron end', 0, '17-01-28', '89.184.78.102', 'admin', 1),
('2017-01-28 22:20:30', 'ghostbuster', 'cron start', 0, '17-01-28', '89.184.78.102', 'admin', 1),
('2017-01-28 22:20:30', 'ghostbuster', 'cron end', 0, '17-01-28', '89.184.78.102', 'admin', 1),
('2017-01-29 00:39:20', 'ghostbuster', 'cron start', 0, '17-01-29', '89.184.78.102', 'admin', 1),
('2017-01-29 00:39:20', 'ghostbuster', 'cron end', 0, '17-01-29', '89.184.78.102', 'admin', 1),
('2017-01-29 01:48:52', 'ghostbuster', 'cron start', 0, '17-01-29', '89.184.78.102', 'admin', 1),
('2017-01-29 01:48:52', 'ghostbuster', 'cron end', 0, '17-01-29', '89.184.78.102', 'admin', 1),
('2017-01-29 03:19:26', 'ghostbuster', 'cron start', 0, '17-01-29', '89.184.78.102', 'admin', 1),
('2017-01-29 03:19:26', 'ghostbuster', 'cron end', 0, '17-01-29', '89.184.78.102', 'admin', 1),
('2017-01-29 07:43:58', 'ghostbuster', 'cron start', 0, '17-01-29', '89.184.78.102', 'admin', 1),
('2017-01-29 07:43:58', 'ghostbuster', 'cron end', 0, '17-01-29', '89.184.78.102', 'admin', 1),
('2017-01-29 10:16:03', 'ghostbuster', 'cron start', 0, '17-01-29', '89.184.78.102', 'admin', 1),
('2017-01-29 10:16:03', 'ghostbuster', 'cron end', 0, '17-01-29', '89.184.78.102', 'admin', 1),
('2017-01-29 11:29:25', 'ghostbuster', 'cron start', 0, '17-01-29', '89.184.78.102', 'admin', 1),
('2017-01-29 11:29:25', 'ghostbuster', 'cron end', 0, '17-01-29', '89.184.78.102', 'admin', 1),
('2017-01-29 12:41:43', 'ghostbuster', 'cron start', 0, '17-01-29', '89.184.78.102', 'admin', 1),
('2017-01-29 12:41:43', 'ghostbuster', 'cron end', 0, '17-01-29', '89.184.78.102', 'admin', 1),
('2017-01-29 13:44:15', 'ghostbuster', 'cron start', 0, '17-01-29', '89.184.78.102', 'admin', 1),
('2017-01-29 13:44:15', 'ghostbuster', 'cron end', 0, '17-01-29', '89.184.78.102', 'admin', 1),
('2017-01-29 16:40:36', 'ghostbuster', 'cron start', 0, '17-01-29', '89.184.78.102', 'admin', 1),
('2017-01-29 16:40:36', 'ghostbuster', 'cron end', 0, '17-01-29', '89.184.78.102', 'admin', 1),
('2017-01-29 17:48:09', 'ghostbuster', 'cron start', 0, '17-01-29', '89.184.78.102', 'admin', 1),
('2017-01-29 17:48:09', 'ghostbuster', 'cron end', 0, '17-01-29', '89.184.78.102', 'admin', 1),
('2017-01-29 19:55:22', 'ghostbuster', 'cron start', 0, '17-01-29', '89.184.78.102', 'admin', 1),
('2017-01-29 19:55:22', 'ghostbuster', 'cron end', 0, '17-01-29', '89.184.78.102', 'admin', 1),
('2017-01-29 21:35:30', 'ghostbuster', 'cron start', 0, '17-01-29', '89.184.78.102', 'admin', 1),
('2017-01-29 21:35:30', 'ghostbuster', 'cron end', 0, '17-01-29', '89.184.78.102', 'admin', 1),
('2017-01-29 22:46:28', 'ghostbuster', 'cron start', 0, '17-01-29', '89.184.78.102', 'admin', 1),
('2017-01-29 22:46:28', 'ghostbuster', 'cron end', 0, '17-01-29', '89.184.78.102', 'admin', 1),
('2017-01-30 00:13:19', 'ghostbuster', 'cron start', 0, '17-01-30', '89.184.78.102', 'admin', 1),
('2017-01-30 00:13:19', 'ghostbuster', 'cron end', 0, '17-01-30', '89.184.78.102', 'admin', 1),
('2017-01-30 02:57:44', 'ghostbuster', 'cron start', 0, '17-01-30', '89.184.78.102', 'admin', 1),
('2017-01-30 02:57:44', 'ghostbuster', 'cron end', 0, '17-01-30', '89.184.78.102', 'admin', 1),
('2017-01-30 04:11:55', 'ghostbuster', 'cron start', 0, '17-01-30', '89.184.78.102', 'admin', 1),
('2017-01-30 04:11:55', 'ghostbuster', 'cron end', 0, '17-01-30', '89.184.78.102', 'admin', 1),
('2017-01-30 05:18:07', 'ghostbuster', 'cron start', 0, '17-01-30', '89.184.78.102', 'admin', 1),
('2017-01-30 05:18:07', 'ghostbuster', 'cron end', 0, '17-01-30', '89.184.78.102', 'admin', 1),
('2017-01-30 06:40:17', 'ghostbuster', 'cron start', 0, '17-01-30', '89.184.78.102', 'admin', 1),
('2017-01-30 06:40:17', 'ghostbuster', 'cron end', 0, '17-01-30', '89.184.78.102', 'admin', 1),
('2017-01-30 07:45:29', 'ghostbuster', 'cron start', 0, '17-01-30', '89.184.78.102', 'admin', 1),
('2017-01-30 07:45:29', 'ghostbuster', 'cron end', 0, '17-01-30', '89.184.78.102', 'admin', 1),
('2017-01-30 08:56:50', 'ghostbuster', 'cron start', 0, '17-01-30', '89.184.78.102', 'admin', 1),
('2017-01-30 08:56:50', 'ghostbuster', 'cron end', 0, '17-01-30', '89.184.78.102', 'admin', 1),
('2017-01-30 10:34:57', 'ghostbuster', 'cron start', 0, '17-01-30', '89.184.78.102', 'admin', 1),
('2017-01-30 10:34:57', 'ghostbuster', 'cron end', 0, '17-01-30', '89.184.78.102', 'admin', 1),
('2017-01-30 12:34:38', 'ghostbuster', 'cron start', 0, '17-01-30', '89.184.78.102', 'admin', 1),
('2017-01-30 12:34:38', 'ghostbuster', 'cron end', 0, '17-01-30', '89.184.78.102', 'admin', 1),
('2017-01-30 14:53:59', 'ghostbuster', 'cron start', 0, '17-01-30', '89.184.78.102', 'admin', 1),
('2017-01-30 14:53:59', 'ghostbuster', 'cron end', 0, '17-01-30', '89.184.78.102', 'admin', 1),
('2017-01-30 16:00:18', 'ghostbuster', 'cron start', 0, '17-01-30', '89.184.78.102', 'admin', 1),
('2017-01-30 16:00:18', 'ghostbuster', 'cron end', 0, '17-01-30', '89.184.78.102', 'admin', 1),
('2017-01-30 17:35:42', 'ghostbuster', 'cron start', 0, '17-01-30', '89.184.78.102', 'admin', 1),
('2017-01-30 17:35:42', 'ghostbuster', 'cron end', 0, '17-01-30', '89.184.78.102', 'admin', 1),
('2017-01-30 19:35:44', 'ghostbuster', 'cron start', 0, '17-01-30', '89.184.78.102', 'admin', 1),
('2017-01-30 19:35:44', 'ghostbuster', 'cron end', 0, '17-01-30', '89.184.78.102', 'admin', 1),
('2017-01-30 21:21:29', 'ghostbuster', 'cron start', 0, '17-01-30', '89.184.78.102', 'admin', 1),
('2017-01-30 21:21:29', 'ghostbuster', 'cron end', 0, '17-01-30', '89.184.78.102', 'admin', 1),
('2017-01-30 22:50:55', 'ghostbuster', 'cron start', 0, '17-01-30', '89.184.78.102', 'admin', 1),
('2017-01-30 22:50:55', 'ghostbuster', 'cron end', 0, '17-01-30', '89.184.78.102', 'admin', 1),
('2017-01-31 01:23:18', 'ghostbuster', 'cron start', 0, '17-01-31', '89.184.78.102', 'admin', 1),
('2017-01-31 01:23:18', 'ghostbuster', 'cron end', 0, '17-01-31', '89.184.78.102', 'admin', 1),
('2017-01-31 04:00:06', 'ghostbuster', 'cron start', 0, '17-01-31', '89.184.78.102', 'admin', 1),
('2017-01-31 04:00:06', 'ghostbuster', 'cron end', 0, '17-01-31', '89.184.78.102', 'admin', 1),
('2017-01-31 05:13:57', 'ghostbuster', 'cron start', 0, '17-01-31', '89.184.78.102', 'admin', 1),
('2017-01-31 05:13:57', 'ghostbuster', 'cron end', 0, '17-01-31', '89.184.78.102', 'admin', 1),
('2017-01-31 06:22:40', 'ghostbuster', 'cron start', 0, '17-01-31', '89.184.78.102', 'admin', 1),
('2017-01-31 06:22:40', 'ghostbuster', 'cron end', 0, '17-01-31', '89.184.78.102', 'admin', 1),
('2017-01-31 07:43:16', 'ghostbuster', 'cron start', 0, '17-01-31', '89.184.78.102', 'admin', 1),
('2017-01-31 07:43:16', 'ghostbuster', 'cron end', 0, '17-01-31', '89.184.78.102', 'admin', 1),
('2017-01-31 08:55:17', 'ghostbuster', 'cron start', 0, '17-01-31', '89.184.78.102', 'admin', 1),
('2017-01-31 08:55:17', 'ghostbuster', 'cron end', 0, '17-01-31', '89.184.78.102', 'admin', 1),
('2017-01-31 10:00:05', 'ghostbuster', 'cron start', 0, '17-01-31', '89.184.78.102', 'admin', 1),
('2017-01-31 10:00:05', 'ghostbuster', 'cron end', 0, '17-01-31', '89.184.78.102', 'admin', 1),
('2017-01-31 11:10:58', 'ghostbuster', 'cron start', 0, '17-01-31', '89.184.78.102', 'admin', 1),
('2017-01-31 11:10:58', 'ghostbuster', 'cron end', 0, '17-01-31', '89.184.78.102', 'admin', 1),
('2017-01-31 12:16:42', 'ghostbuster', 'cron start', 0, '17-01-31', '89.184.78.102', 'admin', 1),
('2017-01-31 12:16:42', 'ghostbuster', 'cron end', 0, '17-01-31', '89.184.78.102', 'admin', 1),
('2017-01-31 14:41:45', 'ghostbuster', 'cron start', 0, '17-01-31', '89.184.78.102', 'admin', 1),
('2017-01-31 14:41:45', 'ghostbuster', 'cron end', 0, '17-01-31', '89.184.78.102', 'admin', 1),
('2017-01-31 15:59:13', 'ghostbuster', 'cron start', 0, '17-01-31', '89.184.78.102', 'admin', 1),
('2017-01-31 15:59:13', 'ghostbuster', 'cron end', 0, '17-01-31', '89.184.78.102', 'admin', 1),
('2017-01-31 20:09:16', 'ghostbuster', 'cron start', 0, '17-01-31', '89.184.78.102', 'admin', 1),
('2017-01-31 20:09:16', 'ghostbuster', 'cron end', 0, '17-01-31', '89.184.78.102', 'admin', 1),
('2017-01-31 21:31:06', 'ghostbuster', 'cron start', 0, '17-01-31', '89.184.78.102', 'admin', 1),
('2017-01-31 21:31:06', 'ghostbuster', 'cron end', 0, '17-01-31', '89.184.78.102', 'admin', 1),
('2017-02-01 13:09:41', 'ghostbuster', 'cron start', 0, '17-02-01', '89.184.78.102', 'admin', 1),
('2017-02-01 13:09:41', 'ghostbuster', 'cron end', 0, '17-02-01', '89.184.78.102', 'admin', 1),
('2017-02-02 04:23:41', 'ghostbuster', 'cron start', 0, '17-02-02', '89.184.78.102', 'admin', 1),
('2017-02-02 04:23:41', 'ghostbuster', 'cron end', 0, '17-02-02', '89.184.78.102', 'admin', 1),
('2017-02-02 12:27:29', 'ghostbuster', 'cron start', 0, '17-02-02', '89.184.78.102', 'admin', 1),
('2017-02-02 12:27:29', 'ghostbuster', 'cron end', 0, '17-02-02', '89.184.78.102', 'admin', 1),
('2017-02-02 12:43:46', 'item', 'add', 69, '', '82.144.205.45', 'user', 0),
('2017-02-02 14:09:23', 'ghostbuster', 'cron start', 0, '17-02-02', '89.184.78.102', 'admin', 1),
('2017-02-02 14:09:23', 'ghostbuster', 'cron end', 0, '17-02-02', '89.184.78.102', 'admin', 1),
('2017-02-02 16:26:59', 'ghostbuster', 'cron start', 0, '17-02-02', '89.184.78.102', 'admin', 1),
('2017-02-02 16:26:59', 'ghostbuster', 'cron end', 0, '17-02-02', '89.184.78.102', 'admin', 1),
('2017-02-02 17:51:04', 'ghostbuster', 'cron start', 0, '17-02-02', '89.184.78.102', 'admin', 1),
('2017-02-02 17:51:04', 'ghostbuster', 'cron end', 0, '17-02-02', '89.184.78.102', 'admin', 1),
('2017-02-02 19:18:31', 'ghostbuster', 'cron start', 0, '17-02-02', '89.184.78.102', 'admin', 1),
('2017-02-02 19:18:31', 'ghostbuster', 'cron end', 0, '17-02-02', '89.184.78.102', 'admin', 1),
('2017-02-02 22:22:24', 'ghostbuster', 'cron start', 0, '17-02-02', '89.184.78.102', 'admin', 1),
('2017-02-02 22:22:24', 'ghostbuster', 'cron end', 0, '17-02-02', '89.184.78.102', 'admin', 1),
('2017-02-02 23:32:47', 'ghostbuster', 'cron start', 0, '17-02-02', '89.184.78.102', 'admin', 1),
('2017-02-02 23:32:47', 'ghostbuster', 'cron end', 0, '17-02-02', '89.184.78.102', 'admin', 1),
('2017-02-03 00:34:52', 'ghostbuster', 'cron start', 0, '17-02-03', '89.184.78.102', 'admin', 1),
('2017-02-03 00:34:52', 'ghostbuster', 'cron end', 0, '17-02-03', '89.184.78.102', 'admin', 1),
('2017-02-03 05:18:34', 'ghostbuster', 'cron start', 0, '17-02-03', '89.184.78.102', 'admin', 1),
('2017-02-03 05:18:34', 'ghostbuster', 'cron end', 0, '17-02-03', '89.184.78.102', 'admin', 1),
('2017-02-03 11:55:45', 'ghostbuster', 'cron start', 0, '17-02-03', '89.184.78.102', 'admin', 1),
('2017-02-03 11:55:45', 'ghostbuster', 'cron end', 0, '17-02-03', '89.184.78.102', 'admin', 1);

-- --------------------------------------------------------

--
-- Структура таблиці `oc_t_meta_categories`
--

CREATE TABLE IF NOT EXISTS `oc_t_meta_categories` (
  `fk_i_category_id` int(10) unsigned NOT NULL,
  `fk_i_field_id` int(10) unsigned NOT NULL,
  PRIMARY KEY (`fk_i_category_id`,`fk_i_field_id`),
  KEY `fk_i_field_id` (`fk_i_field_id`)
) ENGINE=InnoDB DEFAULT CHARSET=utf8;

-- --------------------------------------------------------

--
-- Структура таблиці `oc_t_meta_fields`
--

CREATE TABLE IF NOT EXISTS `oc_t_meta_fields` (
  `pk_i_id` int(10) unsigned NOT NULL AUTO_INCREMENT,
  `s_name` varchar(255) NOT NULL,
  `s_slug` varchar(255) NOT NULL,
  `e_type` enum('TEXT','TEXTAREA','DROPDOWN','RADIO','CHECKBOX','URL','DATE','DATEINTERVAL') NOT NULL DEFAULT 'TEXT',
  `s_options` varchar(2048) DEFAULT NULL,
  `b_required` tinyint(1) NOT NULL DEFAULT '0',
  `b_searchable` tinyint(1) NOT NULL DEFAULT '0',
  PRIMARY KEY (`pk_i_id`)
) ENGINE=InnoDB  DEFAULT CHARSET=utf8 AUTO_INCREMENT=2 ;

--
-- Дамп даних таблиці `oc_t_meta_fields`
--

INSERT INTO `oc_t_meta_fields` (`pk_i_id`, `s_name`, `s_slug`, `e_type`, `s_options`, `b_required`, `b_searchable`) VALUES
(1, 'srochno', 'new-custom-field', 'CHECKBOX', '', 0, 0);

-- --------------------------------------------------------

--
-- Структура таблиці `oc_t_mmessenger_blocked_users`
--

CREATE TABLE IF NOT EXISTS `oc_t_mmessenger_blocked_users` (
  `fk_i_user_id` int(10) unsigned NOT NULL,
  `s_blocked_user` varchar(255) NOT NULL,
  `dt_created` datetime DEFAULT NULL,
  PRIMARY KEY (`fk_i_user_id`,`s_blocked_user`)
) ENGINE=InnoDB DEFAULT CHARSET=utf8;

-- --------------------------------------------------------

--
-- Структура таблиці `oc_t_mmessenger_events`
--

CREATE TABLE IF NOT EXISTS `oc_t_mmessenger_events` (
  `id` int(10) unsigned NOT NULL AUTO_INCREMENT,
  `name` varchar(30) NOT NULL,
  PRIMARY KEY (`id`)
) ENGINE=InnoDB  DEFAULT CHARSET=utf8 AUTO_INCREMENT=5 ;

--
-- Дамп даних таблиці `oc_t_mmessenger_events`
--

INSERT INTO `oc_t_mmessenger_events` (`id`, `name`) VALUES
(1, 'status_change'),
(2, 'contact_details_sent'),
(3, 'item_deleted'),
(4, 'item_spammed');

-- --------------------------------------------------------

--
-- Структура таблиці `oc_t_mmessenger_events_description`
--

CREATE TABLE IF NOT EXISTS `oc_t_mmessenger_events_description` (
  `fk_i_event_id` int(10) unsigned NOT NULL AUTO_INCREMENT,
  `fk_c_locale_code` char(5) NOT NULL,
  `s_excerpt` varchar(255) DEFAULT NULL,
  `s_text` text,
  PRIMARY KEY (`fk_i_event_id`,`fk_c_locale_code`),
  KEY `fk_oc_t_mmessenger_events_locale` (`fk_c_locale_code`)
) ENGINE=InnoDB  DEFAULT CHARSET=utf8 AUTO_INCREMENT=5 ;

--
-- Дамп даних таблиці `oc_t_mmessenger_events_description`
--

INSERT INTO `oc_t_mmessenger_events_description` (`fk_i_event_id`, `fk_c_locale_code`, `s_excerpt`, `s_text`) VALUES
(1, 'en_US', '', 'Status of this thread has changed to {STATUS_NAME}'),
(1, 'ru_RU', '', 'Статус этой темы изменился на {STATUS_NAME}'),
(1, 'uk_UK', '', 'Статус цієї теми змінився на {STATUS_NAME}'),
(3, 'en_US', '', 'Item linked to this thread is not available anymore: advertiser might have found what he/she was looking for'),
(3, 'ru_RU', '', 'Данные, связанные с этой темой, больше не доступны: автор объявления мог найти то, что он / она искал'),
(3, 'uk_UK', '', 'Дані, пов''язані з цією темою, більше не доступні: автор оголошення міг знайти те, що він / вона шукав'),
(4, 'en_US', '', 'Item linked to this thread has been marked as spam by an admin'),
(4, 'ru_RU', '', 'Сообщение, связанное с этой темой, было отмечено администратором как спам'),
(4, 'uk_UK', '', 'Повідомлення, пов''язане з цією темою, було відзначено адміністратором як спам');

-- --------------------------------------------------------

--
-- Структура таблиці `oc_t_mmessenger_labels`
--

CREATE TABLE IF NOT EXISTS `oc_t_mmessenger_labels` (
  `pk_i_id` int(10) unsigned NOT NULL AUTO_INCREMENT,
  `s_name` varchar(30) NOT NULL,
  `b_system` tinyint(1) NOT NULL DEFAULT '0',
  `fk_i_user_id` int(10) unsigned DEFAULT NULL,
  `fk_i_parent_id` int(10) unsigned DEFAULT NULL,
  PRIMARY KEY (`pk_i_id`),
  KEY `fk_oc_t_mmessenger_labels` (`fk_i_parent_id`)
) ENGINE=InnoDB  DEFAULT CHARSET=utf8 AUTO_INCREMENT=4 ;

--
-- Дамп даних таблиці `oc_t_mmessenger_labels`
--

INSERT INTO `oc_t_mmessenger_labels` (`pk_i_id`, `s_name`, `b_system`, `fk_i_user_id`, `fk_i_parent_id`) VALUES
(1, 'inbox', 1, NULL, NULL),
(2, 'archive', 1, NULL, NULL),
(3, 'unread', 0, NULL, NULL);

-- --------------------------------------------------------

--
-- Структура таблиці `oc_t_mmessenger_labels_description`
--

CREATE TABLE IF NOT EXISTS `oc_t_mmessenger_labels_description` (
  `fk_i_label_id` int(10) unsigned NOT NULL,
  `fk_c_locale_code` char(5) NOT NULL,
  `s_title` varchar(50) NOT NULL,
  PRIMARY KEY (`fk_i_label_id`,`fk_c_locale_code`),
  KEY `fk_oc_t_mmessenger_labels_locale` (`fk_c_locale_code`)
) ENGINE=InnoDB DEFAULT CHARSET=utf8;

--
-- Дамп даних таблиці `oc_t_mmessenger_labels_description`
--

INSERT INTO `oc_t_mmessenger_labels_description` (`fk_i_label_id`, `fk_c_locale_code`, `s_title`) VALUES
(1, 'en_US', 'Inbox'),
(1, 'ru_RU', 'Входящие'),
(1, 'uk_UK', 'Вхідні'),
(2, 'en_US', 'Archive'),
(2, 'ru_RU', 'Архивные'),
(2, 'uk_UK', 'Архівні'),
(3, 'en_US', 'Favorits'),
(3, 'ru_RU', 'Избранные'),
(3, 'uk_UK', 'Вибрані');

-- --------------------------------------------------------

--
-- Структура таблиці `oc_t_mmessenger_message`
--

CREATE TABLE IF NOT EXISTS `oc_t_mmessenger_message` (
  `id` int(10) unsigned NOT NULL AUTO_INCREMENT,
  `title` varchar(50) DEFAULT NULL,
  `content` text NOT NULL,
  `sentOn` datetime DEFAULT NULL,
  `hidden` tinyint(1) DEFAULT NULL,
  `reported` tinyint(1) DEFAULT NULL,
  `root_id` int(10) unsigned DEFAULT NULL,
  `sender_id` int(10) unsigned NOT NULL,
  `item_id` int(10) unsigned DEFAULT '0',
  `status_id` int(10) unsigned DEFAULT NULL,
  `event_id` int(10) unsigned DEFAULT NULL,
  PRIMARY KEY (`id`),
  KEY `fk_oc_t_mmessenger_message_root` (`root_id`),
  KEY `fk_oc_t_mmessenger_message_events` (`event_id`),
  KEY `fk_oc_t_mmessenger_message_status` (`status_id`)
) ENGINE=InnoDB  DEFAULT CHARSET=utf8 AUTO_INCREMENT=523 ;

--
-- Дамп даних таблиці `oc_t_mmessenger_message`
--

INSERT INTO `oc_t_mmessenger_message` (`id`, `title`, `content`, `sentOn`, `hidden`, `reported`, `root_id`, `sender_id`, `item_id`, `status_id`, `event_id`) VALUES
(1, NULL, 'fjgkldfjgkfdj  f dgdf', '2016-04-20 11:56:14', NULL, NULL, 1, 2, 45, 1, NULL),
(2, NULL, 'jbjhj jhnjhjkk', '2016-04-20 11:57:43', 1, NULL, 2, 2, 54, NULL, NULL),
(3, NULL, 'прпропорп рпр ропро роп рп п ', '2016-04-20 12:00:56', NULL, NULL, 2, 10, 0, NULL, NULL),
(4, NULL, 'Василий,шо ты сделал с сайтом?) Все стили послетали', '2016-04-20 12:02:01', NULL, NULL, 1, 1, 0, NULL, NULL),
(5, NULL, 'Юрий, не волнуйтесь. все возверну взад. Тестирую єту тварь, шо вчера купили. зараза на наши стили не становится', '2016-04-20 12:04:56', NULL, NULL, 1, 2, 0, NULL, NULL),
(6, NULL, 'Ясно, но станет?', '2016-04-20 12:06:57', NULL, NULL, 1, 1, 0, NULL, NULL),
(7, NULL, 'Коль, а ты не можешь сегодня выйти после обеда? Нужно сделать пару удостоверений для ламинации. Просто Ваня сегодня отпросился. Сумму добавим к гонорару\n', '2016-04-20 12:10:02', NULL, NULL, 1, 1, 0, NULL, NULL),
(8, NULL, 'О, все вернулось!', '2016-04-20 12:10:27', NULL, NULL, 1, 1, 0, NULL, NULL),
(9, NULL, 'Классно работает, мне нравиться. Я больше половины перевел, но закончить некогда много дел', '2016-04-20 12:11:23', NULL, NULL, 1, 1, 0, NULL, NULL),
(10, NULL, 'куда ж ему деваться? как там с переводом? Леночка старается?', '2016-04-20 12:11:24', NULL, NULL, 1, 2, 0, NULL, NULL),
(11, NULL, 'Насчет "послеобеда" - не шутка?', '2016-04-20 12:13:16', NULL, NULL, 1, 2, 0, NULL, NULL),
(12, NULL, 'Не, не шутка. Если можешь, конечно\n', '2016-04-20 12:14:37', NULL, NULL, 1, 1, 0, NULL, NULL),
(13, NULL, 'ок. на пару часов могу', '2016-04-20 12:15:20', NULL, NULL, 1, 2, 0, NULL, NULL),
(14, NULL, 'Спасибо)\n', '2016-04-20 12:16:09', NULL, NULL, 1, 1, 0, NULL, NULL),
(15, NULL, '', '2016-04-20 12:16:49', NULL, NULL, 1, 1, 0, 4, 1),
(16, NULL, '', '2016-04-20 12:16:54', NULL, NULL, 1, 1, 0, 2, 1),
(17, NULL, '', '2016-04-20 12:16:59', NULL, NULL, 1, 1, 0, 1, 1),
(18, NULL, '', '2016-04-20 12:17:07', NULL, NULL, 1, 1, 0, 2, 1),
(19, NULL, '', '2016-04-20 12:18:46', NULL, NULL, 1, 1, 0, 1, 1),
(20, NULL, '', '2016-04-20 12:29:20', NULL, NULL, 1, 1, 0, 3, 1),
(21, NULL, '', '2016-04-20 12:30:21', NULL, NULL, 1, 1, 0, 1, 1),
(22, NULL, 'рволрырола', '2016-04-21 05:55:59', NULL, NULL, 22, 2, 0, NULL, NULL),
(23, NULL, 'выаоыв воаыво аывоа ывдлаоываыв', '2016-04-21 06:01:43', 1, NULL, 23, 2, 0, NULL, NULL),
(24, NULL, 'Та ти шо!!!', '2016-04-21 06:02:58', NULL, NULL, 23, 10, 0, NULL, NULL),
(25, NULL, 'щось', '2016-04-21 07:36:49', NULL, NULL, 25, 10, 2, 2, NULL),
(26, NULL, 'что рволрырола, то рволрырола...', '2016-04-21 07:47:21', NULL, NULL, 22, 1, 0, NULL, NULL),
(27, NULL, 'Главное, я не пойму, как мне начать переписку с человеком, который меня интересует. ', '2016-04-21 07:49:04', NULL, NULL, 22, 1, 0, NULL, NULL),
(28, NULL, 'Коля, пожалуйста, не переводи сам приложение! ', '2016-04-21 08:04:03', NULL, NULL, 22, 1, 0, NULL, NULL),
(29, NULL, '>> Главное, я не пойму, как мне начать переписку с человеком, который меня интересует.\r\n-------\r\nПерейти в его профиль и там написать, или под его объявлением  - тоже есть форма сообщения. Надо только залогиниться самому', '2016-04-21 09:25:13', NULL, NULL, 22, 2, 0, NULL, NULL),
(30, NULL, 'fnkjgdflkjg df', '2016-04-21 15:45:55', 1, NULL, 30, 2, 21, NULL, NULL),
(31, NULL, 'Ага, теперь вижу, некрасивое окошко. Можно ли сделать его такой же длинны, как  синяя кнопка? И куда исчез конвертик с кнопки "связаться а втором"?', '2016-04-21 20:58:19', NULL, NULL, 22, 1, 0, NULL, NULL),
(32, NULL, 'Коля, ты не внес правку в украинском варианте Избранного (Вибране)\r\n\nВ предложении "Якщо включено функцію «сповіщення», Ви будете повідомлені по електронній пошті в разі, якщо: Ціна в оголошенні, яке Ви додали в вибране зміниться, або оголошення буде видалено. Не має значення, чи список вибраного поточний / активний чи ні" нужно немного поправить: "...в разі, якщо ціна в оголошенні..." ', '2016-04-21 21:03:04', 1, NULL, 22, 1, 0, NULL, NULL),
(33, NULL, 'На верхней панели сайта, там где переключение языка, Свяжитесь с нами, Вход, Мой кабинет, Появилась надпись Сообщения. Но она сидит на разделительной черточке. Нужно сделать так, чтобы все разделительные черточки были на равно расстоянии и Сообщения отделялись черточкой не только слева, но и справа', '2016-04-21 21:06:31', NULL, NULL, 22, 1, 0, NULL, NULL),
(34, NULL, '>>Ага, теперь вижу, некрасивое окошко. Можно ли сделать его такой же длинны, как синяя кнопка? И куда исчез конвертик с кнопки "связаться а втором"?\r\n------------\r\nОкошко сообщения сейчас по ширине синей кнопки. В публичном профиле никогда конвертика не было - это только на странице объявления. \r\n \r\nИ я не получил перевода на Madhouse Messenger. Если сделаете - пришлите на main@design-plus.kiev.ua', '2016-04-22 09:50:03', NULL, NULL, 22, 2, 0, NULL, NULL),
(35, NULL, 'Я попал в водоворот событий, Лена в командировке. Но постараюсь перевод выслать до конца дня. Или на выходные', '2016-04-22 13:33:56', 1, NULL, 22, 1, 0, NULL, NULL),
(36, NULL, 'Коль, 1) надо поставить конвертик на синюю кнопку, иначе не ясно в чем разница между мессендером и отправкой на e-mail. 2) Надо добавить возможность послать сообщение по мессенджеру там, где сейчас кнопка с конвертиком, а не заходить для этого глубоко в профиль ', '2016-04-22 13:43:23', 1, NULL, 22, 1, 0, NULL, NULL),
(37, NULL, 'Насчет конвертика можно попробовать. А что касается \r\n"2) Надо добавить возможность послать сообщение по мессенджеру там, где сейчас кнопка с конвертиком, а не заходить для этого глубоко в профиль" - \r\n можно посылать сообщения и со страницы объявления - внизу под фото, над синими значками. И тогда эти объявления группируются в "беседу" соотносящуюся к этому обэявлению. Так работает программа.', '2016-04-22 15:44:58', NULL, NULL, 22, 2, 0, NULL, NULL),
(38, NULL, 'fgdfgdfg', '2016-04-22 23:21:36', 1, NULL, 2, 2, 0, NULL, NULL),
(39, NULL, 'dsfdfsdfsdfsdf sdf sdfsd fsdf sdfsdfasdfsadfsd', '2016-04-22 23:38:20', 1, NULL, 2, 2, 0, NULL, NULL),
(40, NULL, 'g hghj hjg ghjg', '2016-04-23 00:16:29', 1, NULL, 2, 2, 0, NULL, NULL),
(41, NULL, 'Єлєна, хочу поспілкуватися з Вами на сайті. Лабутени тут ні до чого.', '2016-04-24 01:45:51', NULL, NULL, 41, 2, 0, NULL, NULL),
(42, NULL, 'вілаовілаоівоадліво ао іволдаодів пап', '2016-04-24 01:52:52', NULL, NULL, 2, 2, 0, NULL, NULL),
(43, NULL, 'Коля, как идет перевод? Что скажешь о дополнительной кнопке? И нет ли возможности присандалить третью кнопку – перехода в скайп. так сделано в OLX - посмотри\r\n', '2016-04-26 10:44:33', 1, NULL, 22, 1, 0, NULL, NULL),
(44, NULL, 'Юра, привет!\r\n', '2016-04-27 13:39:55', NULL, NULL, 44, 9, 13, 1, NULL),
(45, NULL, 'ПРивед, привед)\r\n', '2016-04-27 13:41:48', NULL, NULL, 44, 1, 0, NULL, NULL),
(46, NULL, 'Хочу клубники\r\n', '2016-04-27 13:43:11', NULL, NULL, 44, 9, 0, NULL, NULL),
(47, NULL, 'пиши исчо\r\n', '2016-04-27 13:45:09', NULL, NULL, 44, 1, 0, NULL, NULL),
(48, NULL, '', '2016-04-27 13:55:05', NULL, NULL, 44, 1, 0, 1, 1),
(49, NULL, '', '2016-04-27 13:57:47', NULL, NULL, 44, 1, 0, 2, 1),
(50, NULL, 'И шампанского\r\n', '2016-04-27 13:58:10', NULL, NULL, 44, 9, 0, NULL, NULL),
(51, NULL, '', '2016-04-27 13:59:05', NULL, NULL, 44, 1, 0, 3, 1),
(52, NULL, '', '2016-04-27 14:03:38', NULL, NULL, 44, 1, 0, 1, 1),
(53, NULL, 'манюня, работай, не отвлекайся)', '2016-04-27 14:06:06', 1, NULL, 44, 1, 0, NULL, NULL),
(54, NULL, 'Я не Гадюкина, а милый белый пушистик', '2016-04-27 14:14:02', NULL, NULL, 44, 9, 0, NULL, NULL),
(55, NULL, '', '2016-04-27 14:17:34', NULL, NULL, 44, 1, 0, 4, 1),
(56, NULL, '', '2016-04-28 09:13:43', NULL, NULL, 25, 2, 0, 1, 1),
(57, NULL, '', '2016-04-28 09:13:59', NULL, NULL, 25, 2, 0, 2, 1),
(58, NULL, '', '2016-04-28 09:14:21', NULL, NULL, 25, 2, 0, 3, 1),
(59, NULL, '', '2016-04-28 10:16:47', NULL, NULL, 25, 2, 0, 2, 1),
(60, NULL, 'Чмоки чмоки\r\n\r\n', '2016-04-28 11:27:01', NULL, NULL, 44, 9, 0, NULL, NULL),
(61, NULL, '', '2016-04-29 21:12:15', NULL, NULL, 25, 2, 0, 1, 1),
(62, NULL, 'Коля привет! Что это за фигня стоит справа: "Запрос о..." "Нет объявлений, связанных с этим диалогом" Это  кусок какого-то сервиса? Можешь выслать мне инструкции с мессенджера на английском?', '2016-04-29 21:44:09', 1, NULL, 22, 1, 0, NULL, NULL),
(63, NULL, 'И под окошком мессенджера переведи Block user - Блокировать пользователя / Блокувати користувача ', '2016-04-29 21:46:03', 1, NULL, 22, 1, 0, NULL, NULL),
(64, NULL, 'Block user (под окошком) пока не поборол. нашел один баг в плаге, что не давал работать переводчику сообщений. Остальное в процессе. Кнопки "статус" (Processing | Sheduled | Accepted | Refused) тоже перевел. Что касается инструкции к Мессенджеру - так ее как таковой и нет. Есть хелп, как вставлять PHP-код, чтобы работал плаг в osclass. Остальное - текст перевода сообщений.', '2016-04-29 22:24:53', NULL, NULL, 22, 2, 0, NULL, NULL),
(65, NULL, '"Запрос о..." - смотрите английскую версию. Там оригинал, и так задумано авторами плага. ', '2016-04-29 22:31:06', NULL, NULL, 22, 2, 0, NULL, NULL),
(66, NULL, 'Перевод по твоей просьбе\r\n\r\nItem linked to this thread is not available anymore: advertiser might have found what he/she was looking for\r\nДанные, связанные с этой темой, больше не доступны: автор объявления мог найти то, что он / она искал\r\nДані, пов''язані з цією темою, більше не доступні: автор оголошення міг знайти те, що він / вона шукав\r\n\r\nItem linked to this thread has been marked as spam by an admin\r\nСообщение, связанное с этой темой, было отмечено администратором как спам\r\nПовідомлення, пов''язане з цією темою, було відзначено адміністратором як спам\r\n', '2016-04-30 08:31:46', 1, NULL, 22, 1, 0, NULL, NULL),
(67, NULL, 'Вот это еще не переведено:\r\n\r\nWe''ve successfully sent your message\r\nВаше сообщение успешно отправлено\r\nВаше повідомлення успішно відправлено', '2016-04-30 08:34:40', 1, NULL, 22, 1, 0, NULL, NULL),
(68, NULL, 'В', '2016-04-30 08:35:20', 1, NULL, 22, 1, 0, NULL, NULL),
(69, NULL, 'Прошу прощения, We''ve successfully sent your messageОй, переведено, просто я был в английском профиле', '2016-04-30 08:36:18', 1, NULL, 22, 1, 0, NULL, NULL),
(70, NULL, '', '2016-05-02 11:03:36', NULL, NULL, 44, 1, 0, 3, 1),
(71, NULL, '', '2016-05-02 21:06:01', NULL, NULL, 44, 1, 0, 1, 1),
(72, NULL, '', '2016-05-02 21:06:56', NULL, NULL, 44, 1, 0, 4, 1),
(73, NULL, '', '2016-05-02 21:15:29', NULL, NULL, 44, 1, 0, 2, 1),
(74, NULL, '', '2016-05-02 21:15:37', NULL, NULL, 44, 1, 0, 4, 1),
(75, NULL, 'Ну, что же мессенджер с горем пополам перевели. Напиши мне что-нить, чтобы я проверил текст в электронной почте', '2016-05-02 22:02:52', 1, NULL, 22, 1, 0, NULL, NULL),
(76, NULL, '', '2016-05-02 22:18:38', NULL, NULL, 44, 1, 0, 2, 1),
(77, NULL, 'Давай сюда отдавай)', '2016-05-04 11:13:23', 1, NULL, 77, 1, 22, 1, NULL),
(78, NULL, 'Бла-бла-бла\r\n', '2016-05-04 11:26:57', 1, NULL, 77, 1, 0, NULL, NULL),
(79, NULL, 'Вступаю с тобой', '2016-05-04 11:27:05', NULL, NULL, 77, 7, 0, NULL, NULL),
(80, NULL, '', '2016-05-04 11:27:44', NULL, NULL, 77, 7, 0, 1, 1),
(81, NULL, '', '2016-05-04 11:28:00', NULL, NULL, 77, 7, 0, 3, 1),
(82, NULL, '', '2016-05-04 11:30:10', NULL, NULL, 77, 7, 0, 4, 1),
(83, NULL, '', '2016-05-04 11:32:07', NULL, NULL, 77, 7, 0, 2, 1),
(84, NULL, '', '2016-05-04 11:34:42', NULL, NULL, 77, 7, 0, 1, 1),
(85, NULL, 'Приму в у.е.\r\n', '2016-05-04 11:36:14', NULL, NULL, 85, 7, 36, 4, NULL),
(86, NULL, 'Почему так дорого?', '2016-05-04 11:37:50', NULL, NULL, 86, 7, 37, 3, NULL),
(87, NULL, '', '2016-05-04 11:40:01', NULL, NULL, 85, 1, 0, 4, 1),
(88, NULL, '', '2016-05-04 11:54:15', NULL, NULL, 77, 7, 0, 3, 1),
(89, NULL, 'Какой размер болтов? Большой?', '2016-05-04 11:56:08', NULL, NULL, 89, 7, 49, 3, NULL),
(90, NULL, '', '2016-05-04 11:58:09', NULL, NULL, 89, 1, 0, 4, 1),
(91, NULL, 'почему отказано?\r\n', '2016-05-04 11:59:25', NULL, NULL, 89, 7, 0, NULL, NULL),
(92, NULL, '', '2016-05-04 12:32:13', NULL, NULL, 89, 1, 0, 3, 1),
(93, NULL, 'Лена, ты на почту получаешь предупреждение о сообщении? Или только на сайт?', '2016-05-04 14:56:54', NULL, NULL, 89, 1, 0, NULL, NULL),
(94, NULL, 'Получила на почту', '2016-05-04 23:50:45', NULL, NULL, 89, 7, 0, NULL, NULL),
(95, NULL, 'Хорошо, молодец)', '2016-05-04 23:53:26', NULL, NULL, 89, 1, 0, NULL, NULL),
(96, NULL, 'Привет! Я сегодня колбашусь в постели, в офис не выйду,  можешь мне всякое сюда слать', '2016-05-05 09:48:31', NULL, NULL, 89, 7, 0, NULL, NULL),
(97, NULL, '', '2016-05-05 09:49:12', NULL, NULL, 89, 1, 0, 2, 1),
(98, NULL, 'Хэх, а я на работе колбашусь)', '2016-05-05 09:50:15', NULL, NULL, 89, 1, 0, NULL, NULL),
(99, NULL, 'Коля поменял все, но шо-то все равно не пляшет. ', '2016-05-05 09:51:50', NULL, NULL, 89, 1, 0, NULL, NULL),
(100, NULL, '', '2016-05-05 09:53:54', NULL, NULL, 89, 1, 0, 4, 1),
(101, NULL, '', '2016-05-05 10:00:47', NULL, NULL, 77, 7, 0, 1, 1),
(102, NULL, '', '2016-05-05 10:01:14', NULL, NULL, 77, 7, 0, 2, 1),
(103, NULL, 'Быстрый отклик\r\n(на Ваше объявление)  - не правильно. не на объявление отклик, а на сообщения, которые приходят.\r\n\r\nБыстрый отклик\r\n(на сообщение)', '2016-05-05 10:05:01', NULL, NULL, 77, 7, 0, NULL, NULL),
(104, NULL, 'А картинка с туфлями? тут же привязка к объявлению конкретному', '2016-05-05 10:06:41', 1, NULL, 77, 1, 0, NULL, NULL),
(105, NULL, 'автор объявления реагирует на входящее сообщение по своему объявлению', '2016-05-05 10:08:10', NULL, NULL, 77, 7, 0, NULL, NULL),
(106, NULL, 'не может автор откликаться на свое же объявление', '2016-05-05 10:10:20', NULL, NULL, 77, 7, 0, NULL, NULL),
(107, NULL, 'так шо, меняем на Быстрый отклик на сообщение?', '2016-05-05 10:11:09', 1, NULL, 77, 1, 0, NULL, NULL),
(108, NULL, 'да\r\n', '2016-05-05 10:12:56', NULL, NULL, 77, 7, 0, NULL, NULL),
(109, NULL, 'Срочно перезвони 050-353-53-27 Надежда - хочет дать объявление!!!', '2016-05-05 10:52:54', NULL, NULL, 89, 1, 0, NULL, NULL),
(110, NULL, '', '2016-05-05 11:36:32', NULL, NULL, 89, 1, 0, 2, 1),
(111, NULL, '', '2016-05-05 11:42:14', NULL, NULL, 77, 7, 0, 4, 1),
(112, NULL, '', '2016-05-05 11:42:36', NULL, NULL, 77, 7, 0, 2, 1),
(113, NULL, '', '2016-05-05 12:47:31', NULL, NULL, 25, 2, 0, 2, 1),
(114, NULL, 'Классная аватарка. Но в реале ты лучше', '2016-05-05 12:51:30', NULL, NULL, 41, 2, 0, NULL, NULL),
(115, NULL, 'питання  ці ...', '2016-05-05 13:09:32', NULL, NULL, 25, 2, 0, NULL, NULL),
(116, NULL, 'та ти шо?!!!', '2016-05-05 13:13:30', NULL, NULL, 25, 2, 0, NULL, NULL),
(117, NULL, 'авпвапа рпар прпрппрап', '2016-05-05 13:33:45', NULL, NULL, 25, 2, 0, NULL, NULL),
(118, NULL, 'віаіва івавіаіваіваіваіва іваа іва іва ', '2016-05-05 13:38:01', NULL, NULL, 25, 2, 0, NULL, NULL),
(119, NULL, 'па русски чей-та', '2016-05-05 13:39:09', NULL, NULL, 25, 2, 0, NULL, NULL),
(120, NULL, '', '2016-05-05 13:48:36', NULL, NULL, 85, 1, 0, 3, 1),
(121, NULL, 'Я переключил статус. Ты получила оповещение по е-mail?', '2016-05-05 13:49:38', 1, NULL, 85, 1, 0, NULL, NULL),
(122, NULL, 'пришло 2 письма с одинаковым текстом:\r\nЮрий прислал (-ла) Вам сообщение по поводу объявления Подам милостыню\r\n', '2016-05-05 14:14:10', NULL, NULL, 85, 7, 0, NULL, NULL),
(123, NULL, 'Тебе тут звонили желающие раздавать газету, сбрось свой тел., чтобы я его передал', '2016-05-05 14:35:02', 1, NULL, 85, 1, 0, NULL, NULL),
(124, NULL, '066 700 95 54', '2016-05-05 14:41:04', NULL, NULL, 85, 7, 0, NULL, NULL),
(125, NULL, 'А сейчас испытываем мессенджер на скорость. Отвечай быстро че-нить', '2016-05-05 14:43:56', 1, NULL, 85, 1, 0, NULL, NULL),
(126, NULL, 'Мдя, как-то но со скоростью не очень....))', '2016-05-05 14:46:55', 1, NULL, 85, 1, 0, NULL, NULL),
(127, NULL, 'Или ты заснула?)', '2016-05-05 14:47:17', 1, NULL, 85, 1, 0, NULL, NULL),
(128, NULL, 'Юра, не болей!\r\n', '2016-05-05 14:58:12', NULL, NULL, 44, 9, 0, NULL, NULL),
(129, NULL, 'ну давай испытаем\r\n', '2016-05-05 14:58:24', NULL, NULL, 85, 7, 0, NULL, NULL),
(130, NULL, 'Начинаю испытывать)', '2016-05-05 14:59:45', 1, NULL, 85, 1, 0, NULL, NULL),
(131, NULL, 'ит ит бьт', '2016-05-05 15:00:14', NULL, NULL, 85, 7, 0, NULL, NULL),
(132, NULL, 'Не-не, не болею', '2016-05-05 15:00:38', NULL, NULL, 44, 1, 0, NULL, NULL),
(133, NULL, 'В общем, через верхнюю рубрику приходится заходить, "Сообщения", да?', '2016-05-05 15:01:31', 1, NULL, 85, 1, 0, NULL, NULL),
(134, NULL, 'да. или обновить страницу\r\n', '2016-05-05 15:02:08', NULL, NULL, 85, 7, 0, NULL, NULL),
(135, NULL, 'Идем домой?', '2016-05-05 15:03:21', NULL, NULL, 44, 9, 0, NULL, NULL),
(136, NULL, 'Ладно, я понял. А напиши подряд три сообщения ', '2016-05-05 15:04:19', 1, NULL, 85, 1, 0, NULL, NULL),
(137, NULL, '', '2016-05-05 15:04:48', NULL, NULL, 44, 1, 0, 3, 1),
(138, NULL, 'Еще три часа и домой', '2016-05-05 15:05:02', NULL, NULL, 44, 1, 0, NULL, NULL),
(139, NULL, 'Почем бланки, красотка?)', '2016-05-05 15:09:42', 1, NULL, 139, 1, 46, 2, NULL),
(140, NULL, 'юбьтжлот', '2016-05-05 15:10:15', NULL, NULL, 85, 7, 0, NULL, NULL),
(141, NULL, 'отзшото', '2016-05-05 15:10:23', NULL, NULL, 85, 7, 0, NULL, NULL),
(142, NULL, 'лдолтвьт', '2016-05-05 15:10:32', NULL, NULL, 85, 7, 0, NULL, NULL),
(143, NULL, 'Точно отзшото?', '2016-05-05 15:12:27', 1, NULL, 85, 1, 0, NULL, NULL),
(144, NULL, 'классно? пальцы живут своей жизнью', '2016-05-05 15:13:30', NULL, NULL, 85, 7, 0, NULL, NULL),
(145, NULL, 'Все норм, мне только не нравится, что мессенджер не сам обновляется, а приходится зырить через Сообщения', '2016-05-05 15:14:56', 1, NULL, 85, 1, 0, NULL, NULL),
(146, NULL, '400 грн чистый', '2016-05-05 15:16:13', NULL, NULL, 139, 9, 0, NULL, NULL),
(147, NULL, '', '2016-05-05 15:22:21', NULL, NULL, 139, 9, 0, 2, 1),
(148, NULL, 'ывпаыва выапва', '2016-05-06 10:07:43', 1, NULL, 30, 2, 0, NULL, NULL),
(149, NULL, 'А ну-ка иди домой!!!)))', '2016-05-06 17:35:27', NULL, NULL, 139, 1, 0, NULL, NULL),
(150, NULL, 'тестовое сообщение. ответьте!', '2016-05-06 20:32:22', 1, NULL, 22, 2, 0, NULL, NULL),
(151, NULL, 'Отвечаю..', '2016-05-06 20:35:31', 1, NULL, 22, 1, 0, NULL, NULL),
(152, NULL, 'Справа от мессенджера надо заменить надпись Быстрый отклик, я выслал продолжение фразы раньше. А что с мессенджером? Снял какую-то птичку?', '2016-05-06 20:37:09', 1, NULL, 22, 1, 0, NULL, NULL),
(153, NULL, 'Вот попробуй здесь поудаояй сообщения, остаются сообщения "Это сообщение было удалено" и выстраиваются в ряд', '2016-05-06 20:38:38', 1, NULL, 22, 1, 0, NULL, NULL),
(154, NULL, 'Нет никакой птички. Я протестировал демо-версию на сайте Madhouthe - там та же фигня\r\n', '2016-05-06 20:39:36', NULL, NULL, 22, 2, 0, NULL, NULL),
(155, NULL, 'То же самое - что? Плохо удаляются сообщения или не самообновляются ?', '2016-05-06 20:42:15', 1, NULL, 22, 1, 0, NULL, NULL),
(156, NULL, 'и то и другое', '2016-05-06 22:01:56', NULL, NULL, 22, 2, 0, NULL, NULL),
(157, NULL, 'за шо же 30 баксов?', '2016-05-06 22:07:24', 1, NULL, 22, 1, 0, NULL, NULL),
(158, NULL, 'отдавай свой блок даром, по добру по здорову)', '2016-05-07 00:13:01', NULL, NULL, 158, 1, 26, 3, NULL),
(159, NULL, 'теперь ты можешь посмотреть как работают цветные кнопки и дать быстрый отклик', '2016-05-07 00:14:16', NULL, NULL, 158, 1, 0, NULL, NULL),
(160, NULL, 'Блок даром??? фигушки!', '2016-05-07 00:26:46', NULL, NULL, 158, 2, 0, NULL, NULL),
(161, NULL, 'прийом!!', '2016-05-10 16:49:34', NULL, NULL, 158, 2, 0, NULL, NULL),
(162, NULL, 'прийом-прийом', '2016-05-10 16:54:11', 1, NULL, 158, 1, 0, NULL, NULL),
(163, NULL, '', '2016-05-10 16:54:26', NULL, NULL, 158, 2, 0, 2, 1),
(164, NULL, 'че-нибудь', '2016-05-10 17:02:23', NULL, NULL, 158, 2, 0, NULL, NULL),
(165, NULL, 'длмдоадрадладли', '2016-05-10 17:04:13', 1, NULL, 158, 1, 0, NULL, NULL),
(166, NULL, 'Привет, Коля! Напоминаю несколько обсуждавшихся новых задач: \r\n\r\n1). Раскрасить диалог в два цвета -- песочный, используемый на сайте, и светло голубой. Черный шрифт на них  должен хорошо читаться.\r\n2). По образу и подобию OLX обозначить красными маркерами входящие сообщения.\r\n3). Предусмотреть кнопку обновления. Может быть красную  рядом с "Отправьте сообщение".\r\n4). Еще раз внимательно пройтись по отправленным правкам.', '2016-05-12 19:03:29', 1, NULL, 158, 1, 0, NULL, NULL),
(167, NULL, '', '2016-05-13 16:01:42', NULL, NULL, 158, 2, 0, 3, 1),
(168, NULL, 'Привет, Коль. А чего ступенька такая крутая? Можно сделать отступ поменьше?', '2016-05-13 16:13:21', 1, NULL, 158, 1, 0, NULL, NULL),
(169, NULL, 'Немного, на 3 мм', '2016-05-13 16:15:54', 1, NULL, 158, 1, 0, NULL, NULL),
(170, NULL, 'И еще там сбоку была симпатичная полосочка, визуально поддерживающая рамку (слква), а ты ее убил. Нужно вернуть, покрасить в более насыщенный цвет – синий и охровый', '2016-05-13 16:18:03', 1, NULL, 158, 1, 0, NULL, NULL),
(171, NULL, 'От рамки, в которую вбивается сообщение, надо отклячить ответ, а то они слиплись', '2016-05-13 16:30:21', NULL, NULL, 158, 1, 0, NULL, NULL),
(172, NULL, 'Хотя ладно, не надо присандаливать сбоку линейку и красить ее. И так нормально, только надо разлепить реплики, которые слиплись', '2016-05-13 17:04:36', 1, NULL, 22, 1, 0, NULL, NULL),
(173, NULL, 'хорошо.\r\n', '2016-05-13 17:18:34', NULL, NULL, 22, 2, 0, NULL, NULL),
(174, NULL, 'Диалоги удаляются без остатка. Это хорошо, молодец. А вот интенсивность желтого цвета я бы немного снизил, а то режут глаз. Хотя бы на 10%.', '2016-05-13 20:54:28', 1, NULL, 22, 1, 0, NULL, NULL),
(175, NULL, 'Попробуй добиться того, чтобы при нажатии на зеленую кнопку курсор начинал мигать в окошке диалога. ', '2016-05-13 20:57:30', 1, NULL, 22, 1, 0, NULL, NULL),
(176, NULL, 'И еще. Мне кажется, если начальная плашка отправки сообщения голубая, то и мои (автора) реплики должны быть голубыми, а входящие желтыми. Именно так на OLX, только там цвет зеленый. Нужно изменить, Коля', '2016-05-13 21:03:36', NULL, NULL, 22, 1, 0, NULL, NULL),
(177, NULL, 'поменять цвета - это не долго. а по поводу "курсора шоб мигал" - нужно только скрипто писать. это время. сейчас хочу поработать с красным значком входящих сообщений.  ', '2016-05-13 21:08:22', NULL, NULL, 22, 2, 0, NULL, NULL),
(178, NULL, 'Если не долго, тем более измени) Хорошо, работай', '2016-05-13 21:42:53', NULL, NULL, 22, 1, 0, NULL, NULL),
(179, NULL, 'привіт!!', '2016-05-13 23:30:22', NULL, NULL, 23, 2, 0, NULL, NULL),
(180, NULL, 'jhjh kjhjk hkjhkj', '2016-05-13 23:35:35', 1, NULL, 25, 10, 0, NULL, NULL),
(181, NULL, 'wfwef wefewfwefw', '2016-05-13 23:42:59', NULL, NULL, 23, 2, 0, NULL, NULL),
(182, NULL, 'ewrw e rewrwerwerw', '2016-05-14 09:45:10', NULL, NULL, 23, 2, 0, NULL, NULL),
(183, NULL, 'rtertertre re tertert', '2016-05-14 09:47:57', NULL, NULL, 23, 10, 0, NULL, NULL),
(184, NULL, 'та ти шо!!!', '2016-05-14 17:15:39', NULL, NULL, 25, 10, 0, NULL, NULL),
(185, NULL, 'так отож', '2016-05-14 17:22:50', NULL, NULL, 25, 2, 0, NULL, NULL),
(186, NULL, 'шо отож;%:?*?', '2016-05-14 17:39:09', NULL, NULL, 25, 2, 0, NULL, NULL),
(187, NULL, 'Vasiliy_okk', '2016-05-14 17:55:41', NULL, NULL, 25, 10, 0, NULL, NULL),
(188, NULL, 'пам-па-рам', '2016-05-14 18:26:34', NULL, NULL, 25, 2, 0, NULL, NULL),
(189, NULL, 'оолрлор ролр ло', '2016-05-14 20:35:27', NULL, NULL, 23, 2, 0, NULL, NULL),
(190, NULL, 'Коля приходи завтра (вторник), дадим денег. Как у тебя движется? Не вижу изменений', '2016-05-16 10:06:44', NULL, NULL, 22, 1, 0, NULL, NULL),
(191, NULL, 'Повторяю месседж: Коля приходи,  дадим денег. Как у тебя движется? Не вижу изменений', '2016-05-17 11:41:18', NULL, NULL, 22, 1, 0, NULL, NULL),
(192, NULL, 'eeeeeeeeeeeeeeeeeeeeeeeeeeee', '2016-05-17 16:14:51', NULL, NULL, 23, 2, 0, NULL, NULL),
(193, NULL, 'А ну-ка, напиши мне что-нибудь прямо сейчас', '2016-05-17 21:06:23', NULL, NULL, 139, 1, 0, NULL, NULL),
(194, NULL, 'Лен, а ну-ка напиши мне что-нибудь прямо сейчас', '2016-05-17 21:07:26', NULL, NULL, 77, 1, 0, NULL, NULL),
(195, NULL, 'понял. буду в четверг', '2016-05-17 21:55:07', NULL, NULL, 22, 2, 0, NULL, NULL),
(196, NULL, 'Нет, маркер сообщений не работает. Раньше я хотя бы видел цифры в скобках  сколько писем висит. Теперь не вижу ничего', '2016-05-17 21:59:45', NULL, NULL, 22, 1, 0, NULL, NULL),
(197, NULL, 'нет красной блямбы?\r\n', '2016-05-17 22:05:19', NULL, NULL, 22, 2, 0, NULL, NULL),
(198, NULL, 'О, появилась красная блямба. Спасибо, увидел', '2016-05-17 22:06:53', 1, NULL, 22, 1, 0, NULL, NULL),
(199, NULL, 'А ну напиши 2-3 сообщения', '2016-05-17 22:07:07', 1, NULL, 22, 1, 0, NULL, NULL),
(200, NULL, 'В OLX красная блямба появляется в двух местах', '2016-05-17 22:07:53', 1, NULL, 22, 1, 0, NULL, NULL),
(201, NULL, '1) выйите на главную страницу\r\n2) перегрузите через 3 минуты страницу (на логотип кликнуть)', '2016-05-17 22:08:50', NULL, NULL, 22, 2, 0, NULL, NULL),
(202, NULL, '???', '2016-05-17 22:09:27', NULL, NULL, 22, 2, 0, NULL, NULL),
(203, NULL, 'в диалоге не появляется красная фигня', '2016-05-17 22:11:10', NULL, NULL, 22, 2, 0, NULL, NULL),
(204, NULL, 'если сообщение в нем', '2016-05-17 22:11:42', NULL, NULL, 22, 2, 0, NULL, NULL),
(205, NULL, 'ХМ. На этой странице я не вижу разделительных черточек между "Свяжитесь с нами" и "Сообщения" и после "Здравствуйте Юрий". (кстати, после "Здравствуйте" должна быть запятая) Посмотри, как у тебя ', '2016-05-17 22:14:53', 1, NULL, 22, 1, 0, NULL, NULL),
(206, NULL, 'странно, что у меня все есть и работат (?) послезавтра попробкем на месте\r\n', '2016-05-17 22:16:49', NULL, NULL, 22, 2, 0, NULL, NULL),
(207, NULL, 'павпвапав авпавпва', '2016-05-17 22:23:52', NULL, NULL, 23, 2, 0, NULL, NULL),
(208, NULL, 'ghjgj g gjh gghj', '2016-05-17 22:26:58', NULL, NULL, 23, 10, 0, NULL, NULL),
(209, NULL, 'Ты такой наивный - я не сижу в почте постоянно:)))))))))))))))))))', '2016-05-18 09:02:46', NULL, NULL, 77, 7, 0, NULL, NULL),
(210, NULL, 'здрасьте', '2016-05-19 22:05:37', NULL, NULL, 30, 2, 0, NULL, NULL),
(211, NULL, 'здравствуй, Леночка!', '2016-05-20 00:16:54', NULL, NULL, 41, 2, 0, NULL, NULL),
(212, NULL, 'Cмаркерами сообщений все ОК. Тут ниже (см.) есть кнопка "Показать предыдущие сообщения" на желтом фоне. Мне кажется, поскольку надпись техническая и к диалогу не относится, нужно фон под ней сделать серым. ', '2016-05-20 08:24:52', NULL, NULL, 22, 1, 0, NULL, NULL),
(213, NULL, 'Лена, как тебе новые маркеры сообщений? Это такие красные плашки, на которых отмечено количество писем?', '2016-05-20 08:35:16', NULL, NULL, 77, 1, 0, NULL, NULL),
(214, NULL, '', '2016-05-20 09:01:58', NULL, NULL, 86, 1, 0, 1, 1),
(215, NULL, 'Просто этот телефон самоговорящий)', '2016-05-20 09:03:11', NULL, NULL, 86, 1, 0, NULL, NULL),
(216, NULL, '', '2016-05-20 09:03:22', NULL, NULL, 86, 1, 0, 2, 1),
(217, NULL, 'rrrrrrrrrrrrrrrrrrrrrrrrrr', '2016-05-20 10:04:22', NULL, NULL, 23, 2, 0, NULL, NULL),
(218, NULL, 'хэлоу хэлоу', '2016-05-20 10:11:30', NULL, NULL, 41, 7, 0, NULL, NULL),
(219, NULL, 'Хорошо, ярко.', '2016-05-20 10:12:42', NULL, NULL, 77, 7, 0, NULL, NULL),
(220, NULL, 'напиши мне что-нибудь, плиз\r\n', '2016-05-20 10:36:45', NULL, NULL, 41, 2, 0, NULL, NULL),
(221, NULL, 'gfhfghfg', '2016-05-20 10:45:28', NULL, NULL, 23, 10, 0, NULL, NULL),
(222, NULL, 'jjjjjjjjjuuuuuuuuuu', '2016-05-20 10:46:19', NULL, NULL, 23, 10, 0, NULL, NULL),
(223, NULL, 'fgh hgfhfgh fghfg', '2016-05-20 10:48:33', NULL, NULL, 23, 10, 0, NULL, NULL),
(224, NULL, 'eewr werewіфаівав авіаів а', '2016-05-20 10:57:20', NULL, NULL, 23, 10, 0, NULL, NULL),
(225, NULL, 'dfghdh', '2016-05-20 10:58:01', NULL, NULL, 25, 2, 0, NULL, NULL),
(226, NULL, '.. полковнику никто не пишет :((', '2016-05-20 11:20:10', NULL, NULL, 22, 2, 0, NULL, NULL),
(227, NULL, 'ngkjsgn .jksl/dkgvmnd.,vn  knb', '2016-05-20 11:24:05', NULL, NULL, 41, 7, 0, NULL, NULL),
(228, NULL, 'спасибо!', '2016-05-20 11:37:54', NULL, NULL, 41, 2, 0, NULL, NULL),
(229, NULL, 'івапівпапв', '2016-05-20 13:22:00', NULL, NULL, 25, 10, 0, NULL, NULL),
(230, NULL, '))) Кнопку надо было оставить синей, а фон на которой она стоит – сделать синим', '2016-05-20 13:39:08', NULL, NULL, 22, 1, 0, NULL, NULL),
(231, NULL, 'то есть фон сделать серым, опечатка', '2016-05-20 13:39:29', NULL, NULL, 22, 1, 0, NULL, NULL),
(232, NULL, 'понял', '2016-05-20 13:56:28', NULL, NULL, 22, 2, 0, NULL, NULL),
(233, NULL, 'jkjkljh jlk', '2016-05-20 14:01:55', NULL, NULL, 25, 10, 0, NULL, NULL),
(234, NULL, 'rtrrrrrrrrrrrrrrrrrrrrrrrrrrrrrrrr', '2016-05-20 14:22:56', NULL, NULL, 25, 10, 0, NULL, NULL),
(235, NULL, 'лалала', '2016-05-20 14:28:52', NULL, NULL, 77, 7, 0, NULL, NULL),
(236, NULL, 'ку-ку', '2016-05-20 14:29:31', NULL, NULL, 85, 7, 0, NULL, NULL),
(237, NULL, 'бум-бум\r\n', '2016-05-20 14:30:21', NULL, NULL, 89, 7, 0, NULL, NULL),
(238, NULL, 'Раньше стоял дубль маркера на фрейме сообщения, теперь исчез. Ты что там делаешь?', '2016-05-20 14:30:40', 1, NULL, 22, 1, 0, NULL, NULL),
(239, NULL, 'Ку-ку, Босс\r\n', '2016-05-20 14:30:42', NULL, NULL, 139, 9, 0, NULL, NULL),
(240, NULL, '', '2016-05-20 14:32:21', NULL, NULL, 89, 1, 0, 3, 1),
(241, NULL, 'я когда работаю с плагином, то что-то в процессе происходит. временно пропал был значек. сейчас опять есть. \r\nКстати,  вверху значек обновляется уже без перезагрузки страницы. \r\nсобираюсь (если надо) сделать автоматическое обновление диалога (а может и списка диалогов) - без перезагрузки страницы. \r\nкнопку "рефреш" проще поставить, но... это каменный век', '2016-05-20 14:42:43', NULL, NULL, 22, 2, 0, NULL, NULL),
(242, NULL, 'зачетный сомяра', '2016-05-20 14:53:05', NULL, NULL, 242, 2, 58, 1, NULL),
(243, NULL, 'так отж', '2016-05-20 14:53:41', NULL, NULL, 242, 10, 0, NULL, NULL),
(244, NULL, '', '2016-05-20 14:53:47', NULL, NULL, 242, 10, 0, 2, 1),
(245, NULL, 'гарантия моимки сома ?', '2016-05-20 14:54:53', NULL, NULL, 242, 2, 0, NULL, NULL),
(246, NULL, 'авпвап', '2016-05-20 14:55:11', NULL, NULL, 25, 10, 0, NULL, NULL),
(247, NULL, 'ytn', '2016-05-20 14:55:45', NULL, NULL, 242, 10, 0, NULL, NULL),
(248, NULL, 'no garanties', '2016-05-20 14:59:18', NULL, NULL, 242, 10, 0, NULL, NULL),
(249, NULL, 'Мы с Сенбернаром Шабиком хотим кушать. Поднимете зп, плз\r\n', '2016-05-20 14:59:40', NULL, NULL, 139, 9, 0, NULL, NULL),
(250, NULL, 'ТО, что значок самообновляемый – отлично, молодец. Попробуй такое же с диалогом. Мне не нравится, что при нажатии на Enter текст во фрейме диалога исчезает. Должен отправляться, также, как при нажатии на кнопку "Отправьте сообщение".', '2016-05-20 15:03:48', NULL, NULL, 22, 1, 0, NULL, NULL),
(251, NULL, 'Дули', '2016-05-20 15:06:01', NULL, NULL, 139, 1, 0, NULL, NULL),
(252, NULL, '>> Мне не нравится, что при нажатии на Enter текст во фрейме диалога исчезает. Должен отправляться, также, как при нажатии на кнопку "Отправьте сообщение".\r\n\r\nчто исчезает? у меня добавляется абзац просто. и это правильно. отправлять только кнопкой.', '2016-05-20 15:08:20', NULL, NULL, 22, 2, 0, NULL, NULL),
(253, NULL, 'Ну вот сейчас пробую отправить...кнопкой Enter. Нет, не отправляется, а если отметить текст и нажать, текст пропадает\r\n\r\n', '2016-05-20 15:12:01', NULL, NULL, 22, 1, 0, NULL, NULL),
(254, NULL, '', '2016-05-20 15:59:12', NULL, NULL, 86, 1, 0, 3, 1),
(255, NULL, '', '2016-05-20 16:07:41', NULL, NULL, 44, 1, 0, 1, 1),
(256, NULL, 'все правильно. В этом редакторе, как и вдругих, enter - вставить абзац. А если выбрать текст и нажать Enter - новый абзац вместо выбранного текста вставиться.(В Word так же). ', '2016-05-20 16:25:49', NULL, NULL, 22, 2, 0, NULL, NULL),
(257, NULL, 'Кукушка-кукушка, скажи еще раз ку-ку!', '2016-05-20 17:05:52', NULL, NULL, 89, 1, 0, NULL, NULL),
(258, NULL, 'immediately \r\n', '2016-05-20 17:14:30', NULL, NULL, 89, 7, 0, NULL, NULL),
(259, NULL, 'Коля, давай сделаем еще одну кнопку за деньги – "Срочно". С ленточкой как в ЭксПРЕСС, только красной и желательно мигающую. Цена - 10 грн.', '2016-05-20 17:17:50', NULL, NULL, 158, 1, 0, NULL, NULL),
(260, NULL, 'По украински "Срочно" – "Терміново", по-английски "Immediatly"', '2016-05-20 17:21:44', NULL, NULL, 158, 1, 0, NULL, NULL),
(261, NULL, 'Коля, и там где кнопка "Показать предыдущие сообщения" лучше не серый, а положить алюминий, как вокруг иконок. Красота будет)', '2016-05-20 17:45:07', NULL, NULL, 158, 1, 0, NULL, NULL),
(262, NULL, 'Ты получил мое сообщение отсюда?', '2016-05-20 20:57:40', 1, NULL, 22, 1, 0, NULL, NULL),
(263, NULL, 'Ты получил мое сообщение отсюда?', '2016-05-20 20:58:41', 1, NULL, 22, 1, 0, NULL, NULL),
(264, NULL, '', '2016-05-20 20:59:04', NULL, NULL, 89, 1, 0, 4, 1),
(265, NULL, '', '2016-05-20 20:59:56', NULL, NULL, 85, 1, 0, 4, 1),
(266, NULL, '@Ты получил мое сообщение отсюда? @ - это получил', '2016-05-21 07:26:26', NULL, NULL, 22, 2, 0, NULL, NULL),
(267, NULL, 'сома продам', '2016-05-21 07:28:42', NULL, NULL, 242, 10, 0, NULL, NULL),
(268, NULL, 'давай', '2016-05-21 07:30:49', NULL, NULL, 242, 2, 0, NULL, NULL),
(269, NULL, 'рварвілоарів', '2016-05-21 07:40:15', NULL, NULL, 242, 10, 0, NULL, NULL),
(270, NULL, 'рлоывралоыв', '2016-05-21 07:41:40', NULL, NULL, 242, 2, 0, NULL, NULL),
(271, NULL, 'апвап вап вапвап вап', '2016-05-21 07:44:32', NULL, NULL, 242, 10, 0, NULL, NULL),
(272, NULL, 'впрпарап  4444444444', '2016-05-21 07:48:03', NULL, NULL, 242, 10, 0, NULL, NULL),
(273, NULL, '5555555555', '2016-05-21 08:05:26', NULL, NULL, 242, 10, 0, NULL, NULL),
(274, NULL, 'ыфвафыавыа', '2016-05-21 08:21:13', NULL, NULL, 242, 2, 0, NULL, NULL),
(275, NULL, 'gfhfghfghfg4444444444444444444444444', '2016-05-21 08:21:49', NULL, NULL, 242, 10, 0, NULL, NULL),
(276, NULL, 'fdgdfg', '2016-05-21 08:30:48', NULL, NULL, 242, 10, 0, NULL, NULL),
(277, NULL, 'trhrtyr', '2016-05-21 08:37:00', NULL, NULL, 242, 10, 0, NULL, NULL),
(278, NULL, 'Это было сообщение из профиля', '2016-05-21 09:45:06', NULL, NULL, 22, 1, 0, NULL, NULL),
(279, NULL, 'ggggggggggggg', '2016-05-21 10:07:23', NULL, NULL, 242, 10, 0, NULL, NULL),
(280, NULL, 'new', '2016-05-21 17:25:19', NULL, NULL, 242, 10, 0, NULL, NULL),
(281, NULL, 'treteryt', '2016-05-21 17:27:51', NULL, NULL, 242, 10, 0, NULL, NULL),
(282, NULL, 'fghfghfg', '2016-05-21 17:28:20', NULL, NULL, 242, 2, 0, NULL, NULL),
(283, NULL, 'gfhgfhfgh', '2016-05-21 17:31:37', NULL, NULL, 242, 2, 0, NULL, NULL),
(284, NULL, 'ghfgh', '2016-05-21 17:42:49', NULL, NULL, 242, 10, 0, NULL, NULL),
(285, NULL, 'hgfhj', '2016-05-21 17:43:27', NULL, NULL, 242, 10, 0, NULL, NULL),
(286, NULL, 'jhhjjhhhhhhhhhhhhhhhhhhhhhhhhhhhhhh', '2016-05-21 18:13:56', NULL, NULL, 242, 10, 0, NULL, NULL),
(287, NULL, 'bbbbbbbbbbbbbbb', '2016-05-21 18:14:11', NULL, NULL, 242, 2, 0, NULL, NULL),
(288, NULL, '34567', '2016-05-21 20:03:06', NULL, NULL, 242, 10, 0, NULL, NULL),
(289, NULL, 'gfhfghfgh', '2016-05-21 22:18:20', NULL, NULL, 242, 10, 0, NULL, NULL),
(290, NULL, 'uiouo', '2016-05-21 22:20:15', NULL, NULL, 242, 10, 0, NULL, NULL),
(291, NULL, 'tttttttttttt', '2016-05-21 22:24:00', NULL, NULL, 242, 10, 0, NULL, NULL),
(292, NULL, 'ggggggggggggggggggggg', '2016-05-21 22:26:10', NULL, NULL, 242, 10, 0, NULL, NULL),
(293, NULL, 'qqqqqqqqqqqqqqq', '2016-05-21 22:28:36', NULL, NULL, 242, 10, 0, NULL, NULL),
(294, NULL, 'rrrrrrrrrrr', '2016-05-21 22:31:55', NULL, NULL, 242, 10, 0, NULL, NULL),
(295, NULL, 'eeeeeeeeeeeeee', '2016-05-21 22:32:55', NULL, NULL, 242, 10, 0, NULL, NULL),
(296, NULL, 'uytutyutyutyu88888888888', '2016-05-21 23:17:02', NULL, NULL, 242, 10, 0, NULL, NULL),
(297, NULL, 'rrrrrrrrrrr', '2016-05-21 23:26:47', NULL, NULL, 242, 10, 0, NULL, NULL),
(298, NULL, '789', '2016-05-21 23:27:15', NULL, NULL, 242, 10, 0, NULL, NULL),
(299, NULL, 'y654', '2016-05-21 23:27:46', NULL, NULL, 242, 10, 0, NULL, NULL),
(300, NULL, '222', '2016-05-21 23:35:29', NULL, NULL, 242, 10, 0, NULL, NULL),
(301, NULL, '1111', '2016-05-21 23:39:52', NULL, NULL, 242, 10, 0, NULL, NULL),
(302, NULL, '54321', '2016-05-22 00:38:56', NULL, NULL, 242, 10, 0, NULL, NULL),
(303, NULL, 'eeeeeeeeeee', '2016-05-22 00:41:12', NULL, NULL, 242, 10, 0, NULL, NULL),
(304, NULL, '567890', '2016-05-22 00:43:04', NULL, NULL, 242, 10, 0, NULL, NULL),
(305, NULL, 'rrrrrrrrr', '2016-05-22 00:45:45', NULL, NULL, 242, 10, 0, NULL, NULL),
(306, NULL, '77777777777777', '2016-05-22 00:48:44', NULL, NULL, 242, 10, 0, NULL, NULL),
(307, NULL, '45646', '2016-05-22 00:55:08', NULL, NULL, 242, 10, 0, NULL, NULL),
(308, NULL, '3321', '2016-05-22 01:08:53', NULL, NULL, 242, 10, 0, NULL, NULL),
(309, NULL, 'yyyyyyyyyyyyyyyyyyyy', '2016-05-22 22:49:01', NULL, NULL, 242, 10, 0, NULL, NULL),
(310, NULL, 'uuuuuuuuuuuuuuuuuuuu', '2016-05-22 22:51:10', NULL, NULL, 242, 10, 0, NULL, NULL),
(311, NULL, '3333333', '2016-05-22 22:58:30', NULL, NULL, 242, 10, 0, NULL, NULL),
(312, NULL, '444444444444', '2016-05-22 23:06:19', NULL, NULL, 242, 10, 0, NULL, NULL),
(313, NULL, '3333333333333', '2016-05-22 23:06:57', NULL, NULL, 242, 10, 0, NULL, NULL),
(314, NULL, 'setInterval("refreshthread();",5000);\r\n	function refreshthread(){\r\n		$.ajax({\r\n    		type: "GET",\r\n    		url: "<?php echo mdh_messenger_ajax_url(); ?>",\r\n    		data: {\r\n    			"do": "widget"\r\n    		},\r\n    		dataType: "json",\r\n    		success: function(response, text, jqXHR) {\r\n    		    console.log(response);\r\n			    response.threads.forEach(function(item, i, arr){\r\n				   	 if( item.has_unread && item.id == <?php echo mdh_thread_id(); ?>)\r\n				   		location.reload(true);\r\n				}\r\n			}\r\n	 	});\r\n	} ', '2016-05-22 23:09:35', NULL, NULL, 25, 10, 0, NULL, NULL),
(315, NULL, 'setInterval("refreshthread();",5000);\r\n	function refreshthread(){\r\n		$.ajax({\r\n    		type: "GET",\r\n    		url: "<?php echo mdh_messenger_ajax_url(); ?>",\r\n    		data: {\r\n    			"do": "widget"\r\n    		},\r\n    		dataType: "json",\r\n    		success: function(response, text, jqXHR) {\r\n    		    console.log(response);\r\n			    response.threads.forEach(function(item, i, arr){\r\n				   	 if( item.has_unread && item.id == <?php echo mdh_thread_id(); ?>)\r\n				   		location.reload(true);\r\n				}\r\n			}\r\n	 	});\r\n	} ', '2016-05-22 23:10:28', NULL, NULL, 25, 2, 0, NULL, NULL),
(316, NULL, 'rrrrrrrrrrrrrrrrr', '2016-05-23 06:45:19', NULL, NULL, 25, 10, 0, NULL, NULL),
(317, NULL, 'fgdfgdfg', '2016-05-23 06:46:17', NULL, NULL, 25, 2, 0, NULL, NULL),
(318, NULL, 'tttttttttttttt', '2016-05-23 06:46:58', NULL, NULL, 25, 10, 0, NULL, NULL),
(319, NULL, '1111111111111', '2016-05-23 06:51:12', NULL, NULL, 25, 10, 0, NULL, NULL),
(320, NULL, 'wwww', '2016-05-23 06:54:39', NULL, NULL, 25, 10, 0, NULL, NULL),
(321, NULL, '222222222222222222222222', '2016-05-23 07:08:14', NULL, NULL, 25, 10, 0, NULL, NULL),
(322, NULL, '222223333333333333333', '2016-05-23 07:29:27', NULL, NULL, 25, 10, 0, NULL, NULL),
(323, NULL, '444444444444444444444', '2016-05-23 07:59:06', NULL, NULL, 25, 10, 0, NULL, NULL),
(324, NULL, '888888888888\r\n', '2016-05-23 09:02:55', NULL, NULL, 25, 10, 0, NULL, NULL),
(325, NULL, '44444', '2016-05-23 09:10:07', NULL, NULL, 25, 10, 0, NULL, NULL),
(326, NULL, '5555', '2016-05-23 09:15:21', NULL, NULL, 25, 10, 0, NULL, NULL),
(327, NULL, '11', '2016-05-23 09:17:05', NULL, NULL, 25, 10, 0, NULL, NULL),
(328, NULL, '22', '2016-05-23 09:18:08', NULL, NULL, 25, 10, 0, NULL, NULL),
(329, NULL, '55', '2016-05-23 10:04:17', NULL, NULL, 25, 10, 0, NULL, NULL),
(330, NULL, '00000', '2016-05-23 10:16:23', NULL, NULL, 25, 10, 0, NULL, NULL),
(331, NULL, 'rrrrrrrrrrrrr', '2016-05-23 10:30:28', NULL, NULL, 25, 10, 0, NULL, NULL),
(332, NULL, '4321', '2016-05-23 10:51:56', NULL, NULL, 25, 10, 0, NULL, NULL),
(333, NULL, '777', '2016-05-23 10:56:47', NULL, NULL, 25, 10, 0, NULL, NULL),
(334, NULL, '44444444444444444444444', '2016-05-23 11:10:56', NULL, NULL, 25, 10, 0, NULL, NULL),
(335, NULL, 'sdfsdf', '2016-05-23 14:37:36', NULL, NULL, 25, 10, 0, NULL, NULL),
(336, NULL, 'eeeeeeeee', '2016-05-23 15:09:03', NULL, NULL, 25, 10, 0, NULL, NULL),
(337, NULL, 'wwwwwwwwwwwwwww', '2016-05-23 15:09:42', NULL, NULL, 25, 10, 0, NULL, NULL),
(338, NULL, '789', '2016-05-23 15:10:35', NULL, NULL, 25, 10, 0, NULL, NULL),
(339, NULL, '7777777777', '2016-05-23 15:24:32', NULL, NULL, 25, 10, 0, NULL, NULL),
(340, NULL, 'eeeeeeeeeeeee', '2016-05-23 15:42:30', NULL, NULL, 25, 2, 0, NULL, NULL),
(341, NULL, '888', '2016-05-23 15:43:06', NULL, NULL, 25, 10, 0, NULL, NULL),
(342, NULL, '789', '2016-05-23 15:48:45', NULL, NULL, 25, 10, 0, NULL, NULL),
(343, NULL, '444', '2016-05-23 15:49:43', NULL, NULL, 25, 2, 0, NULL, NULL),
(344, NULL, 'eeeee', '2016-05-23 15:56:35', NULL, NULL, 25, 10, 0, NULL, NULL),
(345, NULL, '333', '2016-05-23 18:30:01', NULL, NULL, 25, 10, 0, NULL, NULL),
(346, NULL, '222', '2016-05-23 18:30:49', NULL, NULL, 25, 10, 0, NULL, NULL),
(347, NULL, '111', '2016-05-23 19:58:23', NULL, NULL, 25, 10, 0, NULL, NULL),
(348, NULL, 'eeeeeeeeeeee', '2016-05-23 20:18:22', NULL, NULL, 25, 10, 0, NULL, NULL),
(349, NULL, '123', '2016-05-23 20:26:06', NULL, NULL, 25, 10, 0, NULL, NULL);
INSERT INTO `oc_t_mmessenger_message` (`id`, `title`, `content`, `sentOn`, `hidden`, `reported`, `root_id`, `sender_id`, `item_id`, `status_id`, `event_id`) VALUES
(350, NULL, '444', '2016-05-23 20:32:37', NULL, NULL, 25, 10, 0, NULL, NULL),
(351, NULL, '777', '2016-05-23 20:34:07', NULL, NULL, 25, 10, 0, NULL, NULL),
(352, NULL, 'oooo', '2016-05-23 20:42:03', NULL, NULL, 25, 10, 0, NULL, NULL),
(353, NULL, '55555555555', '2016-05-23 20:55:27', NULL, NULL, 25, 2, 0, NULL, NULL),
(354, NULL, '44444444444444', '2016-05-23 20:55:35', NULL, NULL, 25, 10, 0, NULL, NULL),
(355, NULL, '777777777777777777777', '2016-05-23 20:58:24', NULL, NULL, 25, 10, 0, NULL, NULL),
(356, NULL, '4444444', '2016-05-23 20:58:51', NULL, NULL, 25, 10, 0, NULL, NULL),
(357, NULL, 'wwwwwwww', '2016-05-23 21:01:34', NULL, NULL, 25, 10, 0, NULL, NULL),
(358, NULL, 'eeeeeeeeeee', '2016-05-23 21:06:24', NULL, NULL, 25, 10, 0, NULL, NULL),
(359, NULL, '12134234234234234234', '2016-05-23 21:09:59', NULL, NULL, 25, 10, 0, NULL, NULL),
(360, NULL, '2222222', '2016-05-23 21:13:06', NULL, NULL, 25, 10, 0, NULL, NULL),
(361, NULL, 'rrrrrrrrrrrrrrrrrrrrrrrrrrrrrrr', '2016-05-23 21:15:30', NULL, NULL, 25, 10, 0, NULL, NULL),
(362, NULL, 'eeeeeeeeeeeeeeeeeeeeeeeeeeeeeeeeeeeeeeeeee', '2016-05-23 21:15:56', NULL, NULL, 25, 10, 0, NULL, NULL),
(363, NULL, 'rttttttttttttttttttttttttttttttttttttttttttttttttt', '2016-05-23 21:18:27', NULL, NULL, 25, 10, 0, NULL, NULL),
(364, NULL, 'прочитано!!!!!!!!!!', '2016-05-23 21:20:19', NULL, NULL, 25, 10, 0, NULL, NULL),
(365, NULL, 'ййй', '2016-05-23 21:33:42', NULL, NULL, 25, 10, 0, NULL, NULL),
(366, NULL, 'ваііваів', '2016-05-23 21:34:22', NULL, NULL, 25, 10, 0, NULL, NULL),
(367, NULL, 'гггггггггггггггггг', '2016-05-23 21:36:41', NULL, NULL, 25, 10, 0, NULL, NULL),
(368, NULL, '777777777777777777', '2016-05-23 21:37:22', NULL, NULL, 25, 10, 0, NULL, NULL),
(369, NULL, 'цуку234535', '2016-05-23 21:39:07', NULL, NULL, 25, 10, 0, NULL, NULL),
(370, NULL, 'аппаволрполварполіварполрвіа ваорполвар пварпр вапрва', '2016-05-23 21:39:30', NULL, NULL, 25, 10, 0, NULL, NULL),
(371, NULL, '6666666667777777777777777', '2016-05-23 21:56:40', NULL, NULL, 25, 10, 0, NULL, NULL),
(372, NULL, '777', '2016-05-23 21:57:37', NULL, NULL, 25, 10, 0, NULL, NULL),
(373, NULL, '77777', '2016-05-23 21:58:33', NULL, NULL, 25, 10, 0, NULL, NULL),
(374, NULL, '88888', '2016-05-23 22:02:15', NULL, NULL, 25, 10, 0, NULL, NULL),
(375, NULL, '444444444444', '2016-05-23 22:13:38', NULL, NULL, 25, 10, 0, NULL, NULL),
(376, NULL, '7', '2016-05-23 22:13:51', NULL, NULL, 25, 10, 0, NULL, NULL),
(377, NULL, '77777777777777\r\n', '2016-05-23 22:14:51', NULL, NULL, 25, 10, 0, NULL, NULL),
(378, NULL, '77777777777777777777777777777777777777777777777777777777777777', '2016-05-23 22:18:05', NULL, NULL, 25, 10, 0, NULL, NULL),
(379, NULL, '4444', '2016-05-23 22:27:20', NULL, NULL, 25, 10, 0, NULL, NULL),
(380, NULL, '55555\r\n', '2016-05-23 22:29:03', NULL, NULL, 25, 10, 0, NULL, NULL),
(381, NULL, 'tttttttttttttt', '2016-05-23 22:30:12', NULL, NULL, 25, 10, 0, NULL, NULL),
(382, NULL, 'qqqq', '2016-05-23 22:30:45', NULL, NULL, 25, 10, 0, NULL, NULL),
(383, NULL, '7878787', '2016-05-23 22:31:50', NULL, NULL, 25, 10, 0, NULL, NULL),
(384, NULL, '741', '2016-05-23 22:34:20', NULL, NULL, 25, 10, 0, NULL, NULL),
(385, NULL, '789', '2016-05-23 22:35:32', NULL, NULL, 25, 10, 0, NULL, NULL),
(386, NULL, 'iii', '2016-05-23 22:36:07', NULL, NULL, 25, 10, 0, NULL, NULL),
(387, NULL, 'sssssssssssssssss', '2016-05-23 22:37:27', NULL, NULL, 25, 10, 0, NULL, NULL),
(388, NULL, '[[[[[[[[[[[[[[[[[[[[[[[', '2016-05-23 22:37:48', NULL, NULL, 25, 10, 0, NULL, NULL),
(389, NULL, '77777777777777777', '2016-05-23 22:39:35', NULL, NULL, 25, 2, 0, NULL, NULL),
(390, NULL, '8888888888888888888888888888888888888888888888888888888888888888888888888888888888888888888888888888888888888888888888888888888888888888888888888', '2016-05-23 22:40:01', NULL, NULL, 25, 10, 0, NULL, NULL),
(391, NULL, 'yyyyyyyyyyyyyyy', '2016-05-23 22:42:21', NULL, NULL, 25, 10, 0, NULL, NULL),
(392, NULL, 'eereerererer ису', '2016-05-23 22:51:33', NULL, NULL, 25, 10, 0, NULL, NULL),
(393, NULL, 'ису', '2016-05-23 22:52:04', NULL, NULL, 25, 10, 0, NULL, NULL),
(394, NULL, 'кккккк', '2016-05-23 22:52:45', NULL, NULL, 25, 10, 0, NULL, NULL),
(395, NULL, 'Hi, Mikola!', '2016-05-24 09:12:01', 1, NULL, 25, 2, 0, NULL, NULL),
(396, NULL, 'Hi, Vasily.', '2016-05-24 09:12:46', 1, NULL, 25, 10, 0, NULL, NULL),
(397, NULL, 'hi, Vasyl', '2016-05-24 09:19:15', NULL, NULL, 23, 10, 0, NULL, NULL),
(398, NULL, 'hi, Mykola!', '2016-05-24 09:20:08', NULL, NULL, 23, 2, 0, NULL, NULL),
(399, NULL, 'have a problem ((', '2016-05-24 09:21:20', NULL, NULL, 23, 10, 0, NULL, NULL),
(400, NULL, 'what hapenes?', '2016-05-24 09:21:56', NULL, NULL, 23, 2, 0, NULL, NULL),
(401, NULL, 'eeee', '2016-05-24 09:29:03', NULL, NULL, 23, 2, 0, NULL, NULL),
(402, NULL, 'rrr', '2016-05-24 09:29:14', NULL, NULL, 23, 10, 0, NULL, NULL),
(403, NULL, 'fgdgdfg', '2016-05-24 09:29:33', NULL, NULL, 23, 2, 0, NULL, NULL),
(404, NULL, 'yrtyrtyrt', '2016-05-24 09:30:18', NULL, NULL, 23, 10, 0, NULL, NULL),
(405, NULL, 'eeee', '2016-05-24 09:32:15', NULL, NULL, 23, 10, 0, NULL, NULL),
(406, NULL, 'rrrrrrrrrrrrrrrr', '2016-05-24 09:34:52', NULL, NULL, 23, 10, 0, NULL, NULL),
(407, NULL, '111111111111111111111', '2016-05-24 09:47:54', NULL, NULL, 23, 10, 0, NULL, NULL),
(408, NULL, '2222222222222222', '2016-05-24 09:56:08', NULL, NULL, 23, 10, 0, NULL, NULL),
(409, NULL, 'rttyyuuyiu uy iuy iuy uyi uy', '2016-05-24 10:05:57', NULL, NULL, 23, 10, 0, NULL, NULL),
(410, NULL, '456', '2016-05-24 10:08:46', NULL, NULL, 23, 10, 0, NULL, NULL),
(411, NULL, '2222222222222222222222222', '2016-05-24 10:09:24', NULL, NULL, 23, 10, 0, NULL, NULL),
(412, NULL, '333333333333333', '2016-05-24 10:09:37', NULL, NULL, 23, 2, 0, NULL, NULL),
(413, NULL, '444444444444444', '2016-05-24 10:09:52', NULL, NULL, 23, 10, 0, NULL, NULL),
(414, NULL, 'rrrrrrrrr', '2016-05-24 10:29:33', NULL, NULL, 23, 10, 0, NULL, NULL),
(415, NULL, 'gggggggggggg', '2016-05-24 10:30:02', NULL, NULL, 23, 2, 0, NULL, NULL),
(416, NULL, 'rrrrrrrrrrr99999999999999', '2016-05-24 10:30:37', NULL, NULL, 23, 10, 0, NULL, NULL),
(417, NULL, '55555555555555', '2016-05-24 10:30:50', NULL, NULL, 23, 2, 0, NULL, NULL),
(418, NULL, 'Коля, не вижу изменений. Повторяю задачи\r\n\r\n1.     Самообновление монологов.\r\n\r\n2.     Оставить на кнопке «Пополнить кошелек» только слово "Пополнить"\r\n\r\n3.     При нажатии на Enter текст должен отправляться.\r\n\r\n4.     Кнопка за деньги “Срочно” (с мигающей красной полоской). Стоимость 20 грн. По украински "Срочно" – "Терміново", по-английски «Immediatly"\r\n\r\n5.     Навести порядок в верстке сайта. Я выслал две схемы по почте,  повторил их еще раз', '2016-05-24 22:19:00', NULL, NULL, 22, 1, 0, NULL, NULL),
(419, NULL, '1. Кстати, в VIP-объявлениях olx есть функция уведомления по смс\r\n\r\n2. Еще напоминаю: Кнопку "Показать предыдущие сообщения" лучше поставить на алюминиевый фон, как кружки-пиктограммы категорий сайта', '2016-05-24 23:17:04', NULL, NULL, 22, 1, 0, NULL, NULL),
(420, NULL, '>>1. Самообновление монологов.\r\nУ меня работает. (хотя не идеально) - покопаюсь еще.\r\n\r\n>>2. Оставить на кнопке «Пополнить кошелек» только слово "Пополнить"\r\nСделал (в укр. варианте тоже)\r\n\r\n>>3. При нажатии на Enter текст должен отправляться.\r\nМне не удалось отговорить? Сейчас есть возможность писять длинные сообщения, отбивать абзацы. Ну хорошо буду делать, хотя это же не чат, а скорее как форум.\r\n\r\n>>4. Кнопка за деньги “Срочно” (с мигающей красной полоской). Стоимость 20 грн. По украински "Срочно" – "Терміново", по-английски «Immediatly"\r\nВпервые слышу. Это опять Робокассу переделывать?\r\n\r\n>>5. Навести порядок в верстке сайта. Я выслал две схемы по почте, повторил их еще раз\r\nЯ не могу пока ничего сделать - у меня здесь все отображается верно(??) причем на разных страницах, компах браузерах. Подойду в оффис - будем искаль косяк там.   \r\n\r\n>> 6. 1. Кстати, в VIP-объявлениях olx есть функция уведомления по смс\r\nНе совсем понял задачу. \r\n\r\n>> 6. 2. Еще напоминаю: Кнопку "Показать предыдущие сообщения" лучше поставить на алюминиевый фон, как кружки-пиктограммы категорий сайта\r\nсделано давно. и это не работает?? \r\n', '2016-05-25 18:30:10', NULL, NULL, 22, 2, 0, NULL, NULL),
(421, NULL, 'tttttttttttttttttttt', '2016-05-25 19:01:09', NULL, NULL, 23, 10, 0, NULL, NULL),
(422, NULL, 'yes', '2016-05-25 19:01:35', NULL, NULL, 23, 2, 0, NULL, NULL),
(423, NULL, 'of cose', '2016-05-25 19:01:57', NULL, NULL, 23, 10, 0, NULL, NULL),
(424, NULL, 'iiiiiii', '2016-05-25 20:02:36', NULL, NULL, 23, 2, 0, NULL, NULL),
(425, NULL, 'yyyyyyyyyyyyyy', '2016-05-25 20:04:33', NULL, NULL, 23, 2, 0, NULL, NULL),
(426, NULL, 'uuuuuuuuuuu', '2016-05-25 20:04:46', NULL, NULL, 23, 2, 0, NULL, NULL),
(427, NULL, 'можете отправлять энтером сообщения', '2016-05-25 20:05:53', NULL, NULL, 22, 2, 0, NULL, NULL),
(428, NULL, '556456465465', '2016-05-25 20:12:57', NULL, NULL, 23, 2, 0, NULL, NULL),
(429, NULL, 'ghfgh\r\nkfkhlghlk;\r\nklkgl;kl;fk;lk;\r\njkkljkljkl', '2016-05-25 20:22:57', NULL, NULL, 23, 2, 0, NULL, NULL),
(430, NULL, '45465465456465\r\n', '2016-05-25 20:25:20', NULL, NULL, 23, 10, 0, NULL, NULL),
(431, NULL, 'jkjkljkljkl', '2016-05-25 20:26:25', NULL, NULL, 23, 10, 0, NULL, NULL),
(432, NULL, 'yyyyyyyyyyyyyyyyyyyyyyy', '2016-05-25 20:26:49', NULL, NULL, 23, 2, 0, NULL, NULL),
(433, NULL, 'uuuuuuuuuuuuuuu', '2016-05-25 20:27:02', NULL, NULL, 23, 10, 0, NULL, NULL),
(434, NULL, 'yyyyyyyyyyyyyyyyyyy000000000000000000000000000000000000000000000000000000000000000000000000000000000000000000000000000000000000000000000000000000000000', '2016-05-25 20:27:23', NULL, NULL, 23, 2, 0, NULL, NULL),
(435, NULL, '787897987', '2016-05-25 20:27:42', NULL, NULL, 23, 10, 0, NULL, NULL),
(436, NULL, 'Коля, можешь во вторник после обеда подойти поработать немного со мной. Мы за 15 минут сделаем то, что я не могу объяснить уже полмесяца', '2016-05-29 18:26:42', NULL, NULL, 22, 1, 0, NULL, NULL),
(437, NULL, 'Во вторник узнаю. может біть. а сесли не получится то можно в среду', '2016-05-30 16:06:29', NULL, NULL, 22, 2, 0, NULL, NULL),
(438, NULL, 'Хорошо, давай в среду', '2016-05-30 16:13:00', NULL, NULL, 22, 1, 0, NULL, NULL),
(439, NULL, 'какая марка собаки?\r\n', '2016-05-31 13:40:08', NULL, NULL, 439, 7, 47, 4, NULL),
(440, NULL, 'лрпибьмтаюбьиа', '2016-05-31 13:40:20', NULL, NULL, 439, 7, 0, NULL, NULL),
(441, NULL, 'впюоьлаит ', '2016-05-31 13:40:33', NULL, NULL, 439, 7, 0, NULL, NULL),
(442, NULL, 'kn,mng.ng', '2016-06-01 10:49:16', NULL, NULL, 439, 7, 0, NULL, NULL),
(443, NULL, 'g,jb,m .b', '2016-06-01 10:49:26', NULL, NULL, 439, 7, 0, NULL, NULL),
(444, NULL, 'gkhnm,b nmgb ', '2016-06-01 10:49:37', NULL, NULL, 439, 7, 0, NULL, NULL),
(445, NULL, 'Лена, ты получила?', '2016-06-01 10:54:35', NULL, NULL, 439, 1, 0, NULL, NULL),
(446, NULL, 'здрасьте', '2016-06-01 14:34:39', NULL, NULL, 439, 7, 0, NULL, NULL),
(447, NULL, 'Здрасте-здрасте. Пиши исчо', '2016-06-01 14:35:35', NULL, NULL, 439, 1, 0, NULL, NULL),
(448, NULL, 'пишу пишу', '2016-06-01 14:37:29', NULL, NULL, 439, 7, 0, NULL, NULL),
(449, NULL, 'пиши-пиши-пиши', '2016-06-01 14:38:06', NULL, NULL, 439, 1, 0, NULL, NULL),
(450, NULL, '', '2016-06-01 14:38:19', NULL, NULL, 439, 1, 0, 3, 1),
(451, NULL, 'есть', '2016-06-01 14:38:30', NULL, NULL, 439, 7, 0, NULL, NULL),
(452, NULL, 'yyyyyyyyyyyyyyy', '2016-06-05 21:36:51', NULL, NULL, 30, 2, 0, NULL, NULL),
(453, NULL, 'авпапвапавпвап авпвапва', '2016-06-09 10:50:13', NULL, NULL, 23, 10, 0, NULL, NULL),
(454, NULL, 'пеенгене нгенгенге нгнгег нег', '2016-06-09 10:53:56', NULL, NULL, 23, 2, 0, NULL, NULL),
(455, NULL, 'рплоролролр ролролрл', '2016-06-09 10:54:35', NULL, NULL, 23, 10, 0, NULL, NULL),
(456, NULL, '5555555555555555', '2016-06-09 10:54:48', NULL, NULL, 23, 2, 0, NULL, NULL),
(457, NULL, 'Ха!\r\n', '2016-06-09 10:57:46', 1, NULL, 242, 2, 0, NULL, NULL),
(458, NULL, 'пишу', '2016-06-09 17:17:23', NULL, NULL, 89, 7, 0, NULL, NULL),
(459, NULL, 'сразу', '2016-06-09 17:17:36', NULL, NULL, 439, 7, 0, NULL, NULL),
(460, NULL, 'три', '2016-06-09 17:17:59', NULL, NULL, 89, 7, 0, NULL, NULL),
(461, NULL, 'Привет, привет. Пиши-пиши', '2016-06-09 17:21:47', NULL, NULL, 439, 1, 0, NULL, NULL),
(462, NULL, '', '2016-06-09 17:21:54', NULL, NULL, 439, 1, 0, 4, 1),
(463, NULL, 'и смттс', '2016-06-09 17:22:02', NULL, NULL, 439, 7, 0, NULL, NULL),
(464, NULL, 'Чего три? Может, четыре?', '2016-06-09 17:22:40', NULL, NULL, 89, 1, 0, NULL, NULL),
(465, NULL, 'уже пять', '2016-06-09 17:22:57', NULL, NULL, 89, 7, 0, NULL, NULL),
(466, NULL, 'Пошто не пишешь мне, Елена?', '2016-06-09 17:25:02', 1, NULL, 89, 1, 0, NULL, NULL),
(467, NULL, '', '2016-06-09 17:25:07', NULL, NULL, 89, 1, 0, 2, 1),
(468, NULL, 'строчу', '2016-06-09 17:25:54', NULL, NULL, 89, 7, 0, NULL, NULL),
(469, NULL, 'это раз', '2016-06-09 17:27:14', NULL, NULL, 89, 7, 0, NULL, NULL),
(470, NULL, 'это два', '2016-06-09 17:27:24', NULL, NULL, 89, 7, 0, NULL, NULL),
(471, NULL, 'это три', '2016-06-09 17:27:32', NULL, NULL, 89, 7, 0, NULL, NULL),
(472, NULL, 'это четыре', '2016-06-09 17:27:40', NULL, NULL, 89, 7, 0, NULL, NULL),
(473, NULL, 'это пять', '2016-06-09 17:27:47', NULL, NULL, 89, 7, 0, NULL, NULL),
(474, NULL, 'А теперь лови от меня', '2016-06-09 17:28:36', 1, NULL, 89, 1, 0, NULL, NULL),
(475, NULL, 'два', '2016-06-09 17:30:03', 1, NULL, 89, 1, 0, NULL, NULL),
(476, NULL, 'три', '2016-06-09 17:30:09', 1, NULL, 89, 1, 0, NULL, NULL),
(477, NULL, 'Четыре', '2016-06-09 17:30:23', 1, NULL, 89, 1, 0, NULL, NULL),
(478, NULL, 'Пять', '2016-06-09 17:30:30', 1, NULL, 89, 1, 0, NULL, NULL),
(479, NULL, 'Бегом напиши чо-нить', '2016-06-09 17:30:55', 1, NULL, 89, 1, 0, NULL, NULL),
(480, NULL, 'fgfdgfdgdfgfdgdfgdf', '2016-06-10 21:29:34', NULL, NULL, 30, 2, 0, NULL, NULL),
(481, NULL, 'По поводу письма \r\nбыстрое сообщение сделал по аналогии с "письмом продавцу" - в окне. \r\nПо-моему так интересней. но если нет - верну.\r\n\r\nтам фотку слева поставил, что первое подвернулось. предлагайте свою.\r\n\r\nи кнопки цветные немного раздвинул.\r\n\nСама идея неплохая, но не работает. У меня ничего не происходит при нажатии кнопки Быстрый контакт, разберись в чем дело. Звездочку, самолетик и принтер еще на два клика вниз. Соответственно, никакого фото не увидел\r\n\nОкно выпадает только в профиле (Шуйского) оттуда и пишу\r\n', '2016-06-11 08:39:26', NULL, NULL, 22, 1, 0, NULL, NULL),
(482, NULL, 'Привет, Коля! Да, когда убрал куки, заработало. Все отлично, спасибо. Но кое-что надо еще подшаманить: Надпись "Задайте вопрос автору объявления" убери (она в этом варианте не нужна), и окошко для текста сделай шире по высоте. Сверху оставь поле такое же, как снизу до кнопки "Отправить сообщение". Кстати, название кнопки в Быстром контакте"" надо сделать таким же как в "Связаться по е-mail ", то есть "Отправить". Цвет кнопки синий. 2 фотки прилагаю. То, где конверт с пальцем, ставь на "Связаться по е-mail", улетающие конверты -- на "Быстрый контакт".\r\n', '2016-06-11 14:32:03', NULL, NULL, 22, 1, 0, NULL, NULL),
(483, NULL, 'Кстати, вместо красных кнопок "Пополнить" в "Пополнить кошелек"  (на 10, 30, 100 грн.) можно поставить изображения 10, 20 и 100 грн. купюр. Будет понятнее и эффектнее чем на OLX. Ты нажимаешь на кнопку-купюру и пополняешься на такую же сумму', '2016-06-11 14:32:32', NULL, NULL, 22, 1, 0, NULL, NULL),
(484, NULL, 'понял. достаточно по мылу написать', '2016-06-11 14:34:57', NULL, NULL, 22, 2, 0, NULL, NULL),
(485, NULL, 'fcvgdfgdfg', '2016-06-13 09:28:08', NULL, NULL, 485, 2, 0, NULL, NULL),
(486, NULL, 'Детка, ну-ка ответь мне на єто письмо. Проверяю работу сайта', '2016-11-09 14:30:46', NULL, NULL, 486, 1, 0, NULL, NULL),
(487, NULL, 'Лена, а ну-ка ответь мне на это письмо', '2016-11-09 14:36:10', 1, NULL, 89, 1, 0, NULL, NULL),
(488, NULL, 'А-ну-ка посмотри внимательно', '2016-11-09 14:42:02', 1, NULL, 89, 1, 0, NULL, NULL),
(489, NULL, '', '2016-11-09 14:46:14', NULL, NULL, 89, 1, 0, 3, 1),
(490, NULL, 'По рукам! — RE: Юрий has contacted you !\r\nПодробнее\r\nЮрий sent you a message about Ведро с болтами : http://porukam.kiev.ua/index.php?page=custom&route=madhouse_messenger_thread&id=89', '2016-11-09 14:51:11', NULL, NULL, 89, 7, 0, NULL, NULL),
(491, NULL, 'Я Вам пишу, чего же боле?', '2016-11-22 15:14:36', 1, NULL, 89, 1, 0, NULL, NULL),
(492, NULL, '', '2016-11-22 15:23:34', NULL, NULL, 77, 7, 0, 1, 1),
(493, NULL, 'fgdfgdfgdfgdfg', '2016-11-23 22:20:55', NULL, NULL, 23, 2, 0, NULL, NULL),
(494, NULL, 'лолдолдо оло олд', '2016-11-23 22:24:52', NULL, NULL, 23, 2, 0, NULL, NULL),
(495, NULL, 'лваопв аплдвао ова пвалдопдлвап', '2016-11-23 22:30:12', 1, NULL, 242, 2, 0, NULL, NULL),
(496, NULL, 'лололдодл', '2016-11-23 22:34:56', 1, NULL, 242, 2, 0, NULL, NULL),
(497, NULL, 'олрлорло', '2016-11-23 22:37:48', 1, NULL, 242, 2, 0, NULL, NULL),
(498, NULL, 'nhkjhdfgh dfghjdfh gkjdfh gkdfhgdfjkghdfkj g', '2016-11-23 22:43:01', NULL, NULL, 242, 10, 0, NULL, NULL),
(499, NULL, '', '2016-11-23 22:43:56', NULL, NULL, 242, 10, 0, 1, 1),
(500, NULL, 'dsfsdkf fksdfsd;l fsdlfk sfksdfk sdfksdf; sd', '2016-11-23 22:46:27', 1, NULL, 25, 10, 0, NULL, NULL),
(501, NULL, 'fvfdvgdffgdf', '2016-11-23 22:58:12', NULL, NULL, 242, 10, 0, NULL, NULL),
(502, NULL, 'jhkhjkl ;jhk; jl g;hjlk gjlg k''', '2016-11-23 23:00:44', NULL, NULL, 25, 10, 0, NULL, NULL),
(503, NULL, 'jkjklj kj k jkl', '2016-11-23 23:18:05', NULL, NULL, 25, 10, 0, NULL, NULL),
(504, NULL, 'jjjjjjjjjjjjj jjjjjjjjjjjjjj jjjjjjjjjjjjjjjjj', '2016-11-23 23:19:58', 1, NULL, 25, 10, 0, NULL, NULL),
(505, NULL, 'j j jjjjjj jjjjjjjjj  jjjjjjjjjjjjjjjjj', '2016-11-23 23:21:01', NULL, NULL, 25, 10, 0, NULL, NULL),
(506, NULL, 'Коля, ты получаешь по почте мои письма? В понедельник уже будет последний документ. Внеси на выходные все правки, ОК?', '2016-11-26 01:23:57', NULL, NULL, 506, 1, 21, NULL, NULL),
(507, NULL, 'Вах! какой лабутен! Хачу..', '2016-11-29 07:55:11', NULL, NULL, 507, 2, 22, NULL, NULL),
(508, NULL, 'вот я тебе уже настрочила', '2016-11-29 18:01:55', NULL, NULL, 89, 7, 0, NULL, NULL),
(509, NULL, 'чего молчить в попе торчишь?', '2016-11-29 18:02:49', NULL, NULL, 89, 7, 0, NULL, NULL),
(510, NULL, 'а фото самой собаки нету??', '2016-11-29 18:05:00', 1, NULL, 510, 17, 47, 4, NULL),
(511, NULL, 'Ваще нет. И собаки уже нет)', '2016-11-29 18:06:25', NULL, NULL, 510, 1, 0, NULL, NULL),
(512, NULL, '', '2016-11-29 18:06:43', NULL, NULL, 510, 1, 0, 4, 1),
(513, NULL, 'Получил, получи. А сейчас посмотри, что у тебя в почте  на каком языке уведомление', '2016-11-29 18:08:48', 1, NULL, 89, 1, 0, NULL, NULL),
(514, NULL, 'раша гуд бай', '2016-11-29 18:10:28', NULL, NULL, 89, 7, 0, NULL, NULL),
(515, NULL, 'фокус покус', '2016-11-29 18:12:50', NULL, NULL, 89, 7, 0, NULL, NULL),
(516, NULL, 'Торг уместен?)', '2017-01-27 15:02:15', NULL, NULL, 516, 1, 67, 3, NULL),
(517, NULL, '', '2017-01-27 15:05:35', NULL, NULL, 516, 21, 0, 3, 1),
(518, NULL, 'Отлично, вижу, вы освоились)', '2017-01-27 15:06:14', NULL, NULL, 516, 1, 0, NULL, NULL),
(519, NULL, 'Да. Жаль что сюда нельзя прилепить изображение (на ОЛХ можно), я бы сюда скрин скинул. ', '2017-01-27 15:06:36', NULL, NULL, 516, 21, 0, NULL, NULL),
(520, NULL, 'подумаем над этим', '2017-01-27 15:07:15', NULL, NULL, 516, 1, 0, NULL, NULL),
(521, NULL, 'Можно нажать другую книопку и отправить изображение по e-mail', '2017-01-27 15:08:01', NULL, NULL, 516, 1, 0, NULL, NULL),
(522, NULL, 'Я так понимаю, вы по-украински зарегистрировались?', '2017-01-27 15:14:57', NULL, NULL, 516, 1, 0, NULL, NULL);

-- --------------------------------------------------------

--
-- Структура таблиці `oc_t_mmessenger_message_labels`
--

CREATE TABLE IF NOT EXISTS `oc_t_mmessenger_message_labels` (
  `fk_i_message_id` int(10) unsigned NOT NULL,
  `fk_i_user_id` int(10) unsigned NOT NULL,
  `fk_i_label_id` int(10) unsigned NOT NULL,
  PRIMARY KEY (`fk_i_message_id`,`fk_i_user_id`,`fk_i_label_id`),
  KEY `fk_oc_t_mmessenger_message_labels_label` (`fk_i_label_id`)
) ENGINE=InnoDB DEFAULT CHARSET=utf8;

--
-- Дамп даних таблиці `oc_t_mmessenger_message_labels`
--

INSERT INTO `oc_t_mmessenger_message_labels` (`fk_i_message_id`, `fk_i_user_id`, `fk_i_label_id`) VALUES
(22, 1, 1),
(22, 2, 1),
(23, 2, 1),
(23, 10, 1),
(25, 2, 1),
(25, 10, 1),
(30, 2, 1),
(30, 6, 1),
(41, 2, 1),
(41, 7, 1),
(44, 1, 1),
(44, 9, 1),
(77, 1, 1),
(77, 7, 1),
(85, 1, 1),
(85, 7, 1),
(86, 1, 1),
(86, 7, 1),
(89, 7, 1),
(139, 1, 1),
(139, 9, 1),
(158, 1, 1),
(158, 2, 1),
(242, 2, 1),
(242, 10, 1),
(439, 1, 1),
(439, 7, 1),
(485, 2, 1),
(485, 6, 1),
(486, 1, 1),
(486, 9, 1),
(506, 1, 1),
(506, 6, 1),
(507, 2, 1),
(507, 7, 1),
(510, 1, 1),
(510, 17, 1),
(516, 21, 1),
(89, 1, 2),
(516, 1, 2);

-- --------------------------------------------------------

--
-- Структура таблиці `oc_t_mmessenger_recipients`
--

CREATE TABLE IF NOT EXISTS `oc_t_mmessenger_recipients` (
  `message_id` int(10) unsigned NOT NULL,
  `recipient_id` int(10) unsigned NOT NULL,
  `readOn` datetime DEFAULT NULL,
  `hidden` tinyint(1) DEFAULT '0',
  PRIMARY KEY (`message_id`,`recipient_id`)
) ENGINE=InnoDB DEFAULT CHARSET=utf8;

--
-- Дамп даних таблиці `oc_t_mmessenger_recipients`
--

INSERT INTO `oc_t_mmessenger_recipients` (`message_id`, `recipient_id`, `readOn`, `hidden`) VALUES
(1, 1, '2016-04-20 12:01:33', 0),
(2, 10, '2016-04-20 12:00:32', 0),
(3, 2, '2016-04-20 12:02:43', 0),
(4, 2, '2016-04-20 12:03:40', 0),
(5, 1, '2016-04-20 12:06:33', 0),
(6, 2, '2016-04-20 12:09:29', 0),
(7, 2, '2016-04-20 12:11:24', 0),
(8, 2, '2016-04-20 12:11:24', 0),
(9, 2, '2016-04-20 12:11:24', 0),
(10, 1, '2016-04-20 12:12:18', 0),
(11, 1, '2016-04-20 12:14:19', 0),
(12, 2, '2016-04-20 12:14:53', 0),
(13, 1, '2016-04-20 12:15:53', 0),
(14, 2, '2016-04-20 12:20:58', 0),
(15, 2, '2016-04-20 12:20:58', 0),
(16, 2, '2016-04-20 12:20:58', 0),
(17, 2, '2016-04-20 12:20:58', 0),
(18, 2, '2016-04-20 12:20:58', 0),
(19, 2, '2016-04-20 12:20:58', 0),
(20, 2, '2016-04-20 12:43:25', 0),
(21, 2, '2016-04-20 12:43:25', 0),
(22, 1, '2016-04-21 07:46:38', 0),
(23, 10, '2016-04-21 06:02:38', 0),
(24, 2, '2016-04-21 15:34:07', 1),
(25, 2, '2016-04-21 15:34:18', 0),
(26, 2, '2016-04-21 09:21:55', 0),
(27, 2, '2016-04-21 09:21:55', 0),
(28, 2, '2016-04-21 09:21:55', 0),
(29, 1, '2016-04-21 20:53:19', 1),
(30, 6, NULL, 0),
(31, 2, '2016-04-22 08:40:25', 0),
(32, 2, '2016-04-22 08:40:25', 0),
(33, 2, '2016-04-22 08:40:25', 0),
(34, 1, '2016-04-22 13:32:30', 1),
(35, 2, '2016-04-22 15:23:51', 1),
(36, 2, '2016-04-22 15:23:51', 0),
(37, 1, '2016-04-22 15:50:08', 1),
(38, 10, NULL, 0),
(39, 10, NULL, 0),
(40, 10, NULL, 0),
(41, 7, '2016-05-04 11:25:44', 0),
(42, 10, NULL, 0),
(43, 2, '2016-04-27 13:27:21', 1),
(44, 1, '2016-04-27 13:40:26', 0),
(45, 9, '2016-04-27 13:42:23', 0),
(46, 1, '2016-04-27 13:45:17', 0),
(47, 9, '2016-04-27 13:57:43', 0),
(48, 9, '2016-04-27 13:57:43', 0),
(49, 9, '2016-04-27 13:58:11', 0),
(50, 1, '2016-04-27 13:59:05', 0),
(51, 9, '2016-04-27 14:00:47', 0),
(52, 9, '2016-04-27 14:14:02', 0),
(53, 9, '2016-04-27 14:14:02', 0),
(54, 1, '2016-04-27 14:17:34', 0),
(55, 9, '2016-04-28 11:24:41', 0),
(56, 10, '2016-05-13 23:35:17', 0),
(57, 10, '2016-05-13 23:35:17', 0),
(58, 10, '2016-05-13 23:35:17', 0),
(59, 10, '2016-05-13 23:35:17', 0),
(60, 1, '2016-05-02 11:03:04', 0),
(61, 10, '2016-05-13 23:35:17', 0),
(62, 2, '2016-04-29 22:07:45', 0),
(63, 2, '2016-04-29 22:07:45', 1),
(64, 1, '2016-04-30 08:00:48', 1),
(65, 1, '2016-04-30 08:00:48', 1),
(66, 2, '2016-04-30 08:52:31', 1),
(67, 2, '2016-04-30 08:52:31', 1),
(68, 2, '2016-04-30 08:52:31', 1),
(69, 2, '2016-04-30 08:52:31', 1),
(70, 9, '2016-05-05 14:57:51', 0),
(71, 9, '2016-05-05 14:57:51', 0),
(72, 9, '2016-05-05 14:57:51', 0),
(73, 9, '2016-05-05 14:57:51', 0),
(74, 9, '2016-05-05 14:57:51', 0),
(75, 2, '2016-05-03 09:08:45', 1),
(76, 9, '2016-05-05 14:57:51', 0),
(77, 7, '2016-05-04 11:26:02', 0),
(78, 7, '2016-05-04 11:27:05', 0),
(79, 1, '2016-05-04 11:29:14', 1),
(80, 1, '2016-05-04 11:29:14', 0),
(81, 1, '2016-05-04 11:29:14', 0),
(82, 1, '2016-05-04 11:31:53', 0),
(83, 1, '2016-05-04 11:34:33', 0),
(84, 1, '2016-05-04 11:56:56', 0),
(85, 1, '2016-05-04 11:36:25', 1),
(86, 1, '2016-05-04 17:37:16', 0),
(87, 7, '2016-05-04 12:02:56', 0),
(88, 1, '2016-05-05 07:46:49', 0),
(89, 1, '2016-05-04 11:58:03', 0),
(90, 7, '2016-05-04 11:58:26', 0),
(91, 1, '2016-05-04 12:32:14', 0),
(92, 7, '2016-05-04 23:50:10', 0),
(93, 7, '2016-05-04 23:50:10', 0),
(94, 1, '2016-05-04 23:53:01', 0),
(95, 7, '2016-05-05 00:07:33', 0),
(96, 1, '2016-05-05 09:49:00', 0),
(97, 7, '2016-05-05 09:49:27', 0),
(98, 7, '2016-05-05 09:55:19', 0),
(99, 7, '2016-05-05 09:55:19', 0),
(100, 7, '2016-05-05 09:55:19', 0),
(101, 1, '2016-05-05 10:03:18', 0),
(102, 1, '2016-05-05 10:03:18', 0),
(103, 1, '2016-05-05 10:05:43', 1),
(104, 7, '2016-05-05 10:08:11', 0),
(105, 1, '2016-05-05 10:08:58', 1),
(106, 1, '2016-05-05 10:11:09', 1),
(107, 7, '2016-05-05 10:12:38', 0),
(108, 1, '2016-05-05 10:13:19', 1),
(109, 7, '2016-05-05 11:13:53', 1),
(110, 7, '2016-05-05 11:41:46', 0),
(111, 1, '2016-05-05 11:44:45', 0),
(112, 1, '2016-05-05 15:13:31', 0),
(113, 10, '2016-05-13 23:35:17', 0),
(114, 7, '2016-05-05 13:00:27', 0),
(115, 10, '2016-05-13 23:35:17', 0),
(116, 10, '2016-05-13 23:35:17', 1),
(117, 10, '2016-05-13 23:35:17', 0),
(118, 10, '2016-05-13 23:35:17', 0),
(119, 10, '2016-05-13 23:35:17', 0),
(120, 7, '2016-05-05 14:11:50', 0),
(121, 7, '2016-05-05 14:11:50', 0),
(122, 1, '2016-05-05 14:14:33', 1),
(123, 7, '2016-05-05 14:40:03', 0),
(124, 1, '2016-05-05 14:43:33', 1),
(125, 7, '2016-05-05 14:57:36', 0),
(126, 7, '2016-05-05 14:57:36', 0),
(127, 7, '2016-05-05 14:57:36', 0),
(128, 1, '2016-05-05 15:00:27', 0),
(129, 1, '2016-05-05 14:59:29', 1),
(130, 7, '2016-05-05 15:00:06', 0),
(131, 1, '2016-05-05 15:01:00', 1),
(132, 9, '2016-05-05 15:02:38', 0),
(133, 7, '2016-05-05 15:01:36', 0),
(134, 1, '2016-05-05 15:02:38', 1),
(135, 1, '2016-05-05 15:04:33', 0),
(136, 7, '2016-05-05 15:10:05', 0),
(137, 9, '2016-05-05 15:07:27', 0),
(138, 9, '2016-05-05 15:07:27', 0),
(139, 9, '2016-05-05 15:15:58', 0),
(140, 1, '2016-05-05 15:12:02', 1),
(141, 1, '2016-05-05 15:12:02', 1),
(142, 1, '2016-05-05 15:12:02', 1),
(143, 7, '2016-05-05 15:12:42', 0),
(144, 1, '2016-05-05 15:14:11', 1),
(145, 7, '2016-05-05 15:15:21', 0),
(146, 1, '2016-05-05 15:21:38', 1),
(147, 1, '2016-05-05 15:22:23', 0),
(148, 6, NULL, 0),
(149, 9, '2016-05-20 14:30:22', 0),
(150, 1, '2016-05-06 20:35:10', 1),
(151, 2, '2016-05-06 20:37:06', 1),
(152, 2, '2016-05-06 20:37:53', 1),
(153, 2, '2016-05-06 20:39:36', 1),
(154, 1, '2016-05-06 20:39:40', 1),
(155, 2, '2016-05-06 20:44:38', 0),
(156, 1, '2016-05-06 22:06:11', 1),
(157, 2, '2016-05-06 22:52:37', 0),
(158, 2, '2016-05-07 00:25:40', 0),
(159, 2, '2016-05-07 00:25:40', 0),
(160, 1, '2016-05-07 06:57:51', 0),
(161, 1, '2016-05-10 16:53:55', 0),
(162, 2, '2016-05-10 16:54:22', 0),
(163, 1, '2016-05-10 16:56:48', 0),
(164, 1, '2016-05-10 17:03:58', 0),
(165, 2, '2016-05-10 17:13:12', 0),
(166, 2, '2016-05-13 11:54:53', 0),
(167, 1, '2016-05-13 16:12:01', 0),
(168, 2, '2016-05-13 16:47:43', 0),
(169, 2, '2016-05-13 16:47:43', 0),
(170, 2, '2016-05-13 16:47:43', 0),
(171, 2, '2016-05-13 16:47:43', 0),
(172, 2, '2016-05-13 17:17:50', 0),
(173, 1, '2016-05-13 17:20:54', 1),
(174, 2, '2016-05-13 21:03:16', 0),
(175, 2, '2016-05-13 21:03:16', 0),
(176, 2, '2016-05-13 21:04:16', 0),
(177, 1, '2016-05-13 21:40:35', 0),
(178, 2, '2016-05-13 21:55:14', 0),
(179, 10, '2016-05-13 23:33:32', 0),
(180, 2, '2016-05-13 23:41:20', 0),
(181, 10, '2016-05-14 00:03:55', 0),
(182, 10, '2016-05-14 09:47:39', 0),
(183, 2, '2016-05-14 09:54:28', 0),
(184, 2, '2016-05-14 17:22:31', 0),
(185, 10, '2016-05-14 17:51:25', 0),
(186, 10, '2016-05-14 17:51:25', 0),
(187, 2, '2016-05-14 18:21:19', 0),
(188, 10, '2016-05-14 22:43:24', 0),
(189, 10, '2016-05-17 16:17:06', 0),
(190, 2, '2016-05-17 16:12:32', 0),
(191, 2, '2016-05-17 16:12:32', 0),
(192, 10, '2016-05-17 16:17:06', 0),
(193, 9, '2016-05-20 14:30:22', 0),
(194, 7, '2016-05-18 09:02:04', 0),
(195, 1, '2016-05-17 21:58:29', 0),
(196, 2, '2016-05-17 22:04:10', 0),
(197, 1, '2016-05-17 22:06:27', 1),
(198, 2, '2016-05-17 22:07:30', 0),
(199, 2, '2016-05-17 22:07:30', 0),
(200, 2, '2016-05-17 22:08:50', 0),
(201, 1, '2016-05-17 22:09:28', 1),
(202, 1, '2016-05-17 22:09:28', 1),
(203, 1, '2016-05-17 22:14:53', 1),
(204, 1, '2016-05-17 22:14:53', 1),
(205, 2, '2016-05-17 22:15:23', 0),
(206, 1, '2016-05-20 08:20:31', 1),
(207, 10, '2016-05-17 22:26:42', 0),
(208, 2, '2016-05-20 00:13:25', 0),
(209, 1, '2016-05-20 08:34:31', 1),
(210, 6, NULL, 0),
(211, 7, '2016-05-20 10:11:00', 0),
(212, 2, '2016-05-20 09:04:46', 0),
(213, 7, '2016-05-20 10:12:01', 0),
(214, 7, '2016-05-20 10:10:19', 0),
(215, 7, '2016-05-20 10:10:19', 0),
(216, 7, '2016-05-20 10:10:19', 0),
(217, 10, '2016-05-20 10:45:22', 0),
(218, 2, '2016-05-20 10:35:44', 0),
(219, 1, '2016-05-20 14:27:25', 0),
(220, 7, '2016-05-20 11:23:52', 0),
(221, 2, '2016-05-20 10:48:09', 0),
(222, 2, '2016-05-20 10:48:09', 0),
(223, 2, '2016-05-20 13:25:14', 0),
(224, 2, '2016-05-20 13:25:14', 0),
(225, 10, '2016-05-20 10:58:20', 0),
(226, 1, '2016-05-20 13:33:22', 0),
(227, 2, '2016-05-20 11:36:49', 0),
(228, 7, '2016-05-20 11:39:16', 0),
(229, 2, '2016-05-20 13:25:06', 0),
(230, 2, '2016-05-20 13:55:52', 0),
(231, 2, '2016-05-20 13:55:52', 0),
(232, 1, '2016-05-20 14:22:06', 0),
(233, 2, '2016-05-20 14:05:43', 0),
(234, 2, '2016-05-20 14:45:03', 0),
(235, 1, '2016-06-12 00:11:11', 0),
(236, 1, '2016-05-20 14:32:34', 0),
(237, 1, '2016-05-20 14:32:17', 0),
(238, 2, '2016-05-20 14:36:44', 0),
(239, 1, '2016-05-20 14:31:45', 0),
(240, 7, '2016-05-20 14:54:05', 0),
(241, 1, '2016-05-20 14:55:43', 0),
(242, 10, '2016-05-20 14:53:15', 0),
(243, 2, '2016-05-20 14:54:24', 0),
(244, 2, '2016-05-20 14:54:24', 0),
(245, 10, '2016-05-20 14:55:38', 0),
(246, 2, '2016-05-20 15:08:48', 0),
(247, 2, '2016-05-20 15:08:38', 0),
(248, 2, '2016-05-20 15:08:38', 0),
(249, 1, '2016-05-20 15:05:38', 0),
(250, 2, '2016-05-20 15:05:12', 0),
(251, 9, NULL, 0),
(252, 1, '2016-05-20 15:10:36', 1),
(253, 2, '2016-05-20 16:21:54', 0),
(254, 7, '2016-05-20 16:21:11', 0),
(255, 9, NULL, 0),
(256, 1, '2016-05-20 17:04:47', 1),
(257, 7, '2016-05-20 17:14:21', 0),
(258, 1, '2016-05-20 17:19:40', 0),
(259, 2, '2016-05-21 08:33:17', 0),
(260, 2, '2016-05-21 08:33:17', 0),
(261, 2, '2016-05-21 08:33:17', 0),
(262, 2, '2016-05-21 07:25:48', 0),
(263, 2, '2016-05-21 07:25:48', 0),
(264, 7, '2016-05-22 13:52:30', 0),
(265, 7, '2016-05-22 13:52:45', 0),
(266, 1, '2016-05-21 09:44:33', 0),
(267, 2, '2016-05-21 07:29:15', 0),
(268, 10, '2016-05-21 07:31:17', 0),
(269, 2, '2016-05-21 07:41:25', 0),
(270, 10, '2016-05-21 07:44:26', 0),
(271, 2, '2016-05-21 07:47:44', 1),
(272, 2, '2016-05-21 07:49:48', 1),
(273, 2, '2016-05-21 08:15:53', 1),
(274, 10, '2016-05-21 08:21:49', 0),
(275, 2, '2016-05-21 08:33:51', 1),
(276, 2, '2016-05-21 08:33:51', 1),
(277, 2, '2016-05-21 08:41:21', 1),
(278, 2, '2016-05-21 10:11:49', 0),
(279, 2, '2016-05-21 10:29:33', 1),
(280, 2, '2016-05-21 17:25:51', 0),
(281, 2, '2016-05-21 17:28:20', 0),
(282, 10, '2016-05-21 17:28:53', 0),
(283, 10, '2016-05-21 17:42:49', 0),
(284, 2, '2016-05-21 17:50:11', 0),
(285, 2, '2016-05-21 17:50:11', 0),
(286, 2, '2016-05-21 18:14:11', 1),
(287, 10, '2016-05-21 20:02:58', 0),
(288, 2, '2016-05-21 22:17:50', 0),
(289, 2, '2016-05-21 22:19:13', 0),
(290, 2, '2016-05-21 22:22:43', 0),
(291, 2, '2016-05-21 22:25:55', 0),
(292, 2, '2016-05-21 22:28:22', 0),
(293, 2, '2016-05-21 22:29:37', 0),
(294, 2, '2016-05-21 22:32:35', 0),
(295, 2, '2016-05-21 22:38:06', 1),
(296, 2, '2016-05-21 23:26:36', 0),
(297, 2, '2016-05-21 23:26:49', 0),
(298, 2, '2016-05-21 23:27:16', 0),
(299, 2, '2016-05-21 23:35:18', 0),
(300, 2, '2016-05-21 23:39:38', 0),
(301, 2, '2016-05-21 23:39:54', 0),
(302, 2, '2016-05-22 00:41:04', 0),
(303, 2, '2016-05-22 00:42:55', 0),
(304, 2, '2016-05-22 00:45:32', 0),
(305, 2, '2016-05-22 00:45:48', 0),
(306, 2, '2016-05-22 00:54:41', 0),
(307, 2, '2016-05-22 01:08:38', 0),
(308, 2, '2016-05-22 01:13:13', 0),
(309, 2, '2016-05-22 22:50:48', 0),
(310, 2, '2016-05-22 22:55:14', 0),
(311, 2, '2016-05-22 23:03:15', 0),
(312, 2, '2016-05-22 23:06:20', 0),
(313, 2, '2016-05-22 23:07:00', 0),
(314, 2, '2016-05-22 23:09:52', 0),
(315, 10, '2016-05-22 23:10:33', 0),
(316, 2, '2016-05-23 06:45:33', 0),
(317, 10, '2016-05-23 06:46:58', 0),
(318, 2, '2016-05-23 06:47:38', 0),
(319, 2, '2016-05-23 06:52:47', 0),
(320, 2, '2016-05-23 06:56:47', 0),
(321, 2, '2016-05-23 07:08:30', 0),
(322, 2, '2016-05-23 07:35:22', 0),
(323, 2, '2016-05-23 07:59:42', 0),
(324, 2, '2016-05-23 09:06:13', 0),
(325, 2, '2016-05-23 09:10:26', 0),
(326, 2, '2016-05-23 09:16:45', 0),
(327, 2, '2016-05-23 09:17:27', 0),
(328, 2, '2016-05-23 09:18:20', 0),
(329, 2, '2016-05-23 10:06:12', 0),
(330, 2, '2016-05-23 10:29:58', 0),
(331, 2, '2016-05-23 10:51:43', 0),
(332, 2, '2016-05-23 10:56:23', 1),
(333, 2, '2016-05-23 11:00:34', 1),
(334, 2, '2016-05-23 00:00:00', 1),
(335, 2, '2016-05-23 14:38:38', 0),
(336, 2, '2016-05-23 15:09:31', 0),
(337, 2, '2016-05-23 15:10:23', 0),
(338, 2, '2016-05-23 15:14:52', 0),
(339, 2, '2016-05-23 15:26:00', 0),
(340, 10, '2016-05-23 15:43:06', 0),
(341, 2, '2016-05-23 15:47:53', 0),
(342, 2, '2016-05-23 15:49:44', 0),
(343, 10, '2016-05-23 15:50:36', 0),
(344, 2, '2016-05-23 18:30:35', 0),
(345, 2, '2016-05-23 18:30:35', 0),
(346, 2, '2016-05-23 19:02:05', 0),
(347, 2, '2016-05-23 19:59:02', 0),
(348, 2, '2016-05-23 20:18:26', 0),
(349, 2, '2016-05-23 20:26:07', 0),
(350, 2, '2016-05-23 20:32:40', 0),
(351, 2, '2016-05-23 20:34:10', 0),
(352, 2, '2016-05-23 20:42:06', 0),
(353, 10, '2016-05-23 20:55:30', 0),
(354, 2, '2016-05-23 20:55:38', 0),
(355, 2, '2016-05-23 20:58:25', 0),
(356, 2, '2016-05-23 20:58:55', 0),
(357, 2, '2016-05-23 21:01:39', 0),
(358, 2, '2016-05-23 21:06:28', 0),
(359, 2, '2016-05-23 21:10:03', 0),
(360, 2, '2016-05-23 21:13:09', 0),
(361, 2, '2016-05-23 21:18:00', 0),
(362, 2, '2016-05-23 21:18:00', 0),
(363, 2, '2016-05-23 21:18:31', 0),
(364, 2, '2016-05-23 21:20:22', 0),
(365, 2, '2016-05-23 21:33:44', 0),
(366, 2, '2016-05-23 21:34:24', 0),
(367, 2, '2016-05-23 21:36:44', 0),
(368, 2, '2016-05-23 21:37:23', 0),
(369, 2, '2016-05-23 21:39:11', 0),
(370, 2, '2016-05-23 21:39:31', 0),
(371, 2, '2016-05-23 21:57:01', 0),
(372, 2, '2016-05-23 21:57:40', 0),
(373, 2, '2016-05-23 21:58:35', 0),
(374, 2, '2016-05-23 22:02:45', 0),
(375, 2, '2016-05-23 22:15:22', 0),
(376, 2, '2016-05-23 22:15:22', 0),
(377, 2, '2016-05-23 22:15:22', 0),
(378, 2, '2016-05-23 22:18:11', 0),
(379, 2, '2016-05-23 22:27:24', 0),
(380, 2, '2016-05-23 22:29:03', 0),
(381, 2, '2016-05-23 22:30:14', 0),
(382, 2, '2016-05-23 22:31:18', 0),
(383, 2, '2016-05-23 22:31:51', 0),
(384, 2, '2016-05-23 22:34:20', 0),
(385, 2, '2016-05-23 22:35:32', 0),
(386, 2, '2016-05-23 22:36:08', 0),
(387, 2, '2016-05-23 22:37:29', 0),
(388, 2, '2016-05-23 22:37:51', 0),
(389, 10, '2016-05-23 22:39:35', 0),
(390, 2, '2016-05-23 22:40:04', 0),
(391, 2, '2016-05-23 22:42:28', 0),
(392, 2, '2016-05-23 22:51:40', 1),
(393, 2, '2016-05-23 22:52:12', 1),
(394, 2, '2016-05-23 22:52:52', 1),
(395, 10, '2016-05-24 09:12:26', 0),
(396, 2, '2016-05-24 09:12:53', 1),
(397, 2, '2016-05-24 09:19:34', 0),
(398, 10, '2016-05-24 09:20:13', 0),
(399, 2, '2016-05-24 09:21:23', 0),
(400, 10, '2016-05-24 09:22:02', 0),
(401, 10, '2016-05-24 09:29:15', 0),
(402, 2, '2016-05-24 09:29:34', 0),
(403, 10, '2016-05-24 09:30:04', 0),
(404, 2, '2016-05-24 09:32:00', 0),
(405, 2, '2016-05-24 09:34:39', 0),
(406, 2, '2016-05-24 09:35:33', 0),
(407, 2, '2016-05-24 09:55:58', 0),
(408, 2, '2016-05-24 10:09:08', 0),
(409, 2, '2016-05-24 10:09:08', 0),
(410, 2, '2016-05-24 10:09:08', 0),
(411, 2, '2016-05-24 10:09:26', 0),
(412, 10, '2016-05-24 10:09:41', 0),
(413, 2, '2016-05-24 10:09:55', 0),
(414, 2, '2016-05-24 10:29:51', 0),
(415, 10, '2016-05-24 10:30:04', 0),
(416, 2, '2016-05-24 10:30:42', 0),
(417, 10, '2016-05-24 10:30:55', 0),
(418, 2, '2016-05-25 17:38:39', 0),
(419, 2, '2016-05-25 17:38:39', 0),
(420, 1, '2016-05-26 19:01:39', 0),
(421, 2, '2016-05-25 19:01:25', 0),
(422, 10, '2016-05-25 19:01:39', 0),
(423, 2, '2016-05-25 19:02:01', 0),
(424, 10, '2016-05-25 20:02:40', 0),
(425, 10, '2016-05-25 20:04:39', 0),
(426, 10, '2016-05-25 20:04:46', 0),
(427, 1, '2016-05-26 19:01:39', 0),
(428, 10, '2016-05-25 20:13:03', 0),
(429, 10, '2016-05-25 20:22:58', 0),
(430, 2, '2016-05-25 20:25:20', 0),
(431, 2, '2016-05-25 20:26:30', 0),
(432, 10, '2016-05-25 20:26:55', 0),
(433, 2, '2016-05-25 20:27:07', 0),
(434, 10, '2016-05-25 20:27:25', 0),
(435, 2, '2016-05-25 20:27:48', 0),
(436, 2, '2016-05-30 16:05:29', 0),
(437, 1, '2016-05-30 16:12:01', 0),
(438, 2, '2016-05-30 16:40:01', 0),
(439, 1, '2016-05-31 19:27:37', 0),
(440, 1, '2016-05-31 19:27:37', 0),
(441, 1, '2016-05-31 19:27:37', 0),
(442, 1, '2016-06-01 10:51:28', 0),
(443, 1, '2016-06-01 10:51:28', 0),
(444, 1, '2016-06-01 10:51:28', 0),
(445, 7, '2016-06-01 11:55:14', 0),
(446, 1, '2016-06-01 14:35:02', 0),
(447, 7, '2016-06-01 14:35:38', 0),
(448, 1, '2016-06-01 14:37:47', 0),
(449, 7, '2016-06-01 14:38:07', 0),
(450, 7, '2016-06-01 14:38:21', 0),
(451, 1, '2016-06-01 14:38:34', 0),
(452, 6, NULL, 0),
(453, 2, '2016-06-09 10:53:28', 0),
(454, 10, '2016-06-09 10:53:59', 0),
(455, 2, '2016-06-09 10:54:36', 0),
(456, 10, '2016-06-09 10:54:50', 0),
(457, 10, '2016-06-09 10:58:20', 0),
(458, 1, '2016-06-09 17:22:19', 0),
(459, 1, '2016-06-09 17:21:27', 0),
(460, 1, '2016-06-09 17:22:19', 0),
(461, 7, '2016-06-09 17:21:53', 0),
(462, 7, '2016-06-09 17:21:57', 0),
(463, 1, '2016-06-11 19:48:45', 0),
(464, 7, '2016-06-09 17:22:51', 0),
(465, 1, '2016-06-09 17:23:02', 0),
(466, 7, '2016-06-09 17:25:41', 0),
(467, 7, '2016-06-09 17:25:41', 0),
(468, 1, '2016-06-09 17:26:28', 1),
(469, 1, '2016-06-09 17:28:09', 1),
(470, 1, '2016-06-09 17:28:09', 1),
(471, 1, '2016-06-09 17:28:09', 1),
(472, 1, '2016-06-09 17:28:09', 1),
(473, 1, '2016-06-09 17:28:09', 1),
(474, 7, '2016-06-09 17:28:38', 0),
(475, 7, '2016-06-09 17:30:09', 0),
(476, 7, '2016-06-09 17:30:16', 0),
(477, 7, '2016-06-09 17:30:30', 0),
(478, 7, '2016-06-09 17:30:30', 0),
(479, 7, '2016-06-09 17:30:58', 0),
(480, 6, NULL, 0),
(481, 2, '2016-06-11 09:23:03', 0),
(482, 2, '2016-06-11 14:34:16', 0),
(483, 2, '2016-06-11 14:34:16', 0),
(484, 1, '2016-06-12 00:10:55', 0),
(485, 6, NULL, 0),
(486, 9, NULL, 0),
(487, 7, '2016-11-09 14:50:50', 0),
(488, 7, '2016-11-09 14:50:50', 0),
(489, 7, '2016-11-09 14:50:50', 0),
(490, 1, '2016-11-09 14:51:38', 0),
(491, 7, '2016-11-22 15:14:52', 0),
(492, 1, '2016-11-22 15:32:17', 0),
(493, 10, '2016-11-23 23:01:20', 0),
(494, 10, '2016-11-23 23:01:20', 0),
(495, 10, '2016-11-23 22:42:44', 0),
(496, 10, '2016-11-23 22:42:44', 0),
(497, 10, '2016-11-23 22:42:44', 0),
(498, 2, '2016-11-29 07:55:42', 0),
(499, 2, '2016-11-29 07:55:42', 0),
(500, 2, '2016-11-28 10:15:13', 1),
(501, 2, '2016-11-29 07:55:42', 0),
(502, 2, '2016-11-28 10:15:13', 1),
(503, 2, '2016-11-28 10:15:13', 1),
(504, 2, '2016-11-28 10:15:13', 1),
(505, 2, '2016-11-28 10:15:13', 1),
(506, 6, NULL, 0),
(507, 7, '2016-11-29 18:02:11', 0),
(508, 1, '2016-11-29 18:08:17', 1),
(509, 1, '2016-11-29 18:08:17', 1),
(510, 1, '2016-11-29 18:05:52', 0),
(511, 17, '2016-11-29 18:06:43', 1),
(512, 17, '2016-11-29 18:06:51', 0),
(513, 7, '2016-11-29 18:08:48', 0),
(514, 1, '2016-11-29 18:11:28', 1),
(515, 1, '2016-11-29 18:12:54', 1),
(516, 21, '2017-01-27 15:04:31', 0),
(517, 1, '2017-01-27 15:05:52', 0),
(518, 21, '2017-01-27 15:06:17', 0),
(519, 1, '2017-01-27 15:07:04', 0),
(520, 21, '2017-01-27 15:09:14', 0),
(521, 21, '2017-01-27 15:09:14', 0),
(522, 21, NULL, 0);

-- --------------------------------------------------------

--
-- Структура таблиці `oc_t_mmessenger_status`
--

CREATE TABLE IF NOT EXISTS `oc_t_mmessenger_status` (
  `id` int(10) unsigned NOT NULL AUTO_INCREMENT,
  `name` varchar(30) NOT NULL,
  PRIMARY KEY (`id`)
) ENGINE=InnoDB  DEFAULT CHARSET=utf8 AUTO_INCREMENT=5 ;

--
-- Дамп даних таблиці `oc_t_mmessenger_status`
--

INSERT INTO `oc_t_mmessenger_status` (`id`, `name`) VALUES
(1, 'processing'),
(2, 'scheduled'),
(3, 'accepted'),
(4, 'refused');

-- --------------------------------------------------------

--
-- Структура таблиці `oc_t_mmessenger_status_description`
--

CREATE TABLE IF NOT EXISTS `oc_t_mmessenger_status_description` (
  `fk_i_status_id` int(10) unsigned NOT NULL AUTO_INCREMENT,
  `fk_c_locale_code` char(5) NOT NULL,
  `s_title` varchar(50) NOT NULL,
  `s_text` text,
  PRIMARY KEY (`fk_i_status_id`,`fk_c_locale_code`),
  KEY `fk_oc_t_mmessenger_status_locale` (`fk_c_locale_code`)
) ENGINE=InnoDB  DEFAULT CHARSET=utf8 AUTO_INCREMENT=5 ;

--
-- Дамп даних таблиці `oc_t_mmessenger_status_description`
--

INSERT INTO `oc_t_mmessenger_status_description` (`fk_i_status_id`, `fk_c_locale_code`, `s_title`, `s_text`) VALUES
(1, 'en_US', 'Processing', 'Your inquiry is getting processed.'),
(1, 'ru_RU', 'Принято', 'Your inquiry is getting processed.'),
(1, 'uk_UK', 'Прийнято', 'Your inquiry is getting processed.'),
(2, 'en_US', 'Scheduled', 'An appointment/shipment has been scheduled.'),
(2, 'ru_RU', 'Под вопросом', 'An appointment/shipment has been scheduled.'),
(2, 'uk_UK', 'Під питанням', 'An appointment/shipment has been scheduled.'),
(3, 'en_US', 'Accepted', 'Item owner has accepted your offer.'),
(3, 'ru_RU', 'По рукам!', 'Item owner has accepted your offer.'),
(3, 'uk_UK', 'Згода!', 'Item owner has accepted your offer.'),
(4, 'en_US', 'Refused', 'Item owner is not interested.'),
(4, 'ru_RU', 'Отклонено', 'Item owner is not interested.'),
(4, 'uk_UK', 'Відхилено', 'Item owner is not interested.');

-- --------------------------------------------------------

--
-- Структура таблиці `oc_t_multicurrency`
--

CREATE TABLE IF NOT EXISTS `oc_t_multicurrency` (
  `s_from` varchar(3) NOT NULL,
  `s_to` varchar(3) NOT NULL,
  `f_rate` float DEFAULT '1',
  `dt_date` datetime NOT NULL,
  PRIMARY KEY (`s_from`,`s_to`)
) ENGINE=InnoDB DEFAULT CHARSET=utf8;

--
-- Дамп даних таблиці `oc_t_multicurrency`
--

INSERT INTO `oc_t_multicurrency` (`s_from`, `s_to`, `f_rate`, `dt_date`) VALUES
('EUR', 'UAH', 29.201, '2017-02-03 11:55:45'),
('EUR', 'USD', 1.0744, '2017-02-03 11:55:45'),
('UAH', 'EUR', 0.0344, '2017-02-03 11:55:45'),
('UAH', 'USD', 0.037, '2017-02-03 11:55:45'),
('USD', 'EUR', 0.9304, '2017-02-03 11:55:45'),
('USD', 'UAH', 27.05, '2017-02-03 11:55:45');

-- --------------------------------------------------------

--
-- Структура таблиці `oc_t_pages`
--

CREATE TABLE IF NOT EXISTS `oc_t_pages` (
  `pk_i_id` int(10) unsigned NOT NULL AUTO_INCREMENT,
  `s_internal_name` varchar(50) DEFAULT NULL,
  `b_indelible` tinyint(1) NOT NULL DEFAULT '0',
  `b_link` tinyint(1) NOT NULL DEFAULT '1',
  `dt_pub_date` datetime NOT NULL,
  `dt_mod_date` datetime DEFAULT NULL,
  `i_order` int(3) NOT NULL DEFAULT '0',
  `s_meta` text,
  PRIMARY KEY (`pk_i_id`)
) ENGINE=InnoDB  DEFAULT CHARSET=utf8 AUTO_INCREMENT=54 ;

--
-- Дамп даних таблиці `oc_t_pages`
--

INSERT INTO `oc_t_pages` (`pk_i_id`, `s_internal_name`, `b_indelible`, `b_link`, `dt_pub_date`, `dt_mod_date`, `i_order`, `s_meta`) VALUES
(1, 'email_item_inquiry', 1, 1, '2016-02-24 21:09:31', NULL, 0, NULL),
(2, 'email_user_validation', 1, 1, '2016-02-24 21:09:31', NULL, 0, NULL),
(3, 'email_user_registration', 1, 1, '2016-02-24 21:09:31', NULL, 0, NULL),
(4, 'email_send_friend', 1, 1, '2016-02-24 21:09:31', NULL, 0, NULL),
(5, 'alert_email_hourly', 1, 1, '2016-02-24 21:09:31', NULL, 0, NULL),
(6, 'alert_email_daily', 1, 1, '2016-02-24 21:09:31', NULL, 0, NULL),
(7, 'alert_email_weekly', 1, 1, '2016-02-24 21:09:31', NULL, 0, NULL),
(8, 'alert_email_instant', 1, 1, '2016-02-24 21:09:31', NULL, 0, NULL),
(9, 'email_new_comment_admin', 1, 1, '2016-02-24 21:09:31', NULL, 0, NULL),
(10, 'email_new_item_non_register_user', 1, 1, '2016-02-24 21:09:31', NULL, 0, NULL),
(11, 'email_item_validation', 1, 1, '2016-02-24 21:09:31', NULL, 0, NULL),
(12, 'email_admin_new_item', 1, 1, '2016-02-24 21:09:31', NULL, 0, NULL),
(13, 'email_user_forgot_password', 1, 1, '2016-02-24 21:09:31', NULL, 0, NULL),
(14, 'email_new_email', 1, 1, '2016-02-24 21:09:31', NULL, 0, NULL),
(15, 'email_alert_validation', 1, 1, '2016-02-24 21:09:31', NULL, 0, NULL),
(16, 'email_comment_validated', 1, 1, '2016-02-24 21:09:31', NULL, 0, NULL),
(17, 'email_item_validation_non_register_user', 1, 1, '2016-02-24 21:09:31', NULL, 0, NULL),
(18, 'email_admin_new_user', 1, 1, '2016-02-24 21:09:31', NULL, 0, NULL),
(19, 'email_contact_user', 1, 1, '2016-02-24 21:09:31', NULL, 0, NULL),
(20, 'email_new_comment_user', 1, 1, '2016-02-24 21:09:31', NULL, 0, NULL),
(21, 'email_new_admin', 1, 1, '2016-02-24 21:09:31', NULL, 0, NULL),
(22, 'email_warn_expiration', 1, 1, '2016-02-24 21:09:31', NULL, 0, NULL),
(23, 'example_page', 0, 1, '2016-02-24 21:09:31', '2016-11-29 21:22:55', 1, '""'),
(24, 'fi_email_price_change', 1, 0, '2016-02-25 18:42:38', '2016-02-25 18:42:38', 2, NULL),
(25, 'fi_email_item_remove', 1, 0, '2016-02-25 18:42:38', '2016-02-25 18:42:38', 3, NULL),
(29, 'disalloved', 0, 0, '2016-03-08 22:29:08', '2016-03-12 13:18:25', 4, '""'),
(30, 'email_rbc', 1, 0, '2016-03-10 11:45:01', '2016-03-10 11:45:01', 5, NULL),
(31, 'global_rules', 0, 1, '2016-03-13 13:10:16', '2016-11-29 21:25:48', 6, '""'),
(35, 'email_admin_on_blocked_user', 1, 1, '2016-04-19 15:45:26', '2016-04-19 15:45:26', 10, NULL),
(39, 'email_admin_on_blocked_user', 1, 1, '2016-04-19 16:55:01', '2016-04-19 16:55:01', 14, NULL),
(43, 'email_admin_on_blocked_user', 1, 1, '2016-04-20 04:08:38', '2016-04-20 04:08:38', 18, NULL),
(44, 'email_mmessenger_contact_user', 1, 1, '2016-04-20 10:52:40', '2016-04-20 10:52:40', 19, NULL),
(45, 'email_alert_mmessenger_messages', 1, 1, '2016-04-20 10:52:40', '2016-04-20 10:52:40', 20, NULL),
(46, 'email_mmessenger_reply_user', 1, 1, '2016-04-21 05:47:07', '2016-04-21 05:47:07', 21, NULL),
(47, 'email_admin_on_blocked_user', 1, 1, '2016-04-21 05:47:07', '2016-04-21 05:47:07', 22, NULL),
(48, 'site_rules', 0, 1, '2016-11-12 09:11:49', '2017-01-26 11:43:39', 24, '""'),
(49, 'pay4servises', 0, 1, '2016-11-12 10:29:02', '2016-11-29 21:34:42', 23, '""'),
(50, 'secures', 0, 1, '2016-11-12 10:37:10', '2017-01-26 11:39:44', 25, '""'),
(51, 'helptosite', 0, 1, '2016-11-12 22:34:58', '2016-11-23 15:11:19', 27, '""'),
(52, 'advs_inthe-site', 0, 1, '2016-11-12 22:37:17', '2016-11-23 15:03:59', 28, '""'),
(53, 'confedic_rules', 0, 1, '2016-12-27 20:49:12', '2017-01-23 10:06:10', 26, '""');

-- --------------------------------------------------------

--
-- Структура таблиці `oc_t_pages_description`
--

CREATE TABLE IF NOT EXISTS `oc_t_pages_description` (
  `fk_i_pages_id` int(10) unsigned NOT NULL,
  `fk_c_locale_code` char(5) NOT NULL,
  `s_title` varchar(255) NOT NULL,
  `s_text` text,
  PRIMARY KEY (`fk_i_pages_id`,`fk_c_locale_code`),
  KEY `fk_c_locale_code` (`fk_c_locale_code`)
) ENGINE=InnoDB DEFAULT CHARSET=utf8;

--
-- Дамп даних таблиці `oc_t_pages_description`
--

INSERT INTO `oc_t_pages_description` (`fk_i_pages_id`, `fk_c_locale_code`, `s_title`, `s_text`) VALUES
(1, 'en_US', '{WEB_TITLE} - Someone has a question about your listing', '<p>Hi {CONTACT_NAME}!</p>\r\n<p>{USER_NAME} ({USER_EMAIL}, {USER_PHONE}) left you a message about your listing <a href="{ITEM_URL}">{ITEM_TITLE}</a>:</p>\r\n<p>{COMMENT}</p>\r\n<p>Regards,</p>\r\n<p>{WEB_LINK}</p>'),
(1, 'ru_RU', '{WEB_TITLE} - У кого-то есть вопрос о вашем объявлении', '<p>Привет {CONTACT_NAME}!</p>\r\n<p>{USER_NAME} ({USER_EMAIL}, {USER_PHONE}) написал сообщение по поводу Вашего объявления <a href="{ITEM_URL}">{ITEM_TITLE}</a>:</p>\r\n<p>{COMMENT}</p>\r\n<p>С уважением,</p>\r\n<p>{WEB_LINK}</p>'),
(1, 'uk_UK', '{WEB_TITLE} - У когось є питання про ваше оголошення', '<p>Привіт {CONTACT_NAME}!</p>\r\n<p>{USER_NAME} ({USER_EMAIL}, {USER_PHONE}) залишив Вам повідомлення про Ваше оголошення <a href="{ITEM_URL}">{ITEM_TITLE}</a>:</p>\r\n<p>{COMMENT}</p>\r\n<p>З повагою,</p>\r\n<p>{WEB_LINK}</p>'),
(2, 'en_US', 'Please validate your {WEB_TITLE} account', '<p>Hi {USER_NAME},</p>\r\n<p>Please validate your registration by clicking on the following link: {VALIDATION_LINK}</p>\r\n<p>Thank you!</p>\r\n<p>Regards,</p>\r\n<p>{WEB_LINK}</p>'),
(2, 'ru_RU', 'Подтверждение регистрации на сайте {WEB_TITLE}', '<p>Приветствуем, {USER_NAME}</p>\r\n<p>Просьба подтвердить Вашу регистрацию, нажав на следующую ссылку: {VALIDATION_LINK}</p>\r\n<p>Спасибо!</p>\r\n<p>С уважением,</p>\r\n<p>{WEB_LINK}</p>'),
(2, 'uk_UK', 'Прохання підтвердити ваш {WEB_TITLE} обліковий запис', '<p>Вітаємо, {USER_NAME},</p>\r\n<p>підтвердіть реєстрацію, натиснувши на посилання: {VALIDATION_LINK}</p>\r\n<p>Спасибі!</p>\r\n<p>З повагою,</p>\r\n<p>{WEB_LINK}</p>'),
(3, 'en_US', '{WEB_TITLE} - Registration successful!', '<p>Hi {USER_NAME},</p>\r\n<p>You''ve successfully registered for {WEB_LINK}.</p>\r\n<p>Thank you!</p>\r\n<p>Regards,</p>\r\n<p>{WEB_LINK}</p>'),
(3, 'ru_RU', '{WEB_TITLE} - Успешная регистрация!', '<p>Приветствуем, {USER_NAME}.</p>\r\n<p>Вы успешно зарегистрировались на  {WEB_LINK}.</p>\r\n<p>Спасибо!</p>\r\n<p>С наилучшими пожеланиями,</p>\r\n<p>{WEB_LINK}</p>'),
(3, 'uk_UK', '{WEB_TITLE} - Успішна реєстрація!', '<p>Вітаємо, {USER_NAME}</p>\r\n<p>Ви успішно зареєструвались на {WEB_LINK}.</p>\r\n<p>Дякуємо!</p>\r\n<p>З найкращими побажаннями,</p>\r\n<p>{WEB_LINK}</p>'),
(4, 'en_US', 'Look at what I discovered on {WEB_TITLE}', '<p>Hi {FRIEND_NAME},</p>\r\n<p>Your friend {USER_NAME} wants to share this listing with you <a href="{ITEM_URL}">{ITEM_TITLE}</a>.</p>\r\n<p>Message:</p>\r\n<p>{COMMENT}</p>\r\n<p>Regards,</p>\r\n<p>{WEB_TITLE}</p>'),
(4, 'ru_RU', 'Посмотри, что я обнаружил на {WEB_TITLE}', '<p>Приветствуем, {FRIEND_NAME}.</p>\r\n<p>Ваш друг {USER_NAME} хочет поделиться с Вами информацией <a href="{ITEM_URL}">{ITEM_TITLE}</a>.</p>\r\n<p>Сообщение:</p>\r\n<p>{COMMENT}</p>\r\n<p>С уважением,</p>\r\n<p>{WEB_TITLE}</p>'),
(4, 'uk_UK', '', '<p>Вітаємо, {FRIEND_NAME}.</p>\r\n<p>Ваш друг {USER_NAME} хоче поділитися з Вами інформацією <a href="{ITEM_URL}">{ITEM_TITLE}</a>.</p>\r\n<p>Повідомлення:</p>\r\n<p>{COMMENT}</p>\r\n<p>З повагою,</p>\r\n<p>{WEB_TITLE}</p>'),
(5, 'en_US', '{WEB_TITLE} - New listings in the last hour', '<p>Hi {USER_NAME},</p>\r\n<p>New listings have been published in the last hour. Take a look at them:</p>\r\n<p>{ADS}</p>\r\n<p>-------------</p>\r\n<p>To unsubscribe from this alert, click on: {UNSUB_LINK}</p>\r\n<p>{WEB_LINK}</p>'),
(5, 'ru_RU', '{WEB_TITLE} - Новое объявление in the last hour', '<p>Приветствуем, {USER_NAME}.</p>\r\n<p>Новые объявления опубликованные за последний час. Взгляните на них:</p>\r\n<p>{ADS}</p>\r\n<p>-------------</p>\r\n<p>Чтобы отписаться от этой рассылки , перейдите по ссылке: {UNSUB_LINK}</p>\r\n<p>{WEB_LINK}</p>'),
(5, 'uk_UK', '', '<p>Вітаємо, {USER_NAME}.</p>\r\n<p>Нові оголошення опубліковані останнім часом. Погляньте на них:</p>\r\n<p>{ADS}</p>\r\n<p>-------------</p>\r\n<p>Для того щоб відписатися від цієї розсидки, перейдіть за посиланням: {UNSUB_LINK}</p>\r\n<p>{WEB_LINK}</p>'),
(6, 'en_US', '{WEB_TITLE} - New listings in the last day', '<p>Hi {USER_NAME},</p>\r\n<p>New listings have been published in the last day. Take a look at them:</p>\r\n<p>{ADS}</p>\r\n<p>-------------</p>\r\n<p>To unsubscribe from this alert, click on: {UNSUB_LINK}</p>\r\n<p>{WEB_LINK}</p>'),
(6, 'ru_RU', '{WEB_TITLE} - Новое объявление in the last day', '<p>Приветствуем, {USER_NAME}.</p>\r\n<p>Новые объявления за прошедший день. Взгляните на них:</p>\r\n<p>{ADS}</p>\r\n<p>-------------</p>\r\n<p>Чтобы отписаться от этой рассылки, перейдите по ссылке: {UNSUB_LINK}</p>\r\n<p>{WEB_LINK}</p>'),
(6, 'uk_UK', '', '<p>Вітаємо, {USER_NAME}.</p>\r\n<p>Нові оголошення за день. Погляньте на них:</p>\r\n<p>{ADS}</p>\r\n<p>-------------</p>\r\n<p>Щоб відписатися від розсилки перейдіть за посиланням: {UNSUB_LINK}</p>\r\n<p>{WEB_LINK}</p>'),
(7, 'en_US', '{WEB_TITLE} - New listings in the last week', '<p>Hi {USER_NAME},</p>\r\n<p>New listings have been published in the last week. Take a look at them:</p>\r\n<p>{ADS}</p>\r\n<p>-------------</p>\r\n<p>To unsubscribe from this alert, click on: {UNSUB_LINK}</p>\r\n<p>{WEB_LINK}</p>'),
(7, 'ru_RU', '{WEB_TITLE} - Новое объявление in the last week', '<p>Приветствуем, {USER_NAME}.</p>\r\n<p>Новые объявления опубликованные на прошлой неделе. Взгляните на них:</p>\r\n<p>{ADS}</p>\r\n<p>-------------</p>\r\n<p>Чтобы отписаться от этой рассылки, перейдите по ссылке: {UNSUB_LINK}</p>\r\n<p>{WEB_LINK}</p>'),
(7, 'uk_UK', '', '<p>Вітаємо, {USER_NAME}.</p>\r\n<p>Нові оголошення  опубліковано за минулий тиждень. Погляньте на них:</p>\r\n<p>{ADS}</p>\r\n<p>-------------</p>\r\n<p>Щоб відписатися від розсилки перейдіть за посиланням: {UNSUB_LINK}</p>\r\n<p>{WEB_LINK}</p>\r\n<p> </p>'),
(8, 'en_US', '{WEB_TITLE} - New listings', '<p>Hi {USER_NAME},</p>\r\n<p>A new listing has been published, check it out!</p>\r\n<p>{ADS}</p>\r\n<p>-------------</p>\r\n<p>To unsubscribe from this alert, click on: {UNSUB_LINK}</p>\r\n<p>{WEB_LINK}</p>'),
(8, 'ru_RU', '{WEB_TITLE} - Новое объявление', '<p>Приветствуем,  {USER_NAME}.</p>\r\n<p>Опубликовано новое объявление!</p>\r\n<p>{ADS}</p>\r\n<p>-------------</p>\r\n<p>Для того чтобы отписаться от этой рассылки, перейдите по ссылке: {UNSUB_LINK}</p>\r\n<p>{WEB_LINK}</p>'),
(8, 'uk_UK', '', '<p>Вітаємо, {USER_NAME}.</p>\r\n<p>Опубліковано нове оголошення!</p>\r\n<p>{ADS}</p>\r\n<p>-------------</p>\r\n<p>Щоб відписатися від розсилки перейдіть за посиланням:{UNSUB_LINK}</p>\r\n<p>{WEB_LINK}</p>'),
(9, 'en_US', '{WEB_TITLE} - New comment', '<p>Someone commented on the listing <a href="{ITEM_URL}">{ITEM_TITLE}</a>.</p>\r\n<p>Commenter: {COMMENT_AUTHOR}<br />Commenter''s email: {COMMENT_EMAIL}<br />Title: {COMMENT_TITLE}<br />Comment: {COMMENT_TEXT}</p>'),
(9, 'ru_RU', '{WEB_TITLE} - Новый комментарий', '<p>Кто-то оставил комментарий под объявлением <a href="{ITEM_URL}">{ITEM_TITLE}</a>.</p>\r\n<p>Комментарий: {COMMENT_AUTHOR}<br />Е-mail комментатора: {COMMENT_EMAIL}<br />Заголовок: {COMMENT_TITLE}<br />Комментарий: {COMMENT_TEXT}</p>'),
(9, 'uk_UK', '', '<p>Хтось залишив коментар під об''явою <a href="{ITEM_URL}">{ITEM_TITLE}</a>.</p>\r\n<p>Коментар: {COMMENT_AUTHOR}<br />Е-mail коментатора: {COMMENT_EMAIL}<br />Заголовок: {COMMENT_TITLE}<br />Коментар: {COMMENT_TEXT}</p>'),
(10, 'en_US', '{WEB_TITLE} - Edit options for the listing {ITEM_TITLE}', '<p>Hi {USER_NAME},</p>\r\n<p>You''re not registered at {WEB_LINK}, but you can still edit or delete the listing <a href="{ITEM_URL}">{ITEM_TITLE}</a> for a short period of time.</p>\r\n<p>You can edit your listing by following this link: {EDIT_LINK}</p>\r\n<p>You can delete your listing by following this link: {DELETE_LINK}</p>\r\n<p>If you register as a user, you will have full access to editing options.</p>\r\n<p>Regards,</p>\r\n<p>{WEB_LINK}</p>'),
(10, 'ru_RU', '{WEB_TITLE} - Возможности редактирования для объявления {ITEM_TITLE}', '<p>Приветствуем, {USER_NAME}.</p>\r\n<p>Вы не зарегистрированы на {WEB_LINK}, однако Вы можете редактировать или удалить объявление <a href="{ITEM_URL}">{ITEM_TITLE}</a> в ближайшее время.</p>\r\n<p>Вы можете редактировать объявление по ссылке: {EDIT_LINK}</p>\r\n<p>Вы можете удалить объявление по ссылке: {DELETE_LINK}</p>\r\n<p>Если Вы зарегистрируетесь, та будете иметь полный доступ к управлению Вашими данными.</p>\r\n<p>С наилучшими пожеланиями,</p>\r\n<p>{WEB_LINK}</p>'),
(10, 'uk_UK', '{WEB_TITLE} - Можливості редагування для об''яви {ITEM_TITLE}', '<p>Вітаємо, {USER_NAME}.</p>\r\n<p>Ви не зареєстровані на {WEB_LINK}, проте Ви маєте можливість редагувати або видалити об''яву <a href="{ITEM_URL}">{ITEM_TITLE}</a> найближчим часом.</p>\r\n<p>Редагувати об''яву можете за посиланням: {EDIT_LINK}</p>\r\n<p>Видалити об''яву можете за посиланням: {DELETE_LINK}</p>\r\n<p>Якщо Ви зареєструєтесь, то матимете повный доступ до управління  Вашими даними.</p>\r\n<p>З найкращими побажаннями,</p>\r\n<p>{WEB_LINK}</p>'),
(11, 'en_US', '{WEB_TITLE} - Validate your listing', '<p>Hi {USER_NAME},</p>\r\n<p>You''re receiving this e-mail because a listing has been published at {WEB_LINK}. Please validate this listing by clicking on the following link: {VALIDATION_LINK}. If you didn''t publish this listing, please ignore this email.</p>\r\n<p>Listing details:</p>\r\n<p>Contact name: {USER_NAME}<br />Contact e-mail: {USER_EMAIL}</p>\r\n<p>{ITEM_DESCRIPTION}</p>\r\n<p>Url: {ITEM_URL}</p>\r\n<p>Regards,</p>\r\n<p>{WEB_LINK}</p>'),
(11, 'ru_RU', '{WEB_TITLE} - Подтверждение объявления', '<p>Приветствуем,  {USER_NAME}.</p>\r\n<p>Вы получили это письмо, так как объявление было опубликовано на сайте {WEB_LINK}. Пожалуйста, подтвердите публикацию, перейдя по ссылке: {VALIDATION_LINK}. Если вы не публиковали этого объявления, пожалуйста, игнорируйте это письмо.</p>\r\n<p>Детали объявлениф:</p>\r\n<p>Имя: {USER_NAME}<br />Контактный e-mail: {USER_EMAIL}</p>\r\n<p>{ITEM_DESCRIPTION}</p>\r\n<p>Url: {ITEM_URL}</p>\r\n<p>С наилучшими пожеланиями,</p>\r\n<p>{WEB_LINK}</p>'),
(11, 'uk_UK', '', '<p>Вітаємо, {USER_NAME}.</p>\r\n<p>Ви отримали цього листа, внаслідок того, що об''яву було опубліковано на сайті {WEB_LINK}. Будь ласка, підтвердьте публікацию, перейшовши за посиланням: {VALIDATION_LINK}. Якщо ви не публікували цю об''яву, будь ласка, ігноруйте цей лист.</p>\r\n<p>Деталі об''яви:</p>\r\n<p>І''мя: {USER_NAME}<br />Контактний e-mail: {USER_EMAIL}</p>\r\n<p>{ITEM_DESCRIPTION}</p>\r\n<p>Url: {ITEM_URL}</p>\r\n<p>З найкращими побажаннями,</p>\r\n<p>{WEB_LINK}</p>'),
(12, 'en_US', '{WEB_TITLE} - A new listing has been published', '<p>Dear {WEB_TITLE} admin,</p>\r\n<p>You''re receiving this email because a listing has been published at {WEB_LINK}.</p>\r\n<p>Listing details:</p>\r\n<p>Contact name: {USER_NAME}<br />Contact email: {USER_EMAIL}</p>\r\n<p>{ITEM_DESCRIPTION}</p>\r\n<p>Url: {ITEM_URL}</p>\r\n<p>You can edit this listing by clicking on the following link: {EDIT_LINK}</p>\r\n<p>Regards,</p>\r\n<p>{WEB_LINK}</p>'),
(12, 'ru_RU', '{WEB_TITLE} - Опубликовано новое объявление', '<p>Уважаемый {WEB_TITLE},</p>\r\n<p>Вы получили это письмо, так как объявление было опубликовано на {WEB_LINK}.</p>\r\n<p>Детали объявления:</p>\r\n<p>Опубликовал: {USER_NAME}<br />Контактный email: {USER_EMAIL}</p>\r\n<p>{ITEM_DESCRIPTION}</p>\r\n<p>Url: {ITEM_URL}</p>\r\n<p>Вы можете редактировать объявление перейдя по ссылке: {EDIT_LINK}</p>\r\n<p>С наилучшими пожеланиями,</p>\r\n<p>{WEB_LINK}</p>'),
(12, 'uk_UK', '', '<p>Шановний адміністротор {WEB_TITLE},</p>\r\n<p>Ви отримали цього листа , тому що оголошення було опубліковано на {WEB_LINK}.</p>\r\n<p>Деталі оголошення:</p>\r\n<p>Опублікував: {USER_NAME}<br />Контактний email: {USER_EMAIL}</p>\r\n<p>{ITEM_DESCRIPTION}</p>\r\n<p>Url: {ITEM_URL}</p>\r\n<p>Ви можете редагувати оголошення перейшовши за посиланням: {EDIT_LINK}</p>\r\n<p>З найкращими побажаннями,</p>\r\n<p>{WEB_LINK}</p>'),
(13, 'en_US', '{WEB_TITLE} - Recover your password', '<p>Hi {USER_NAME},</p>\r\n<p>We''ve sent you this e-mail because you''ve requested a password reminder. Follow this link to recover it: {PASSWORD_LINK}</p>\r\n<p>The link will be deactivated in 24 hours.</p>\r\n<p>If you didn''t request a password reminder, please ignore this message. This request was made from IP {IP_ADDRESS} on {DATE_TIME}</p>\r\n<p>Regards,</p>\r\n<p>{WEB_LINK}</p>'),
(13, 'ru_RU', '{WEB_TITLE} - Восстановления пароля', '<p>Приветствуем, {USER_NAME}.</p>\r\n<p>Мы отправили Вам это письмо, так как получили запрос на востановление пароля. Перейдите по ссылке чтобы восстановить пароль : {PASSWORD_LINK}</p>\r\n<p>Эта ссылка будет декативированна в течение 24 часов.</p>\r\n<p>Если Вы не собираетесь восстанавливать пароль - игнорируйте это письмо. Запрос на восстановление был сделан с IP {IP_ADDRESS} от {DATE_TIME}</p>\r\n<p>С наилучшими пожеланиями,</p>\r\n<p>{WEB_LINK}</p>'),
(13, 'uk_UK', '', '<p>Вітаємо, {USER_NAME}.</p>\r\n<p>Ми надіслали Вам цього листа, тому що отримали запит на відновлення пароля. Перейдіть за посиланням, для того щоб відновити пароль : {PASSWORD_LINK}</p>\r\n<p>Це посилання буде декативоване протягом 24 годин.</p>\r\n<p>Якщо Ви не збираєтесь відновлювати пароль - ігноруйте цей лист. Запит на відновлення було зроблено з IP {IP_ADDRESS} від {DATE_TIME}</p>\r\n<p>З найкращими побажаннями,</p>\r\n<p>{WEB_LINK}</p>'),
(14, 'en_US', '{WEB_TITLE} - You requested an email change', '<p>Hi {USER_NAME}</p>\r\n<p>You''re receiving this e-mail because you requested an e-mail change. Please confirm this new e-mail address by clicking on the following validation link: {VALIDATION_LINK}</p>\r\n<p>Regards,</p>\r\n<p>{WEB_LINK}</p>'),
(14, 'ru_RU', '{WEB_TITLE} - Запрос на смену адреса почты', '<p>Приветствуем,  {USER_NAME}.</p>\r\n<p>Вы получили это письмо, так как был сделан запрос на смену e-mail. Пожалуйста подтвердите новый e-mail, перейдя по следующей ссылке: {VALIDATION_LINK}</p>\r\n<p>С наилучшими пожеланиями,</p>\r\n<p>{WEB_LINK}</p>'),
(14, 'uk_UK', '', '<p>Вітаємо,  {USER_NAME}.</p>\r\n<p>Ви отримали цього листа, тому що було зроблено запит на зміну e-mail. Будь ласка підтвердіть новий e-mail перейшовши за посиланням: {VALIDATION_LINK}</p>\r\n<p>З найкращими побажаннями,</p>\r\n<p>{WEB_LINK}</p>'),
(15, 'en_US', '{WEB_TITLE} - Please validate your alert', '<p>Hi {USER_NAME},</p>\r\n<p>Please validate your alert registration by clicking on the following link: {VALIDATION_LINK}</p>\r\n<p>Thank you!</p>\r\n<p>Regards,</p>\r\n<p>{WEB_LINK}</p>'),
(15, 'ru_RU', '{WEB_TITLE} - Пожалуйста, подтвердите подписку', '<p>Приветствую, {USER_NAME}.</p>\r\n<p>подтвердите регистрацию, нажав на следующую ссылку: {VALIDATION_LINK}</p>\r\n<p>Спасибо!</p>\r\n<p>С уважением,</p>\r\n<p>{WEB_LINK}</p>'),
(15, 'uk_UK', '', '<p>Вітаємо, {USER_NAME}.</p>\r\n<p>підтвердьте реєстрацію, перейшовши за посиланням: {VALIDATION_LINK}</p>\r\n<p>Дякуємо!</p>\r\n<p>З повагою,</p>\r\n<p>{WEB_LINK}</p>'),
(16, 'en_US', '{WEB_TITLE} - Your comment has been approved', '<p>Hi {COMMENT_AUTHOR},</p>\r\n<p>Your comment on <a href="{ITEM_URL}">{ITEM_TITLE}</a> has been approved.</p>\r\n<p>Regards,</p>\r\n<p>{WEB_LINK}</p>'),
(16, 'ru_RU', '{WEB_TITLE} - Ваш комментарий одобрен', '<p>Приветствуем, {COMMENT_AUTHOR}.</p>\r\n<p>Ваш комментарий на <a href="{ITEM_URL}">{ITEM_TITLE}</a> успешно утвержден.</p>\r\n<p>С уважением,</p>\r\n<p>{WEB_LINK}</p>'),
(16, 'uk_UK', '', '<p>Вітаємо, {COMMENT_AUTHOR}.</p>\r\n<p>Ваш коментар на <a href="{ITEM_URL}">{ITEM_TITLE}</a> успішно затвержено.</p>\r\n<p>З повагою,</p>\r\n<p>{WEB_LINK}</p>'),
(17, 'en_US', '{WEB_TITLE} - Validate your listing', '<p>Hi {USER_NAME},</p>\r\n<p>You''re receiving this e-mail because you’ve published a listing at {WEB_LINK}. Please validate this listing by clicking on the following link: {VALIDATION_LINK}. If you didn''t publish this listing, please ignore this e-mail.</p>\r\n<p>Listing details:</p>\r\n<p>Contact name: {USER_NAME}<br />Contact e-mail: {USER_EMAIL}</p>\r\n<p>{ITEM_DESCRIPTION}</p>\r\n<p>Url: {ITEM_URL}</p>\r\n<p>Even if you''re not registered at {WEB_LINK}, you can still edit or delete your listing:</p>\r\n<p>You can edit your listing by following this link: {EDIT_LINK}</p>\r\n<p>You can delete your listing by following this link: {DELETE_LINK}</p>\r\n<p>Regards,</p>\r\n<p>{WEB_LINK}</p>'),
(17, 'ru_RU', '{WEB_TITLE} - Подтверждение объявления', '<p>Приветствуем, {USER_NAME}.</p>\r\n<p>Вы получили это письмо, так как Вы подали объявление на {WEB_LINK}. Пожалуйста подтвердите это, перейдя по ссылке: {VALIDATION_LINK}. Если Вы не публиковали это объявление, пожалуйста игнорируйте настоящее письмо.</p>\r\n<p>Детали объявления:</p>\r\n<p>Имя подателя: {USER_NAME}<br />Контактный e-mail: {USER_EMAIL}</p>\r\n<p>{ITEM_DESCRIPTION}</p>\r\n<p>Url: {ITEM_URL}</p>\r\n<p>В случае если Вы не зарегистрированы на {WEB_LINK}, Вы можете редактировать или удалить это объявление :</p>\r\n<p>Редактировать объявление, перейдя по ссылке: {EDIT_LINK}</p>\r\n<p>Удалить объявление, перейдя по ссылке: {DELETE_LINK}</p>\r\n<p>С наилучшими пожеланиями,</p>\r\n<p>{WEB_LINK}</p>'),
(17, 'uk_UK', '', '<p>Вітаємо, {USER_NAME}.</p>\r\n<p>Ви отримали цього листа, тому що Вы подали об''яву на {WEB_LINK}. Будь ласка підтвердьте це, перейшовши за посіланням: {VALIDATION_LINK}. Якщо ж Ви не подавали цю об''яву, будь ласка ігноруйте даний лист.</p>\r\n<p>Деталі об''яви:</p>\r\n<p>Ім''я власника: {USER_NAME}<br />Контактний e-mail: {USER_EMAIL}</p>\r\n<p>{ITEM_DESCRIPTION}</p>\r\n<p>Url: {ITEM_URL}</p>\r\n<p>В разі якщо Ви не зареєстровані на {WEB_LINK}, Ви маєте можливість редагувати, або видалити цю об''яву :</p>\r\n<p>Редагувати об''яву, перейшовши за посиланням: {EDIT_LINK}</p>\r\n<p>Видалити об''яву, перейшовши за посиланням: {DELETE_LINK}</p>\r\n<p>З найкращими побажаннями,</p>\r\n<p>{WEB_LINK}</p>'),
(18, 'en_US', '{WEB_TITLE} - A new user has registered', '<p>Dear {WEB_TITLE} admin,</p>\r\n<p>You''re receiving this email because a new user has been created at {WEB_LINK}.</p>\r\n<p>User details:</p>\r\n<p>Name: {USER_NAME}<br />E-mail: {USER_EMAIL}</p>\r\n<p>Regards,</p>\r\n<p>{WEB_LINK}</p>'),
(18, 'ru_RU', '{WEB_TITLE} - Регистрация нового пользователя', '<p>Dear {WEB_TITLE} admin,</p>\r\n<p>You''re receiving this email because a new user has been created at {WEB_LINK}.</p>\r\n<p>User details:</p>\r\n<p>Name: {USER_NAME}<br />E-mail: {USER_EMAIL}</p>\r\n<p>Regards,</p>\r\n<p>{WEB_LINK}</p>'),
(18, 'uk_UK', '', ''),
(19, 'en_US', '{WEB_TITLE} - Someone has a question for you', '<p>Hi {CONTACT_NAME}!</p>\r\n<p>{USER_NAME} ({USER_EMAIL}, {USER_PHONE}) left you a message:</p>\r\n<p>{COMMENT}</p>\r\n<p>Regards,</p>\r\n<p>{WEB_LINK}</p>'),
(19, 'ru_RU', '{WEB_TITLE} - У кого-то есть вопрос к Вам', '<p>Приветствуем, {CONTACT_NAME}!</p>\r\n<p>{USER_NAME} ({USER_EMAIL}, {USER_PHONE}) оставил Вам сообщение:</p>\r\n<p>{COMMENT}</p>\r\n<p>С уважением,</p>\r\n<p>{WEB_LINK}</p>'),
(19, 'uk_UK', '{WEB_TITLE} - У когось є питання до Вас', '<p>Вітаємо, {CONTACT_NAME}!</p>\r\n<p>{USER_NAME} ({USER_EMAIL}, {USER_PHONE}) залишив(ла) Вам повідомлення:</p>\r\n<p>{COMMENT}</p>\r\n<p>З повагою,</p>\r\n<p>{WEB_LINK}</p>'),
(20, 'en_US', '{WEB_TITLE} - Someone has commented on your listing', '<p>There''s a new comment on the listing: <a href="{ITEM_URL}">{ITEM_TITLE}</a>.</p>\r\n<p>Author: {COMMENT_AUTHOR}<br />Author''s email: {COMMENT_EMAIL}<br />Title: {COMMENT_TITLE}<br />Comment: {COMMENT_TEXT}</p>\r\n<p>{WEB_LINK}</p>'),
(20, 'ru_RU', '{WEB_TITLE} - Кто то оставил комментарий на Ваше объявление', '<p>Появился новый комментарий на Ваше объявление: <a href="{ITEM_URL}">{ITEM_TITLE}</a>.</p>\r\n<p>Автор: {COMMENT_AUTHOR}<br />Е-mail автора: {COMMENT_EMAIL}<br />Заголовок: {COMMENT_TITLE}<br />Комментарий: {COMMENT_TEXT}</p>\r\n<p>{WEB_LINK}</p>'),
(20, 'uk_UK', '{WEB_TITLE} - Хтось залишив коментар на Ваше оголошення', '<p>Опубліковано новий коментар на Ваше оголошення: <a href="{ITEM_URL}">{ITEM_TITLE}</a>.</p>\r\n<p>Автор: {COMMENT_AUTHOR}<br />Е-mail автора: {COMMENT_EMAIL}<br />Заголовок: {COMMENT_TITLE}<br />Коментар: {COMMENT_TEXT}</p>\r\n<p>{WEB_LINK}</p>'),
(21, 'en_US', '{WEB_TITLE} - Success creating admin account!', '<p>Hi {ADMIN_NAME},</p>\r\n<p>The admin of {WEB_LINK} has created an account for you,</p>\r\n<ul>\r\n<li>Username: {USERNAME}</li>\r\n<li>Password: {PASSWORD}</li>\r\n</ul>\r\n<p>You can access the admin panel here {WEB_ADMIN_LINK}.</p>\r\n<p>Thank you!</p>\r\n<p>Regards,</p>'),
(21, 'ru_RU', '{WEB_TITLE} - Успешное создание учетной записи администратора!', '<p>Здравствуйте, {ADMIN_NAME}.</p>\r\n<p>Администратор {WEB_LINK} создал для Вас личный кабинет,</p>\r\n<ul>\r\n<li>Имя пользователя: {USERNAME}</li>\r\n<li>Пароль: {PASSWORD}</li>\r\n</ul>\r\n<p>Для управления вашим личным кабинетом перейдите по ссылке {WEB_ADMIN_LINK}.</p>\r\n<p>Благодарим Вас!</p>\r\n<p>С уважением,</p>\r\n<p>{WEB_TITLE}</p>'),
(21, 'uk_UK', '', '<p>Вітаємо, {ADMIN_NAME}.</p>\r\n<p>Адміністратор {WEB_LINK} створив для Вас особистий кабінет,</p>\r\n<ul>\r\n<li>Ім''я користувача: {USERNAME}</li>\r\n<li>Пароль: {PASSWORD}</li>\r\n</ul>\r\n<p>Для користування Вашим кабінетом перейдіть за посиланням: {WEB_ADMIN_LINK}.</p>\r\n<p>Дякуємо Вам!</p>\r\n<p>Найкращі побажання.</p>\r\n<p>{WEB_TITLE}</p>'),
(22, 'en_US', '{WEB_TITLE} - Your ad is about to expire', '<p>Hi {USER_NAME},</p>\r\n<p>Your listing <a href="{ITEM_URL}">{ITEM_TITLE}</a> is about to expire at {WEB_LINK}.</p>'),
(22, 'ru_RU', '{WEB_TITLE} - Ваше объявление скоро станет не актуальным', '<p>Приветствуем, {USER_NAME}.</p>\r\n<p>Срок действия Вашего объявления <a href="{ITEM_URL}">{ITEM_TITLE}</a>  на {WEB_LINK} скоро заканчивается.</p>'),
(22, 'uk_UK', ' {ITEM_TITLE} - закінчується термін дії', '<p>Вітаємо, {USER_NAME}.</p>\r\n<p>Термін дії Вашої об''яви <a href="{ITEM_URL}">{ITEM_TITLE}</a>  на {WEB_LINK} закінчується.</p>'),
(23, 'en_US', 'About us', '<p><strong>porukam.kiev.ua</strong> is a modern free classified ads website, created with care about the users who appreciate immediate data exchange. It provides a number of unique opportunities for those who want to post the ads effectively.</p>\r\n<p>First of all, <strong>this is the first resource in Ukraine for posting the ads on the website and duplicating it FREE in a mass audience Kiev newspaper "Stolitsa" (<a title="Перейти на сайт газеты" href="http://stolyca.com.ua" target="_blank">http://stolyca.com.ua</a>).</strong> Learn more about this opportunity in the <strong><a href="http://porukam.kiev.ua/index.php?page=page&amp;id=49">Paid Services</a> </strong>section.</p>\r\n<p>Although the website is primarily focused on Kievites the information on it can be posted by both the residents of all regions of Ukraine and foreigners.</p>\r\n<p>Specially for the foreigners we have translated the section titles and services in English. Residents of Ukraine can choose the most convenient interface language – Russian or Ukrainian.</p>\r\n<p>The website offers several types of quick communications: automatic phone number dialing (when you click on the appropriate icon), by e-mail or using advanced messenger – instant messaging in real time. Messenger is equipped with a number of unique features. In particular, it allows after contact with the buyer/seller promptly, in a single click, to respond to an external request using the markers "Accepted", "Scheduled", "Refused", "Processing".</p>\r\n<p>Finally, and it certainly will be positively appreciated by the users, the website allows to place a record amount of information – up to 5 000 characters of text in an ad and up to 24 photos.</p>\r\n<p>We hope you will appreciate all the possibilities of our website – free and paid, contributing to successful buying and selling goods and services. We will be glad to have comments on the website effectiveness: <a href="mailto:vish_vish@list.ru">vish_vish@list.ru</a>.</p>\r\n<p><strong><em>Deal?</em></strong></p>'),
(23, 'ru_RU', 'О нас', '<p><strong>porukam</strong><strong>.</strong><strong>kiev</strong><strong>.</strong><strong>ua</strong> – современный сайт бесплатных объявлений, созданный с заботой о пользователях, ценящих мгновенный обмен данными. Он предоставляет сразу несколько уникальных возможностей для тех, кто хочет эффективно разместить свое объявление или рекламу.</p>\r\n<p>Прежде всего, <strong>это первый в Украине ресурс, позволяющий опубликовать объявление на сайте и БЕСПЛАТНО продублировать его в киевской газете, расчитанной на массовую аудиторию – «Столица» (<a title="Перейти на сайт газеты" href="http://stolyca.com.ua" target="_blank">http://stolyca.com.ua</a>)</strong>. Подробнее об этой возможности вы можете прочитать в разделе <strong>«<a href="http://porukam.kiev.ua/index.php?page=page&amp;id=49">Платные сервисы</a>».</strong></p>\r\n<p>Хотя сайт прежде всего ориентирован на киевлян, бесплатно размещать информацию на нем могут жители всех областей Украины и зарубежья.</p>\r\n<p>Специально для иностранцев мы перевели названия разделов и назначение сервисов на английский язык. Жители Украины могут выбрать удобный для них язык интерфейса ­– русский или украинский.</p>\r\n<p>Сайт предлагает сразу несколько видов оперативной связи: автоматический набор телефонного номера (при клике на соответствующую иконку), по е-mail, а также с  помощью продвинутого мессенджера – службы мгновенных сообщений в реальном времени. Мессенджер снабжен рядом уникальных функций. В частности, он позволяет после контакта с покупателем/продавцом оперативно, в один клик, отреагировать на внешний запрос с помощью маркеров «Принято», «Под вопросом», «Отклонено», «По рукам».</p>\r\n<p>Наконец, что наверняка позитивно оценят пользователи, сайт позволяет размещать рекордный объем информации – до 5000 символов текста в одном объявлении и до 24 фото.</p>\r\n<p>Надеемся, Вы по достоинству оцените все возможности нашого сайта – как бесплатные, так и платные, способствующие успешным покупкам и продажам товаров и услуг. Будем рады выслушать мнения об эффективности работы сайта: <a href="mailto:vish_vish@list.ru">vish_vish@list.ru</a>.</p>\r\n<p><em><strong>По рукам?</strong></em></p>'),
(23, 'uk_UK', 'Про нас', '<p><strong>porukam.kiev.ua</strong> – сучасний сайт безкоштовних оголошень, створений з турботою про користувачів, які цінують миттєвий обмін даними. Він надає відразу кілька унікальних можливостей для тих, хто хоче ефективно розмістити своє оголошення або рекламу.</p>\r\n<p>Перш за все, <strong>це перший в Україні ресурс, що дозволяє опублікувати оголошення на сайті і БЕЗКОШТОВНО продублювати його в київській газеті, розрахован</strong><strong>ій</strong><strong> на масову аудиторію – «Столиця» (<a href="http://stolyca.com.ua">http://stolyca.com.ua</a>).</strong> Детальніше про цю можливість ви можете прочитати в розділі <strong>«<a href="http://porukam.kiev.ua/index.php?page=page&amp;id=49">Платні послуги</a>».</strong></p>\r\n<p>Хоча сайт перш за все орієнтований на киян, безкоштовно розміщувати інформацію на ньому можуть жителі всіх областей України i зарубіжжя.</p>\r\n<p>Спеціально для іноземців ми переклали назви розділів і призначення сервісів англійською мовою. Жителі України можуть вибрати зручну для них мову інтерфейсу – російську або українську.</p>\r\n<p>Сайт пропонує відразу декілька видів швидкого зв''язку: автоматичний набір телефонного номера (потрібно клікнути на відповідну іконку), по е-mail, а також за допомогою просунутого месенджера – служби миттєвих повідомлень в реальному часі. Мессенджер має декілька унікальних функцій. Зокрема, він дозволяє після контакту з покупцем/продавцем оперативно, в один клік, відреагувати на зовнішній запит за допомогою маркерів «Прийнято», «Під питанням», «Відхилено», «Згода».</p>\r\n<p>Нарешті, що напевно позитивно оцінять користувачі, сайт дозволяє розміщувати рекордний обсяг інформації  – до 5000 символів тексту в одному оголошенні та до 24 світлин.</p>\r\n<p>Сподіваємося, Ви оціните всі можливості нашого сайту – як безкоштовні, так і платні, що сприяють купівлі та продажу товарів і послуг. Будемо раді вислухати думки про ефективність роботи сайту: <a href="mailto:vish_vish@list.ru">vish_vish@list.ru</a>.</p>\r\n<p><em><strong>По руках?</strong></em></p>'),
(24, 'en_US', '{WEB_TITLE} - Price on listing #{ITEM_ID} has changed', '<p>Hi {CONTACT_NAME}!</p>\r\n<p>Let us inform you, that price on your favorite listing: <strong>{ITEM_TITLE} (#{ITEM_ID})</strong> has been just changed.</p>\r\n<p>Old price: <strong>{OLD_PRICE}</strong><br />New price: <strong>{NEW_PRICE}</strong></p>\r\n<p> </p>\r\n<p>You can check this listing on following URL:<br /><strong><span style="color: #1400ff;">{ITEM_URL}</span></strong></p>\r\n<p> </p>\r\n<p>Regards, <br />{WEB_TITLE}</p>'),
(24, 'ru_RU', '{WEB_TITLE} - Цена в объявлении #{ITEM_ID} поменялась', '<p>Приветствуем, {CONTACT_NAME}!</p>\r\n<p>Сообщаем Вам, что цена в избранном Вами объявлении: <strong>{ITEM_TITLE} (#{ITEM_ID})</strong> недавно изменилась.</p>\r\n<p>Старая цена: <strong>{OLD_PRICE}</strong><br />Новая цена: <strong>{NEW_PRICE}</strong></p>\r\n<p> </p>\r\n<p>Вы можете просмотреть данное объявление по URL:<br /><strong><span style="color: #1400ff;">{ITEM_URL}</span></strong></p>\r\n<p> </p>\r\n<p>С наилучшими пожеланиями, <br />{WEB_TITLE}</p>'),
(24, 'uk_UK', '{WEB_TITLE} - Ціну в оголошенні #{ITEM_ID} змінено', '<p>Вітаємо, {CONTACT_NAME}!</p>\r\n<p>Сповіщаємо Вас, що ціна в уподобаному Вами оголошенні : <strong>{ITEM_TITLE} (#{ITEM_ID})</strong> нещодавно змінилась.</p>\r\n<p>Стара ціна: <strong>{OLD_PRICE}</strong><br />Нова ціна: <strong>{NEW_PRICE}</strong></p>\r\n<p> </p>\r\n<p>Ви маєте можливість переглянути дане оголошення за  URL:<br /><strong><span style="color: #1400ff;">{ITEM_URL}</span></strong></p>\r\n<p> </p>\r\n<p>З найкрщими побажаннями, <br />{WEB_TITLE}</p>'),
(25, 'en_US', '{WEB_TITLE} - Your favorite listing #{ITEM_ID} has been removed', '<p>Hi {CONTACT_NAME}!</p>\r\n<p>Let us inform you, that listing you has favorited: <strong>{ITEM_TITLE} (#{ITEM_ID})</strong> has just been removed.</p>\r\n<p>Price on this listing was: <strong>{PRICE}</strong></p>\r\n<p> </p>\r\n<p>This listing has not been actual, it has been sold or it has expired.</p>\r\n<p> </p>\r\n<p>Regards, <br />{WEB_TITLE}</p>'),
(25, 'ru_RU', '{WEB_TITLE} - Отмеченное Вами объявление #{ITEM_ID} перестало быть действительным', '<p>Приветствуем, {CONTACT_NAME}!</p>\r\n<p>Вынуждены сообщить, что отмеченное Вами объявление: <strong>{ITEM_TITLE} (#{ITEM_ID})</strong> было удалено.</p>\r\n<p>Цена в этом объвлении была: <strong>{PRICE}</strong></p>\r\n<p> </p>\r\n<p>Это объявление уже не актуально, товар был продан или срок его действия истек.</p>\r\n<p>С наилучшими пожеланиями, <br />{WEB_TITLE}</p>'),
(25, 'uk_UK', '{WEB_TITLE} - Уподобане Вами оголошення  #{ITEM_ID} втратило чинність', '<p>Вітаємо, {CONTACT_NAME}!</p>\r\n<p>Повідомляємо, що уподобане Вами оголошення: <strong>{ITEM_TITLE} (#{ITEM_ID})</strong> вже не дійсне.</p>\r\n<p>Ціна в цьому оголошенні була: <strong>{PRICE}</strong></p>\r\n<p> </p>\r\n<p>Це оголошення вже не е актуальним, товар продана, або термін дії об''яви закінчився.</p>\r\n<p>З найкращими побажаннями, <br />{WEB_TITLE}</p>'),
(29, 'en_US', 'Function disalloved', '<h2>Sorry, function disalloved</h2>'),
(29, 'ru_RU', 'Сервис отключен', '<h2>Извините, сервис временно отключен.</h2>'),
(29, 'uk_UK', 'Сервіс відключено', '<h2>Вибачте, сервіс тимчасово не працює.</h2>'),
(30, 'en_US', '{WEB_TITLE} - Publish option for your ad: {ITEM_TITLE}', '<p>Hi {CONTACT_NAME}!</p>\r\n<p>We just published your item ({ITEM_TITLE}) on {WEB_TITLE}.</p>\r\n<p>{START_PUBLISH_FEE}</p>\r\n<p>In order to make your ad available to anyone on {WEB_TITLE}, you should complete the process and pay the publish fee. You could do that on the following link: {PUBLISH_LINK}</p>\r\n<p>{END_PUBLISH_FEE}</p>\r\n<p>{START_PREMIUM_FEE}</p>\r\n<p>You could make your ad premium and make it to appear on top result of the searches made on {WEB_TITLE}. You could do that on the following link: {PREMIUM_LINK}</p>\r\n<p>{END_PREMIUM_FEE}</p>\r\n<p>This is an automatic email, if you already did that, please ignore this email.</p>\r\n<p>Thanks</p>'),
(30, 'ru_RU', '{WEB_TITLE} - Условия публикации объявления: {ITEM_TITLE}', '<p>Приветствуем, {CONTACT_NAME}!</p>\r\n<p>Мы только что опубликовали ваше объявление ({ITEM_TITLE}) на {WEB TITLE}.</p>\r\n<p>{START} ПУБЛИКОВАТЬ СБОР<br />Для того, чтобы сделать ваше объявление доступным для всех на {WEB_TITLE}, Вы должны завершить процесс и внести плату за публикацию. Вы можете сделать это по следующей ссылке: {LINK} ПУБЛИКОВАТЬ</p>\r\n<p>{END_PUBLISH_FEE}</p>\r\n<p>{START_PREMIUM_FEE}<br />Вы могли бы  сделать это класа БИЗНЕСС, чтобы оно было в верхних результатах поиска, на {WEB_TITLE}. Вы можете сделать это по ссылке: {PREMIUM_LINK}<br />{END_PREMIUM_FEE}</p>\r\n<p>Это автоматическое сообщение электронной почты, если вы уже сделали это, пожалуйста, игнорируйте это письмо.<br />Спасибо.</p>'),
(30, 'uk_UK', '{WEB_TITLE} - Умовы публикації оголошення: {ITEM_TITLE}', '<p>Вітаємо, {CONTACT_NAME}!</p>\r\n<p>Ми щойно опублікували вашу об''яву ({ITEM_TITLE}) на {WEB TITLE}.</p>\r\n<p>{START} ПУБЛІКУВАТИ ОБ''яву<br />Для того, щоб зробити Ваше оголошення доступним для всіх на {WEB_TITLE}, Ви повинні завершити процес і оплатити публікацію. Вы можете сделать это по следующей ссылке: {LINK} ПУБЛИКОВАТЬ</p>\r\n<p>{END_PUBLISH_FEE}</p>\r\n<p>{START_PREMIUM_FEE}<br />Ви маєте можливість зробити його класу БІЗНЕС, щоб воно було в верхніх результатах пошуку, на {WEB_TITLE}. Ви можете це зробити за посиланням: {PREMIUM_LINK}<br />{END_PREMIUM_FEE}</p>\r\n<p>Це автоматично генерований лист, якщо Ви вже зробили відповідні дії, будьласка ігноруйте цей лист.<br />Дякуємо.</p>'),
(31, 'en_US', 'How to post a free ad', '<p>To place a free ad on the website first of all select the language (Russian default, but it is possible to post an ad in accounts translated into Ukrainian and English). Then register on the site ("Sign in" button). Fill out the "REGISTER AN ACCOUNT FOR FREE", and then click "Publish listing". In the present form specify the category in which the ads will be placed (for example, "Property") and subcategory (e.g. "Apartments for sale"), enter the price of the goods or services. In “Title” field type the ad title (optimally up to 20 characters). Then describe the product or service. Limit is set to 5 000 symbols. Using the form "Pictures" add pictures or photos (up to 24). In the form "Location" fill in the area and the city where you live and the address. Fill in the fields "Name", "Mobile", "E-mail". Click "Publish item". Your ad will be posted on the website</p>\r\n<p><strong> </strong><strong><em>Note!</em></strong></p>\r\n<p>In terms of added information (5000 characters of text, 24 pictures) our website has unique opportunities. After reviewing the category <strong><a href="http://porukam.kiev.ua/index.php?page=page&amp;id=49">«Paid services»</a></strong>, you will learn how to dramatically improve the efficiency of your ads and how to duplicate it FREE in the most popular newspaper of Kiev –<strong> <a href="http://stolyca.com.ua">«Stolitsa»</a></strong>.</p>\r\n<p>We wish you to use efficiently all the advantages of our website – with easy navigation and modern messenger!</p>'),
(31, 'ru_RU', 'Как подать бесплатное объявление', '<p>Чтобы разместить на сайте бесплатное объявление, прежде всего выберите язык подачи (по умолчанию русский, однако возможно подать объявление также в аккаунтах, переведенных на украинский и английский языки). Затем зарегистрируйтесь на сайте (кнопка «Вход»). Заполните форму «Зарегистрируйте аккуаунт бесплатно», нажмите кнопку «Подать объявление». В предлагаемой форме укажите категорию, в которой будет размещено объявление (например, «Недвижимость») и подкатегорию (например, «Продажа квартир»), введите цену товара или услуги. В обязательном для заполнения поле введите с заглавной буквы заголовок объявления (оптимально – до 20 символов). Затем опишите товар или услугу. Ограничение установлено на 5 000 символах. Добавьте, с помощью формы «Фото», иллюстрации или фото (до 24). Укажите в форме «Местоположение» область и город в котором проживаете, а также адрес. В полях «имя», «мобильный телефон», «е-mail» введите соответствующие данные. Нажмите кнопку «Опубликовать». Ваше объявление будет размещено на сайте.</p>\r\n<p><strong>Обратите внимание!</strong></p>\r\n<p>По объему добавляемой информации (5 000 символов текста, 24 фото) наш сайт обладает уникальными возможностями. Ознакомившись с категорией <strong>«<a href="http://porukam.kiev.ua/index.php?page=page&amp;id=49">Платные сервисы</a>»</strong>, Вы сможете узнать, как резко повысить эффективность Вашого объявления, а также БЕСПЛАТНО продублировать его в самом  массовом издании Киева – «<a title="Перейти на сайт газеты" href="http://stolyca.com.ua"><strong>Столиц</strong>а</a>».</p>\r\n<p>Желаем Вам эффективно воспользоваться всеми преимуществами нашого сайта – с удобной навигацией и современным мессенджером!</p>');
INSERT INTO `oc_t_pages_description` (`fk_i_pages_id`, `fk_c_locale_code`, `s_title`, `s_text`) VALUES
(31, 'uk_UK', 'Як подати безкоштовне оголошення', '<p>Щоб розмістити на сайті безкоштовне оголошення, перш за все виберіть мову подачі (за замовчуванням російську, проте можливо подати оголошення також в акаунтах, перекладених українською та англійською мовами). Потім зареєструйтеся на сайті (кнопка «Вхід»). Заповніть форму «Зареєструйте акаунт безкоштовно», натисніть кнопку «Подати оголошення». У запропонованій формі вкажіть категорію, в якій буде розміщено оголошення (наприклад, «Нерухомість») і категорію (наприклад, «Продаж квартир»), введіть ціну товару або послуги. В обов''язковому для заповнення полі введіть з великої літери заголовок оголошення (оптимально – до 20 символів). Потім опишіть товар або послугу. Обмеження встановлено на 5 000 символах. Додайте, за допомогою форми «Фото», ілюстрації або світлини (до 24). Вкажіть у формі «Місцезнаходження» область і місто, в якому проживаєте, а також адресу. В полях «ім''я», «мобільний телефон», «е-mail» введіть відповідні дані. Натисніть кнопку «Опублікувати». Ваше оголошення буде розміщено на сайті.</p>\r\n<p><strong><em>Зверніть увагу!</em></strong></p>\r\n<p>За обсягом інформації, що додається (5 000 символів тексту, 24 фото), наш сайт має унікальні можливості. Ознайомившись із категорією <strong>«<a href="http://porukam.kiev.ua/index.php?page=page&amp;id=49">Платні послуги</a>»</strong>, Ви зможете дізнатися, як різко підвищити ефективність Вашого оголошення, а також БЕЗКОШТОВНО продублювати його в наймасовішому виданні Києва – газеті «<strong><a href="http://stolyca.com.ua">Столиця</a></strong>» .</p>\r\n<p>Бажаємо Вам ефективно скористатися всіма перевагами нашого сайту – зі зручною навігацією і сучасним месенджером!</p>\r\n<p> </p>'),
(35, 'en_US', '{USER_NAME} just block the user {BLOCKED_USER_NAME}', 'Hi admin,<br/><br/>{USER_NAME} just block the user {BLOCKED_USER_NAME}.<br/><br>Maybe you should review him. <a href="{ADMIN_USER_URL}">{ADMIN_USER_URL}</a> '),
(35, 'ru_RU', '{USER_NAME} just block the user {BLOCKED_USER_NAME}', 'Hi admin,<br/><br/>{USER_NAME} just block the user {BLOCKED_USER_NAME}.<br/><br>Maybe you should review him. <a href="{ADMIN_USER_URL}">{ADMIN_USER_URL}</a> '),
(35, 'uk_UK', '{USER_NAME} just block the user {BLOCKED_USER_NAME}', 'Hi admin,<br/><br/>{USER_NAME} just block the user {BLOCKED_USER_NAME}.<br/><br>Maybe you should review him. <a href="{ADMIN_USER_URL}">{ADMIN_USER_URL}</a> '),
(39, 'en_US', '{USER_NAME} just block the user {BLOCKED_USER_NAME}', 'Hi admin,<br/><br/>{USER_NAME} just block the user {BLOCKED_USER_NAME}.<br/><br>Maybe you should review him. <a href="{ADMIN_USER_URL}">{ADMIN_USER_URL}</a> '),
(39, 'ru_RU', '{USER_NAME} just block the user {BLOCKED_USER_NAME}', 'Hi admin,<br/><br/>{USER_NAME} just block the user {BLOCKED_USER_NAME}.<br/><br>Maybe you should review him. <a href="{ADMIN_USER_URL}">{ADMIN_USER_URL}</a> '),
(39, 'uk_UK', '{USER_NAME} just block the user {BLOCKED_USER_NAME}', 'Hi admin,<br/><br/>{USER_NAME} just block the user {BLOCKED_USER_NAME}.<br/><br>Maybe you should review him. <a href="{ADMIN_USER_URL}">{ADMIN_USER_URL}</a> '),
(43, 'en_US', '{USER_NAME} just block the user {BLOCKED_USER_NAME}', 'Hi admin,<br/><br/>{USER_NAME} just block the user {BLOCKED_USER_NAME}.<br/><br>Maybe you should review him. <a href="{ADMIN_USER_URL}">{ADMIN_USER_URL}</a> '),
(43, 'ru_RU', '{USER_NAME} just block the user {BLOCKED_USER_NAME}', 'Hi admin,<br/><br/>{USER_NAME} just block the user {BLOCKED_USER_NAME}.<br/><br>Maybe you should review him. <a href="{ADMIN_USER_URL}">{ADMIN_USER_URL}</a> '),
(43, 'uk_UK', '{USER_NAME} just block the user {BLOCKED_USER_NAME}', 'Hi admin,<br/><br/>{USER_NAME} just block the user {BLOCKED_USER_NAME}.<br/><br>Maybe you should review him. <a href="{ADMIN_USER_URL}">{ADMIN_USER_URL}</a> '),
(44, 'en_US', '{SENDER_NAME} has contacted you !', '<p>{SENDER_NAME} sent you a message about {ITEM_TITLE} : {THREAD_URL}</p>'),
(44, 'ru_RU', '{SENDER_NAME} прислал (-ла) Вам сообщение!', '<p>{SENDER_NAME} прислал (-ла) Вам сообщение по поводу объявления {ITEM_TITLE} : {THREAD_URL}</p>'),
(44, 'uk_UK', '{SENDER_NAME} надіслав (-ла) Вам повідомлення!', '<p>{SENDER_NAME} надіслав (-ла) Вам повідомлення з приводу оголошення {ITEM_TITLE} : {THREAD_URL}</p>'),
(45, 'en_US', 'You have unread messages !', 'You have {NB_UNREAD_MESSAGES} unread messages in you inbox : {INBOX_URL}'),
(45, 'ru_RU', 'You have unread messages !', 'You have {NB_UNREAD_MESSAGES} unread messages in you inbox : {INBOX_URL}'),
(45, 'uk_UK', 'You have unread messages !', 'You have {NB_UNREAD_MESSAGES} unread messages in you inbox : {INBOX_URL}'),
(46, 'en_US', 'RE: {SENDER_NAME} has contacted you !', '<p>{SENDER_NAME} sent you a message about {ITEM_TITLE} : {THREAD_URL}</p>'),
(46, 'ru_RU', 'RE: {SENDER_NAME} прислал (-ла) Вам сообщение!', '<p>{SENDER_NAME} прислал (-ла) Вам сообщение по поводу объявления {ITEM_TITLE} : {THREAD_URL}</p>'),
(46, 'uk_UK', 'RE: {SENDER_NAME} надіслав (-ла) Вам повідомлення!', '<p>{SENDER_NAME} надіслав (-ла) Вам повідомлення з приводу оголошення {ITEM_TITLE} : {THREAD_URL}</p>'),
(47, 'en_US', '{USER_NAME} just block the user {BLOCKED_USER_NAME}', 'Hi admin,<br/><br/>{USER_NAME} just block the user {BLOCKED_USER_NAME}.<br/><br>Maybe you should review him. <a href="{ADMIN_USER_URL}">{ADMIN_USER_URL}</a> '),
(47, 'ru_RU', '{USER_NAME} just block the user {BLOCKED_USER_NAME}', 'Hi admin,<br/><br/>{USER_NAME} just block the user {BLOCKED_USER_NAME}.<br/><br>Maybe you should review him. <a href="{ADMIN_USER_URL}">{ADMIN_USER_URL}</a> '),
(47, 'uk_UK', '{USER_NAME} just block the user {BLOCKED_USER_NAME}', 'Hi admin,<br/><br/>{USER_NAME} just block the user {BLOCKED_USER_NAME}.<br/><br>Maybe you should review him. <a href="{ADMIN_USER_URL}">{ADMIN_USER_URL}</a> '),
(48, 'en_US', 'Terms of use', ''),
(48, 'ru_RU', 'Условия использования сайта', '<p> Этот документ является публичным предложением, адресованным любому лицу, заключить публичный договор на условиях, изложенных в этой публичной оферте.</p>\r\n<ol>\r\n<li><strong> ОПРЕДЕЛЕНИЕ ПОНЯТИЙ</strong></li>\r\n</ol>\r\n<p>1.1. Все понятия, применяемые в настоящих Условиях использования сайта, если иное не предусмотрено действующим законодательством Украины или обычаями делового оборота, используются в следующем значении:</p>\r\n<p><strong>Условия использования сайта</strong> – публичный договор, в понимании статьи 633 Гражданского кодекса Украины, который размещен Исполнителем в сети интернет по ссылке: <a href="http://porukam.kiev.ua/index.php?page=page&amp;id=48">http://porukam.kiev.ua/index.php?page=page&amp;id=48</a> (далее – Договор)</p>\r\n<p><strong>Публичная оферта</strong> – предложение Исполнителя, адресованное любому лицу, в соответствии со статьей 641 Гражданского кодекса Украины, заключить с ним договор на условиях, содержащихся в этом документе.</p>\r\n<p><strong>Акцепт</strong> – предоставление Пользователем полного и безусловного ответа Исполнителю на его предложение заключить Договор на условиях, определенных настоящим документом, путем проставления отметки напротив соответствующего пункта при регистрации на сайте и (или) использования сайта без осуществления регистрации;</p>\r\n<p><strong>Исполнитель</strong> – физическое лицо-предприниматель Вишневский Юрий Анатольевич;</p>\r\n<p><strong>Пользователь</strong> – дееспособное физическое и (или) юридическое лицо, которое согласилось с условиями, изложенными в публичной оферте, зарегистрировалось на сайте и заключило с Исполнителем Договор;</p>\r\n<p><strong>Сайт </strong>– совокупность аппаратных и программных средств Исполнителя, используемых для размещения Пользователями объявлений в сети интернет, а также для обмена информацией между Пользователями, на условиях, определенных настоящим Договором;</p>\r\n<p><strong>Аккаунт (Учетная запись пользователя)</strong> – веб-страница, зарегистрированная Пользователем на сайте, на которой отображается информация о пользователе, с помощью которой Пользователь может размещать объявления от своего имени;</p>\r\n<p><strong>Услуги</strong> – любая операция, связанная с предоставлением пользователю определенного, обусловленного договором, блага (в частности, нематериального) бесплатно;</p>\r\n<p><strong>Платные услуги</strong> – операция, указанная в пункте 5.1 настоящего Договора, связанная с предоставлением пользователю определенного, обусловленного договором, блага (в частности, нематериального), за которую Исполнителем взимается плата;</p>\r\n<p><strong>Плата</strong> – сумма средств, которая подлежит уплате Пользователем за предоставление Исполнителем платных услуг, в порядке и размере, определенными Договором;</p>\r\n<p><strong>Объявления </strong>– текст и (или) визуализированные графические изображения (в частности, фото, видео), которые размещаются Пользователем на сайте Исполнителя.</p>\r\n<p>1.2. Другие понятия употребляются в Договоре в значении, которое предоставлено им действующим законодательством Украины или является общепринятым.</p>\r\n<ol start="2">\r\n<li><strong> О</strong><strong>БЩИЕ ПОЛОЖЕНИЯ</strong></li>\r\n</ol>\r\n<p>2.1. Исполнитель в соответствии с  настоящим Договором предоставляет Пользователю услуги по регистрации на сайте, созданию аккаунта, размещению объявлений, обмену информацией между Пользователями, а также связанными с ними услугами.</p>\r\n<p>2.2. Если лицо полностью или частично не согласно с этим Договором, Исполнитель просит его оставить сайт. Лицо, не согласное с условиями, изложенными в настоящем Договоре, не имеет права получать услуги, предоставляемые Исполнителем.</p>\r\n<p>2.3. Если Пользователь воспользовался по крайней мере одной услугой Исполнителя, это означает, что Пользователь ознакомлен с текстом настоящего Договора, понимает его, а также полностью и безусловно соглашается с ним.</p>\r\n<p>2.4. Исполнитель не участвует в заключении договоров непосредственно между Пользователями.</p>\r\n<ol start="3">\r\n<li><strong>ПОРЯДОК РЕГИСТРАЦИИ ПОЛЬЗОВАТЕЛЕЙ</strong></li>\r\n</ol>\r\n<p>3.1. Пользователь обязан указывать свое настоящее имя, адрес электронной почты и номер телефона.</p>\r\n<p>3.2. Во время регистрации запрещается:</p>\r\n<p>3.2.1. указывать ложную информацию о лице;</p>\r\n<p>3.2.2. создавать Аккаунт от имени другого лица;</p>\r\n<p>3.2.3. создавать более одного личного аккаунта.</p>\r\n<p>3.3. Пользователь имеет право самостоятельно выбрать пароль, который в дальнейшем будет использоваться для входа в Аккаунт.</p>\r\n<p>3.4. Пользователь обязан принять все, зависящие от него меры, направленные на сохранение пароля от третьих лиц.</p>\r\n<p>3.5. Пользователь самостоятельно несет риски, связанные с невыполнением пункта 3.4 настоящего Договора. Исполнитель не несет ответственности за негативные последствия, связанные с разглашением Пользователем пароля третьим лицам.</p>\r\n<p>3.6. Пользователь обязан подтвердить подлинность адреса электронной почты, перейдя по ссылке, содержащейся в письме, направленном в адрес электронной почты, указанный им при регистрации.</p>\r\n<p>3.7. Пользователю запрещается передавать информацию, необходимую для осуществления входа в Аккаунт (адрес электронной почты, указанный при регистрации, и пароль) третьим лицам.</p>\r\n<ol start="4">\r\n<li><strong>ПОРЯДОК РАЗМЕЩЕНИЯ ОБЪЯВЛЕНИЙ</strong></li>\r\n</ol>\r\n<p>4.1. Размещать объявления на сайте имеют право только Участники, совершившие регистрацию на сайте в порядке, предусмотренном разделом 3 настоящего Договора.</p>\r\n<p>4.2. Размещая объявление на сайте, Пользователи обязаны указывать точную и достоверную информацию о товарах, работах, услугах, которые они предлагают.</p>\r\n<p>4.3. Запрещается размещать объявления, которые являются предложением заключить договор (являются рекламой) относительно:</p>\r\n<p>4.3.1. товаров, производство, обращение или ввоз на таможенную территорию Украины которых запрещено действующим законодательством Украины;</p>\r\n<p>4.3.2. товаров, изъятых из гражданского оборота;</p>\r\n<p>4.3.3. товаров, подлежащих обязательной сертификации, или товаров, производство или реализация которых требует наличия специального разрешения, лицензии (в случае отсутствия соответствующего сертификата – разрешения, лицензии);</p>\r\n<p>4.3.4. оружия, боеприпасов, боевой и специальной военной техники, ракетно-космических комплексов, противоградовых установок;</p>\r\n<p>4.3.5. взрывчатых веществ и средств взрывания;</p>\r\n<p>4.3.6. наркотических, психотропных веществ, их аналогов и прекурсоров, сильнодействующих ядовитых лекарственных средств, а также лекарственных средств, ветеринарных препаратов, биологически активных добавок;</p>\r\n<p>4.3.7. специальных средств негласного получения информации, в том числе средств для негласного получения и регистрации аудиоинформации, визуального наблюдения и документирования, прослушивания телефонных переговоров, перехвата и регистрации информации с технических каналов связи, контроля почтовых сообщений и отправлений, обследования предметов и документов, проникновения в помещение, транспортные средства, другие объекты и их обследование, контроль за перемещением транспортных средств и других объектов, получение (изменение, уничтожение) информации с технических средств ее хранения, обработки и передачи;</p>\r\n<p>4.3.8. продажи и (или) донорства человеческих органов, крови, услуг суррогатного материнства, донорства спермы и тому подобного;</p>\r\n<p>4.3.9. торговли людьми;</p>\r\n<p>4.3.10. алкогольных напитков и табачных изделий;</p>\r\n<p>4.3.11. услуг интимного и сексуального характера (в частности, проституции);</p>\r\n<p>4.3.12. услуг по гаданию, приворотам, исцелениям (в том числе массовым), а также продажи предметов необходимых для осуществления гадания;</p>\r\n<p>4.3.13. товаров, ввозимых на территорию Украины с нарушением норм таможенного законодательства, а также имущества, добытого преступным путем;</p>\r\n<p>4.3.14. услуг по привлечению средств населения (в частности, финансовых и банковских услуг);</p>\r\n<p>4.3.15. участия в азартных играх (в частности в казино, букмекерских конторах, игре в тотализатор, в том числе онлайн) и лотереях;</p>\r\n<p>4.3.16. товаров порнографического характера;</p>\r\n<p>4.3.17. интимных встреч без вознаграждения и (или) за вознаграждение, а также девиантных форм интимных отношений;</p>\r\n<p>4.3.18. товаров, использующих символику коммунистического тоталитарного режима, символику национал-социалистического (нацистского) тоталитарного режима;</p>\r\n<p>4.3.19. других товаров и услуг рекламы, продажи, аренды и других юридически значимых действий, которые запрещены действующим законодательством Украины.</p>\r\n<p>4.4. В объявлениях запрещается указывать информацию, в том числе добавлять фото, видеоматериалы, которые:</p>\r\n<p>4.4.1. содержат утверждение, являющееся дискриминационным по признакам происхождения человека, его социального и имущественного положения, расовой и национальной принадлежности, пола, образования, политических взглядов, отношения к религии, по языковым признакам, роду и характеру занятий, месту жительства, а также те, которые дискредитируют товары других лиц;</p>\r\n<p>4.4.2. подают сведения или призывают к действиям, которые могут повлечь нарушение законодательства, наносят или могут нанести вред здоровью или жизни людей и/или окружающей среде, а также побуждают к пренебрежению средствами безопасности;</p>\r\n<p>4.4.3. используют средства и технологии, которые действуют на подсознание других лиц;</p>\r\n<p>4.4.4. используют или имитируют изображения государственной символики Украины (Государственного Герба Украины, Государственного Флага Украины) государственных символов других государств и международных организаций, а также официальные названия государственных органов, органов местного самоуправления, кроме случаев, предусмотренных законами Украины в сфере интеллектуальной собственности;</p>\r\n<p>4.4.5. содержат изображение физического лица или используют его имя без письменного согласия этого лица;</p>\r\n<p>4.4.6. пропагандируют войну, национальную и религиозную вражду, изменение путем насилия конституционного строя или территориальной целостности Украины;</p>\r\n<p>4.4.7. пропагандируют фашизм и неофашизм;</p>\r\n<p>4.4.8. унижают или оскорбляют нацию или личность по национальному признаку;</p>\r\n<p>4.4.9. пропагандируют изуверство, кощунство, неуважение к национальным и религиозным святыням;</p>\r\n<p>4.4.10. унижают личность, является проявлением издевательства над физическими недостатками (увечьями), над душевнобольными, пожилыми людьми;</p>\r\n<p>4.4.11. пропагандируют невежество, неуважение к родителям (согласно Закону Украины «О защите общественной морали»);</p>\r\n<p>4.4.12. пропагандируют наркоманию, токсикоманию, алкоголизм, табакокурение и другие вредные привычки;</p>\r\n<p>4.4.13. пропагандируют насилие, культ насилия;</p>\r\n<p>4.4.14. содержат материалы порнографического характера;</p>\r\n<p>4.4.15. пропагандируют коммунистический и национал-социалистический (нацистский) тоталитарный режим;</p>\r\n<p>4.4.16. нарушают права интеллектуальной собственности третьих лиц;</p>\r\n<p>4.4.17. содержат другую информацию, оборот которой ограничен в соответствии с действующим законодательством Украины.</p>\r\n<p>4.5. Пользователю, размещающему объявления о вакансиях (приеме на работу), запрещается указывать ограничения по возрасту кандидатов, предлагать работу или отдавать предпочтение лицам определенного пола (за исключением случаев, определенных законодательством, и специфической работы, которая может выполняться исключительно лицами определенного пола), представителям определенной расы, цвета кожи, по политическим, религиозным и другим убеждениям, членству в профессиональных союзах или других объединениях граждан, этническому и социальному происхождению, имущественному состоянию, местожительству, по языковым или другим признакам, а также требовать от лиц, которые трудоустраиваются, предоставления сведений о личной жизни.</p>\r\n<p>Пользователю, который предоставляет услуги по посредничеству в трудоустройстве в Украине, запрещается размещать объявления, в которых требуется от лиц, ищущих работу, вносить плату за такие услуги.</p>\r\n<p>Исполнитель оставляет за собой право удалять (делать доступными для просмотра другими пользователями) объявления Пользователей, которые не соответствуют требованиям, определенным этим пунктом Договора.</p>\r\n<p>4.6. Пользователь, который размещает объявление, гарантирует, что товар, в отношении которого он предлагает заключить договор, отвечает требованиям к качеству, установленным действующим законодательством для определенного товара. Исполнитель оставляет за собой право, в случае возникновения сомнений, истребовать у пользователя документацию, подтверждающую соответствие данного товара требованиям действующего законодательства, а также документацию, подтверждающую право пользователя осуществлять определенный вид хозяйственной деятельности (в случае, если такая деятельность подлежит лицензированию, стандартизации, сертификации в соответствии с действующим законодательством).</p>\r\n<p>4.7. Пользователь, который размещает объявление, обязан подробно описать товар (услугу) на украинском и (или) русском, и (или) на английском языке.</p>\r\n<p>4.8. Пользователю запрещается:</p>\r\n<p>4.8.1. размещать более одного сообщения об одном и том же товаре (услугe);</p>\r\n<p>4.8.2. размещать объявления о предоставлении услуг, продажe, арендe и других юридически значимых действиях в отношении товара (имущества) третьих лиц;</p>\r\n<p>4.8.3. указывать в объявлении неверную, некорректную и такую, которая не соответствует действительности, информацию о товарах и услугах, в том числе указывать цену, которая не соответствует действительности;</p>\r\n<p>4.8.4. добавлять к объявлению фото, которые не соответствуют описанию товара и (или) услуги;</p>\r\n<p>4.8.5. размещать одновременно более 100 (ста) объявлений на сайте, которые являются активными, для просмотра другими пользователями, независимо от категорий (подкатегорий).</p>\r\n<p>4.9. Исполнитель имеет право по своему усмотрению отключить (сделать недоступным для просмотра другими пользователями) объявление пользователя в случае, если Пользователь нарушил условия Договора и (или) действующее законодательство Украины.</p>\r\n<p>4.10. Объявления отображаются на Сайте в хронологической последовательности их размещения, то есть сверху веб-страницы отображаются объявления, размещенные любым пользователем позже по времени, кроме случаев, предусмотренных пунктом 5.3. настоящего Договора.</p>\r\n<p>4.11. Размещенные Пользователем объявления являются активными, то есть доступными для просмотра другими пользователями в течение 30 дней. По истечении срока, указанного в этом пункте объявления, размещенные Пользователем объявления деактивируются, то есть становятся недоступными для просмотра другим пользователям.</p>\r\n<ol start="5">\r\n<li><strong>ПЛАТНЫЕ УСЛУГИ</strong></li>\r\n</ol>\r\n<p>5.1. Исполнитель может оказывать такие платные услуги:</p>\r\n<p>5.1.1. услуга «ЭксПРЕСС»;</p>\r\n<p>5.1.2. услуга «Поднять в ТОП»;</p>\r\n<p>5.1.3. услуга «Выделить ЦВЕТОМ».</p>\r\n<p>5.2. Услуга «ЭксПРЕСС» предусматривает размещение информации об объявлении пользователя на главной веб-странице сайта и дублирование объявления в следующем ближайшем со дня оплаты этой услуги выпуске газеты «Столица. Здоровье и спорт»  (Свидетельство серии КВ № 21676-1576Р) и (или) газеты« Столица. Жизнь города» (Свидетельство серии КВ № 21677-1577Р).</p>\r\n<p>Объем объявление, которое бесплатно публикуется в газете «Столица. Здоровье и спорт» или «Столица. Жизнь города», не должен превышать 250 знаков с пробелами, а заголовок – 30 знаков. С объявлением может быть опубликовано одно фото размером 18х18 мм. Фото, которое не соответствует формату, определенному настоящим пунктом, может быть пропорционально изменено.</p>\r\n<p>Объявления, не соответствующие требованиям, определенным этим пунктом, и (или) противоречат положениям настоящего Договора, не публикуются.</p>\r\n<p>5.3. Услуга «Поднять в ТОП» предусматривает размещение информации об объявлении пользователя в начале списка объявлений, размещенного на веб-странице сайта соответствующей категории и (или) по результатам поиска.</p>\r\n<p>5.4. Услуга «Выделить ЦВЕТОМ» предусматривает визуальное выделение объявления пользователя определенным цветом, выбранным Исполнителем.</p>\r\n<p>5.5. Платные услуги, а именно «Выделить ЦВЕТОМ», «Поднять в ТОП» и «ЭксПРЕСС» (в части размещения информации об объявлении пользователя на главной веб-странице Сайта) предоставляются в течение семи календарных дней.</p>\r\n<p>Семидневный срок начинается с момента оплаты услуги и истекает в момент, соответствующий часу оплаты этой услуги, в последний день срока.</p>\r\n<p>5.6. Услуги по регистрации и созданию учетной записи пользователя, а также размещения, редактирования и удаления объявления на странице сайта, предоставляются бесплатно.</p>\r\n<p>5.7. Платные услуги, указанные в пункте 5.1 настоящего Договора, предоставляются за плату, размер которой устанавливается Исполнителем и публикуется в разделе «Платные сервисы» по ссылке<u>:<a href=" http://porukam.kiev.ua/index.php?page=page&amp;id=49."> http://porukam.kiev.ua/index.php?page=page&amp;id=49.</a></u></p>\r\n<p>5.8. Услуга по предоставлению объявлению статуса «ЭксПРЕСС» дополнительно предусматривает бесплатное опубликование текста объявления в газете «Столица. Здоровье и спорт» (Свидетельство серии КВ № 21676-1576Р) и (или) газете «Столица. Жизнь города» (Свидетельство серии КВ № 21677-1577Р), в порядке, предусмотренном пунктом 5.2 настоящего Договора.</p>\r\n<p>5.9. Оплата Платных услуг осуществляется в безналичной форме по выбору пользователя с помощью платежной карты VISA/MasterCard или иного доступного способа.</p>\r\n<p>5.10. Исполнитель не взимает с пользователя комиссию за осуществление расчетов, связанных с оплатой Платных услуг. Комиссия может взиматься банками или платежными системами, с помощью которых осуществляются расчеты.</p>\r\n<p>5.11. Комиссия, которая взимается банками или платежными системами, уплачивается Пользователем.</p>\r\n<p>5.12. Исполнитель не несет ответственность за качество работы финансовых партнеров.</p>\r\n<p>5.13. Исполнитель не несет ответственность за правильность данных, введенных пользователем с целью оплаты Платных услуг.</p>\r\n<ol start="6">\r\n<li><strong>ПРАВА И ОБЯЗАННОСТИ СТОРОН</strong></li>\r\n</ol>\r\n<p><u>6.1. Исполнитель имеет право:</u></p>\r\n<p>6.1.1. вносить изменения в текст объявлений пользователя (в том числе с целью исправления орфографических ошибок);</p>\r\n<p>6.1.2. перемещать объявления пользователя в другую категорию (подкатегорию), если выбрана категория (подкатегория) не соответствует содержанию объявления;</p>\r\n<p>6.1.3. удалять объявления пользователя в случае, если они не соответствуют положениям настоящего Договора и (или) действующему законодательству Украины;</p>\r\n<p>6.1.4. заблокировать Аккаунт (сделать его недоступным для просмотра другими Пользователями) в случае, если Пользователь нарушает положения настоящего Договора и (или) нормы действующего законодательства Украины (в частности, размещает объявления, содержащие ложную информацию, совершает мошеннические действия и т.д.);</p>\r\n<p>6.1.5. устанавливать ограничения по количеству объявлений, которые могут размещаться одним пользователем в одной категории и (или) одной подкатегории, и (или) на Сайте в целом;</p>\r\n<p>6.1.6. в любой момент потребовать от пользователя копии подтверждающих документов, в случае возникновения у Исполнителя обоснованных сомнений в наличии у пользователя права на размещение определенного объявления.</p>\r\n<p><u>6.2. Пользователь имеет право:</u></p>\r\n<p>6.2.1. использовать Сайт Исполнителя с целью размещения объявлений, просмотра объявлений, размещенных другими пользователями, а также для обмена информацией с другими пользователями;</p>\r\n<p>6.2.2. редактировать собственные объявления и (или) удалять их,</p>\r\n<p>6.2.3. выбрать по своему усмотрению любую дополнительную платную услугу, указанную в пункте 5.1 настоящего Договора;</p>\r\n<p>6.2.4. подать жалобу, обратиться за разъяснениями, предоставлением информации с помощью формы обратной связи, размещенной на сайте Исполнителя по ссылке: <a href="http://porukam.kiev.ua/index.php?page=contact">http://porukam.kiev.ua/index.php?page=contact</a><u>.</u></p>\r\n<p><u>6.3. Пользователь обязан:</u></p>\r\n<p>6.3.1. не совершать действий, направленных на несанкционированное вмешательство в работу Сайта;</p>\r\n<p>6.3.2. не совершать действий, которые могут повлечь непропорционально большую нагрузку на Сайт;</p>\r\n<p>6.3.3. не препятствовать любыми действиями нормальной работе Сайта;</p>\r\n<p>6.3.4. не совершать действий, которые могут изменить и (или) сделать недоступными для просмотра объявления других пользователей.</p>\r\n<ol start="7">\r\n<li><strong>ОТВЕТСТВЕННОСТЬ СТОРОН. ОГРАНИЧЕНИЕ ОТВЕТСТВЕННОСТИ</strong></li>\r\n</ol>\r\n<p>7.1. Соглашаясь с условиями, изложенными в этом документе, Пользователь понимает и принимает все риски, связанные и такие, которые вытекают из этой сделки.</p>\r\n<p>7.2. Исполнитель не несет ответственности за информацию, содержащуюся в объявлениях, размещенных Пользователями на Сайте.</p>\r\n<p>7.3. Исполнитель не несет ответственности за действия (бездействие) пользователя перед другими пользователями.</p>\r\n<p>7.4. Исполнитель не несет ответственности за ущерб, упущенную выгоду и ущерб, нанесенный одним пользователем другому пользователю в процессе заключения и исполнения договора между ними.</p>\r\n<p>7.5. Пользователь обязуется самостоятельно разрешать конфликты и споры, возникающие между ним и другими Пользователями без привлечения Исполнителя.</p>\r\n<p>7.6. Исполнитель не несет ответственности за качество, укомплектованность и безопасность товаров и услуг, поставляемых Пользователями.</p>\r\n<p>7.7. Пользователь имеет право сообщить Исполнителю о нарушении его права, с помощью формы обратной связи, размещенной на сайте Исполнителя по ссылке: <u>http://porukam.kiev.ua/index.php?page=contact.</u></p>\r\n<p>7.8. Исполнитель не несет ответственности за технические неполадки в работе сайта.</p>\r\n<p>7.9. Стороны освобождаются от ответственности, если нарушение произошло из-за наступления хотя бы одного обстоятельства, перечень которых определен в части 2 статьи 14-1 Закона Украины «О торгово-промышленных палатах в Украине» (форс-мажорного обстоятельства).</p>\r\n<ol start="8">\r\n<li><strong>ДРУГИЕ УСЛОВИЯ</strong></li>\r\n</ol>\r\n<p>8.1. Настоящий Договор вступает в силу с момента, когда Пользователь начинает использовать Сайт и (или) осуществляет регистрацию и акцептует публичную оферту путем проставления отметки напротив соответствующего пункта при регистрации на сайте и действует бессрочно (до полного его исполнения сторонами).</p>\r\n<p>8.2. Исполнитель имеет право вносить изменения в настоящий Договор в любое время в одностороннем порядке без предварительного уведомления пользователя.</p>\r\n<p>В случае, если Пользователь не согласен с изменениями, внесенными в настоящий Договор, он обязан немедленно прекратить использование Сайта. Если Пользователь продолжает использовать Сайт после внесения изменений в настоящий Договор, считается, что он полностью и безусловно согласился с изменениями, внесенными Исполнителем к настоящему Договору.</p>\r\n<p>8.3. К правоотношениям, возникающим из настоящего Договора, применяются положения действующего законодательства Украины, без введения в действие коллизионных норм.</p>\r\n<p>8.4. В случае возникновения споров между Сторонами, они решают их путем переговоров. В случае, если спор не удалось урегулировать путем переговоров, Стороны передают его на решение соответствующем суда Украины с соблюдением норм действующего процессуального законодательства Украины.</p>\r\n<p><strong>N.B.</strong></p>\r\n<p><a href="http://porukam.kiev.ua/index.php?page=page&amp;id=53">Политика конфиденциальности</a> была составлена на украинском языке (Украина). Если какой-либо перевод Политики конфиденциальности  вступает в противоречие с его украинской версией, то приоритетное значение сохраняется за версией на украинском языке.</p>');
INSERT INTO `oc_t_pages_description` (`fk_i_pages_id`, `fk_c_locale_code`, `s_title`, `s_text`) VALUES
(48, 'uk_UK', 'Умови використання сайту', '<p>Цей документ є публічною пропозицією, адресованою будь-якій особі, укласти публічний договір на умовах, викладених у цій публічній оферті. </p>\r\n<ol>\r\n<li><strong>ВИЗНАЧЕННЯ ПОНЯТЬ</strong></li>\r\n</ol>\r\n<p style="padding-left: 30px;">1.1. Усі поняття, які вживаються в цих Умовах використання сайту, якщо інше не передбачено чинним законодавством України або звичаями ділового обороту, використовуються в такому значенні:</p>\r\n<p><strong>Умови використання сайту</strong> – публічний договір, в розумінні статті 633 Цивільного кодексу України, що розміщений Виконавцем у мережі інтернет за посиланням: <a href="http://porukam.kiev.ua/index.php?page=page&amp;id=48">http://porukam.kiev.ua/index.php?page=page&amp;id=48</a> (надалі – Договір);</p>\r\n<p><strong>Публічна оферта</strong> – пропозиція Виконавця, адресована будь-якій особі, відповідно до статті 641 Цивільного кодексу України, укласти з ним договір на умовах, що містяться в цьому документі.</p>\r\n<p><strong>Акцепт</strong> – надання Користувачем повної і безумовної відповіді Виконавцю на його пропозицію укласти Договір на умовах, визначених цим документом, шляхом проставлення відмітки (позначки) напроти відповідного пункту під час реєстрації на сайті та (або) використання Сайту без здійснення реєстрації;</p>\r\n<p><strong>Виконавець</strong> – фізична особа-підприємець Вишневський Юрій Анатолійович;</p>\r\n<p><strong>Користувач</strong> – дієздатна фізична та (або) юридична особа, яка погодилася з умовами, викладеними у публічній оферті, зареєструвалась на сайті та уклала з Виконавцем Договір;</p>\r\n<p><strong>Сайт</strong> – сукупність апаратних і програмних засобів Виконавця, що використовується для розміщення Користувачами оголошень в мережі інтернет, а також для обміну інформацією між Користувачами, на умовах визначених цим Договором;</p>\r\n<p><strong>Акаунт (Обліковий запис користувача)</strong> – веб-сторінка, зареєстрована Користувачем на сайті, на якій відображається інформація про Користувача, за допомогою якої Користувач може розміщувати оголошення від свого імені;</p>\r\n<p><strong>Послуги</strong> – будь-яка операція, пов’язана із наданням Користувачу певного, визначеного Договором, блага (зокрема, нематеріального) безоплатно;</p>\r\n<p><strong>Платні послуги</strong> – операція, зазначена у пункті 5.1 цього Договору, пов’язана із наданням Користувачу певного, визначеного Договором, блага (зокрема, нематеріального), за яку Виконавцем справляється плата;</p>\r\n<p><strong>Плата</strong> – сума коштів, яка підлягає сплаті Користувачем за надання Виконавцем платних послуг, в порядку та розмірі, визначених Договором;</p>\r\n<p><strong>Оголошення </strong>– текст та (або) візуалізовані графічні зображення (зокрема, фото, відео), які розміщуються Користувачем на сайті Виконавця;</p>\r\n<p>Інші поняття вживаються у Договорі в значенні, яке надане їм чинним законодавством України або є загальноприйнятим. </p>\r\n<p><strong>2. ЗАГАЛЬНІ ПОЛОЖЕННЯ</strong></p>\r\n<p>2.1. Виконавець за цим Договором надає Користувачу послуги щодо реєстрації на сайті, створення акаунту, розміщення оголошень, обміну інформацією між Користувачами, а також пов’язані з ними послуги.</p>\r\n<p>2.2. Якщо особа повністю або частково не погоджується з цим Договором, Виконавець просить її залишити сайт. Особа, яка не погоджується з умовами, викладеними в цьому Договорі не має права отримувати послуги, які надаються Виконавцем.</p>\r\n<p>2.3. Якщо Користувач використовує принаймні одну послугу Виконавця це означає, що Користувач ознайомлений з текстом цього Договору, розуміє його, а також повністю та безумовно погоджується з ним.</p>\r\n<p>2.4. Виконавець не бере участі в укладенні договорів безпосередньо між Користувачами. </p>\r\n<p><strong>3. ПОРЯДОК РЕЄСТРАЦІЇ КОРИСТУВАЧІВ</strong></p>\r\n<p>3.1 Користувач зобов’язаний вказувати своє справжнє ім’я, адресу електронної пошти та номер телефону.</p>\r\n<p>3.2. Під час реєстрації забороняється:</p>\r\n<p>3.2.1. вказувати неправдиву інформацію про особу;</p>\r\n<p>3.2.2. створювати Акаунт від імені іншої особи;</p>\r\n<p>3.2.3. створювати більше одного особистого Акаунта.</p>\r\n<p>3.3. Користувач має право самостійно обрати пароль, який в подальшому буде використовуватися для входу в Акаунт.</p>\r\n<p>3.4. Користувач зобов’язаний вжити всіх, залежних від нього заходів, задля збереження паролю від третіх осіб.</p>\r\n<p>3.5. Користувач самостійно несе ризики, пов’язані із невиконанням пункту 3.4 цього Договору. Виконавець не несе відповідальності за негативні наслідки, пов’язані із розголошенням Користувачем паролю третім особам.</p>\r\n<p>3.6. Користувач зобов’язаний підтвердити справжність адреси електронної пошти, перейшовши за посиланням, яке міститься в листі, надісланому на адресу електронної пошти, вказаної ним під час реєстрації.</p>\r\n<p>3.7. Користувачу забороняється передавати інформацію, необхідну для здійснення входу в Акаунт (адресу електронної пошти, вказану під час реєстрації, та пароль) третім особам.</p>\r\n<p><strong>4. ПОРЯДОК РОЗМІЩЕННЯ ОГОЛОШЕНЬ</strong></p>\r\n<p>4.1. Розміщувати оголошення на сайті мають право тільки Користувачі, які здійснили реєстрацію на сайті у порядку, передбаченому розділом 3 цього Договору.</p>\r\n<p>4.2. Розміщуючи оголошення на сайті Користувачі зобов’язані вказувати точну та достовірну інформацію про товари, роботи, послуги, які вони пропонують.</p>\r\n<p>4.3. Забороняється розміщувати оголошення, які є пропозицією укласти договір (є рекламою) щодо:</p>\r\n<p>4.3.1. товарів, виробництво, обіг чи ввезення на митну територію України яких заборонено чинним законодавством України;</p>\r\n<p>4.3.2. товарів, вилучених з цивільного обороту;</p>\r\n<p>4.3.3. товарів, які підлягають обов''язковій сертифікації або виробництво чи реалізація яких вимагає наявності спеціального дозволу, ліцензії, у разі відсутності відповідного сертифіката, дозволу, ліцензії;</p>\r\n<p>4.3.4. зброї, боєприпасів, бойової та спеціальної військової техніки, ракетно-космічних комплексів, протиградових установок;</p>\r\n<p>4.3.5. вибухових речовин та засобів вибуху;</p>\r\n<p>4.3.6. наркотичних, психотропних речовин, їх аналогів та прекурсорів, сильнодіючих отруйних лікарських засобів, а також лікарських засобів, ветеринарних препаратів, біологічно активних добавок;</p>\r\n<p>4.3.7. спеціальних засобів негласного отримання інформації, зокрема засобів для негласного отримання та реєстрації аудіоінформації, візуального спостереження та документування, прослуховування телефонних переговорів, перехоплення та реєстрації інформації з технічних каналів зв''язку, контролю поштових повідомлень і відправлень, обстеження предметів і документів, проникнення у приміщення, транспортні засоби, інші об''єкти та їх обстеження, контролю за переміщенням транспортних засобів та інших об''єктів, отримання (зміни, знищення) інформації з технічних засобів її зберігання, обробки та передачі;</p>\r\n<p>4.3.8. продажу та (або) донорства людських органів, крові, послуг сурогатного материнства, донорства сперми тощо;</p>\r\n<p>4.3.9. торгівлі людьми;</p>\r\n<p>4.3.10. алкогольних напоїв та тютюнових виробів;</p>\r\n<p>4.3.11. послуг інтимного та сексуального характеру (зокрема, проституції);</p>\r\n<p>4.3.12. послуг з ворожіння та гадання, приворотів, зцілень (в тому числі масових зцілень), а також продажу предметів необхідних для здійснення ворожіння та гадання;</p>\r\n<p>4.3.13. товарів, ввезених на територію України з порушенням норм митного законодавства, а також майна, здобутого злочинним шляхом;</p>\r\n<p>4.3.14. послуг із залучення коштів населення (зокрема, фінансових та банківських послуг);</p>\r\n<p>4.3.15. участі в азартних іграх (зокрема, казино, букмекерських конторах, ігри в тоталізатор, в тому числі онлайн) та лотереях;</p>\r\n<p>4.3.16. товарів порнографічного характеру;</p>\r\n<p>4.3.17. інтимних зустрічей без винагороди та (або) за винагороду, а також девіантних форм інтимних стосунків;</p>\r\n<p>4.3.18. товари, які використовують символіку комуністичного тоталітарного режиму, символіку націонал-соціалістичного (нацистського) тоталітарного режиму;</p>\r\n<p>4.3.19. інших товарів та послуг рекламування, продажу, оренди та інших, юридично значущих дій, які заборонені чинним законодавством України.</p>\r\n<p>4.4. В оголошеннях забороняється вказувати інформацію, в тому числі додавати фото-, відеоматеріали, які:</p>\r\n<p>4.4.1. вміщують твердження, що є дискримінаційними за ознаками походження людини, її соціального і майнового стану, расової та національної належності, статі, освіти, політичних поглядів, ставлення до релігії, за мовними ознаками, родом і характером занять, місцем проживання, а також такі, що дискредитують товари інших осіб;</p>\r\n<p>4.4.2. подають відомості або закликають до дій, які можуть спричинити порушення законодавства, завдають чи можуть завдати шкоди здоров''ю або життю людей та/чи довкіллю, а також спонукають до нехтування засобами безпеки;</p>\r\n<p>4.4.3. використовують засоби і технології, які діють на підсвідомість інших осіб;</p>\r\n<p>4.4.4. використовують або імітують зображення державної символіки України (Державного Герба України, Державного Прапора України) державних символів інших держав та міжнародних організацій, а також офіційні назви державних органів, органів місцевого самоврядування, крім випадків, передбачених законами України у сфері інтелектуальної власності;</p>\r\n<p>4.4.5. вміщують зображення фізичної особи або використовувати її ім''я без письмової згоди цієї особи;</p>\r\n<p>4.4.6. пропагують війну, національну та релігійну ворожнечу, зміну шляхом насильства конституційного ладу або територіальної цілісності України;</p>\r\n<p>4.4.7. пропагують фашизм та неофашизм;</p>\r\n<p>4.4.8. принижують або ображають націю чи особистість за національною ознакою;</p>\r\n<p>4.4.9. пропагують бузувірство, блюзнірство, неповагу до національних і релігійних святинь;</p>\r\n<p>4.4.10. принижують особистість, є проявом знущання з приводу фізичних вад (каліцтва), з душевнохворих, літніх людей;</p>\r\n<p>4.4.11. пропагують невігластво, неповагу до батьків (відповідно до Закону України «Про захист суспільної моралі»);</p>\r\n<p>4.4.12. пропагують наркоманію, токсикоманію, алкоголізм, тютюнопаління та інші шкідливі звички;</p>\r\n<p>4.4.13. пропагують насильство, культ насильства;</p>\r\n<p>4.4.14. вміщують матеріали порнографічного характеру;</p>\r\n<p>4.4.15. пропагують комуністичний та націонал-соціалістичний (нацистський) тоталітарний режим;</p>\r\n<p>4.4.16. порушують права інтелектуальної власності третіх осіб;</p>\r\n<p>4.4.17. вміщують іншу інформацію, обіг якої обмежений відповідно до чинного законодавства України.</p>\r\n<p>4.5. Користувачу, розміщуючи оголошення про вакансії (прийом на роботу), забороняється зазначати обмеження щодо віку кандидатів, пропонувати роботу або надавати перевагу особам певної статі (за винятком випадків, визначених законодавством, та специфічної роботи, яка може виконуватися виключно особами певної статі) представникам певної раси, кольору шкіри, щодо політичних, релігійних та інших переконань, членства у професійних спілках або інших об''єднаннях громадян, етнічного та соціального походження, майнового стану, місця проживання, за мовними або іншими ознаками, а також вимагати від осіб, які працевлаштовуються, надання відомостей про особисте життя.</p>\r\n<p>Користувачу, який надає послуги з посередництва у працевлаштуванні в Україні, забороняється розміщувати оголошення, в яких вимагається від осіб, які шукають роботу, сплачувати плату за такі послуги.</p>\r\n<p>Виконавець залишає за собою право видаляти (робити не доступними для перегляду іншими користувачами) оголошення Користувачів, які не відповідають вимогам, визначеним цим пунктом Договору.</p>\r\n<p>4.6. Користувач, який розміщує оголошення гарантує, що товар, щодо якого він пропонує укласти договір, відповідає вимогам до якості, які встановлені чинним законодавством для певного товару. Виконавець залишає за собою право, у разі виникнення сумнівів, витребувати у Користувача документацію, яка підтверджує відповідність певного товару вимогам чинного законодавства, а також документацію, яка підтверджує право Користувача здійснювати певний вид господарської діяльності (у випадку, якщо така діяльність підлягає ліцензуванню, стандартизації, сертифікації відповідно до чинного законодавства).</p>\r\n<p>4.7. Користувач, який розміщує оголошення, зобов’язаний докладно описати товар (послугу) українською та (або) російською, та (або) англійською мовою.</p>\r\n<p><u>4.8. Користувачу забороняється:</u></p>\r\n<p>4.8.1. розміщувати більше одного повідомлення щодо одного й того самого товару (послуги);</p>\r\n<p>4.8.2. розміщувати оголошення про надання послуг, продаж, оренду та інші юридично значущі дії щодо товару (майна) третіх осіб;</p>\r\n<p>4.8.3. зазначати в оголошенні неправдиву, некоректну та таку, що не відповідає дійсності інформацію щодо товарів та послуг, в тому числі зазначати ціну, яка не відповідає дійсності;</p>\r\n<p>4.8.4. додавати до оголошення фото, які не відповідають опису товару та (або) послуги.</p>\r\n<p>4.8.5. розміщувати одночасно більше 100 (ста) оголошень на Сайті, які є активними для перегляду іншими користувачами, незалежно від категорій (підкатегорій).</p>\r\n<p>4.9. Виконавець має право на власний розсуд деактивувати (зробити недоступним для перегляду іншими користувачами) оголошення Користувача у випадку, якщо Користувач порушив умови цього Договору та (або) чинного законодавства України.</p>\r\n<p>4.10. Оголошення відображаються на Сайті в хронологічній послідовності їх розміщення, тобто зверху веб-сторінки відображаються оголошення, розміщені будь-яким Користувачем пізніше за часом, крім випадків, передбачених пунктом 5.3. цього Договору.</p>\r\n<p>4.11. Розміщені Користувачем оголошення є активними, тобто доступними для перегляду іншими користувачами протягом 30 днів. Після спливу строку, вказаного в цьому пункті оголошення, розміщені Користувачем оголошення деактивуються, тобто стають недоступними для перегляду іншими користувачами.</p>\r\n<p><strong> 5.</strong> <strong>ПЛАТНІ ПОСЛУГИ</strong></p>\r\n<p>5.1. Виконавець може надавати такі платні послуги:</p>\r\n<p>5.1.1. послуга «ЕксПРЕС»;</p>\r\n<p>5.1.2. послуга «Підняти в ТОП»;</p>\r\n<p>5.1.3. послуга «Виділити КОЛЬОРОМ».</p>\r\n<p>5.2. Послуга «ЕксПРЕС» передбачає розміщення інформації про оголошення Користувача на головній веб-сторінці Сайту та дублювання оголошення в наступному найближчому від дня оплати цієї послуги випуску газети «Столиця. Здоров’я та спорт» (Свідоцтво серії КВ № 21676-1576Р) та (або) газети «Столиця. Життя міста» (Свідоцтво серії КВ № 21677-1577Р).</p>\r\n<p>Обсяг оголошення, що безкоштовно публікується в газеті «Столиця. Здоров’я та спорт» або «Столиця. Життя міста», не повинен перевищувати 250 знаків з пробілами, а заголовок – 30 знаків. З оголошенням може бути опубліковано одне фото розміром 18х18 мм. Фото, яке не відповідає формату, визначеному цим пунктом, може бути пропорційно змінено.</p>\r\n<p>Оголошення, що не відповідають вимогам, визначеним цим пунктом, та (або) суперечать положенням цього Договору не публікуються.</p>\r\n<p>5.3. Послуга «Підняти в ТОП» передбачає розміщення інформації про оголошення Користувача на початку переліку оголошень, розміщеного на веб-сторінці Сайту відповідної категорії та (або) за результатами пошуку.</p>\r\n<p>5.4. Послуга «Виділити КОЛЬОРОМ» передбачає візуальне виділення оголошення Користувача певним кольором, обраним Виконавцем.</p>\r\n<p>5.5. Платні послуги, а саме «Виділити КОЛЬОРОМ», «Підняти в ТОП» та «ЕксПРЕС» (в частині розміщення інформації про оголошення Користувача на головній веб-сторінці Сайту) надаються протягом семи календарних днів.</p>\r\n<p>Перебіг семиденного строку починається з моменту оплати послуги та спливає у момент, що відповідає годинні оплати цієї послуги, останнього дня строку.</p>\r\n<p>5.6. Послуги з реєстрації та створення Облікового запису Користувача, а також розміщення, редагування і видалення оголошення на веб-сторінці Сайту, надаються безоплатно.</p>\r\n<p>5.7. Платні послуги, зазначені у пункті 5.1 цього Договору, надаються за плату, розмір якої встановлюється Виконавцем та публікується у розділі «Платні сервіси» за посиланням: <a href="http://porukam.kiev.ua/index.php?page=page&amp;id=49">http://porukam.kiev.ua/index.php?page=page&amp;id=49</a>.</p>\r\n<p>5.8. Послуга з надання оголошенню статусу «ЕксПРЕС» додатково передбачає безоплатне опублікування тексту оголошення у газеті «Столиця. Здоров’я та спорт» (Свідоцтво серії КВ № 21676-1576Р) та (або) газеті «Столиця. Життя міста» (Свідоцтво серії КВ № 21677-1577Р), у порядку, передбаченому пунктом 5.2 цього Договору.</p>\r\n<p>5.9. Оплата Платних послуг здійснюється у безготівковій формі за вибором Користувача за допомогою платіжної картки VISA/MasterCard або іншого доступного способу.</p>\r\n<p>5.10. Виконавець не стягує з Користувача комісію за здійснення розрахунків, пов''язаних з оплатою Платних послуг. Комісія може стягуватися банками або платіжними системами, за допомогою яких здійснюються розрахунки.</p>\r\n<p>5.11. Комісія, яка стягується банками або платіжними системами сплачується Користувачем.</p>\r\n<p>5.12. Виконавець не несе відповідальність за якість роботи фінансових партнерів.</p>\r\n<p>5.13. Виконавець не несе відповідальність за правильність даних, введених Користувачем з метою оплати Платних послуг.</p>\r\n<p><strong>6. ПРАВА ТА ОБОВ</strong><strong>’</strong><strong>ЯЗКИ СТОРІН</strong></p>\r\n<p>6.1.<u> Виконавець має право:</u></p>\r\n<p>6.1.1. вносити зміни до тексту оголошень Користувача (в тому числі з метою виправлення орфографічних помилок);</p>\r\n<p>6.1.2. переміщувати оголошення Користувача в іншу категорію (підкатегорію), якщо обрана категорія (підкатегорія) не відповідає змісту оголошення;</p>\r\n<p>6.1.3. видаляти оголошення Користувача у випадку, якщо вони не відповідають положенням цього Договору та (або) чинному законодавству України;</p>\r\n<p>6.1.4. заблокувати Акаунт (зробити його недоступним для перегляду іншими Користувачами) у випадку, якщо Користувач порушує положення цього Договору та (або) норми чинного законодавства України (зокрема, розміщує оголошення, які містять неправдиву інформацію, вчиняє шахрайські дії тощо);</p>\r\n<p>6.1.5. встановлювати обмеження щодо кількості оголошень, які можуть розміщуватися одним Користувачем в одній категорії та (або) одній підкатегорії, та (або) на Сайті загалом;</p>\r\n<p>6.1.6. в будь-який момент вимагати від Користувача копії підтвердних документів, у випадку виникнення у Виконавця обґрунтованих сумнівів щодо наявності у Користувача права на розміщення певного оголошення.</p>\r\n<p>6.2. <u>Користувач має право:</u></p>\r\n<p>6.2.1. використовувати Сайт Виконавця з метою розміщення оголошень, перегляду оголошень, розміщених іншими користувачами, а також для обміну інформацією з іншими користувачами;</p>\r\n<p>6.2.2. редагувати власні оголошення та (або) видаляти їх;</p>\r\n<p>6.2.3. обрати на власний розсуд будь-яку додаткову платну послугу, зазначену в пункті 5.1 цього Договору;</p>\r\n<p>6.2.4. подати скаргу, звернутися за роз’ясненнями, наданням інформації за допомогою форми зворотного зв’язку, розміщеної на сайті Виконавця за посиланням: <a href="http://porukam.kiev.ua/index.php?page=contact">http://porukam.kiev.ua/index.php?page=contact</a>.</p>\r\n<p>6.3.<u> Користувач зобов’язаний:</u></p>\r\n<p>6.3.1. не вчиняти дій, спрямованих на несанкціоноване втручання в роботу Сайту;</p>\r\n<p>6.3.2. не вчиняти дій, які можуть спричинити непропорційно велике навантаження на Сайт;</p>\r\n<p>6.3.3. не перешкоджати будь-якими діями нормальній роботі Сайту;</p>\r\n<p>6.3.4. не вчиняти дій, які можуть змінити та (або) зробити недоступними для перегляду оголошення інших користувачів.</p>\r\n<p><strong> 7. ВІДПОВІДАЛЬНІСТЬ СТОРІН. ОБМЕЖЕННЯ ВІДПОВІДАЛЬНОСТІ</strong></p>\r\n<p>7.1. Погоджуючись з умовами, викладеними в цьому документі, Користувач розуміє та приймає усі ризики, пов’язані та такі, що випливають з цього правочину.</p>\r\n<p>7.2. Виконавець не несе відповідальності за інформацію, яка міститься в оголошеннях, розміщених Користувачами на Сайті.</p>\r\n<p>7.3. Виконавець не несе відповідальності за дії (бездіяльність) Користувача перед іншими користувачами.</p>\r\n<p>7.4. Виконавець не несе відповідальності за збитки, упущену вигоду та шкоду, завдану одним Користувачем іншому Користувачу в процесі укладення та виконання договору між ними.</p>\r\n<p>7.5. Користувач зобов’язується самостійно вирішувати конфлікти, суперечки та спори, які виникають між ним та іншими Користувачами без залучення Виконавця.</p>\r\n<p>7.6. Виконавець не несе відповідальності за якість, укомплектованість та безпечність товарів та послуг, які постачаються Користувачами.</p>\r\n<p>7.7. Користувач має право повідомити Виконавця про порушення його права, за допомогою форми зворотного зв’язку, розміщеної на сайті Виконавця за посиланням: <a href="http://porukam.kiev.ua/index.php?page=contact">http://porukam.kiev.ua/index.php?page=contact</a>.</p>\r\n<p>7.8. Виконавець не несе відповідальності за технічні неполадки у роботі Сайту.</p>\r\n<p>7.9. Сторони звільняються від відповідальності, якщо порушення сталося через настання принаймні однієї обставини, перелік яких визначено у частині 2 статті 14-1 Закону України «Про торгово-промислові палати в Україні» (форс-мажорної обставини).</p>\r\n<p><strong>8. ІНШІ УМОВИ</strong></p>\r\n<p>8.1. Цей Договір набуває чинності з моменту, коли Користувач починає використовувати Сайт та (або) здійснює реєстрацію та акцептує публічну оферту шляхом проставлення відмітки (позначки) напроти відповідного пункту під час реєстрації на сайті та діє безстроково (до повного його виконання сторонами).</p>\r\n<p>8.2. Виконавець має право вносити зміни в цей Договір в будь-який час в односторонньому порядку без попереднього повідомлення Користувача.</p>\r\n<p>8.3. У випадку, якщо Користувач не погоджується із змінами, внесеними в цей Договір, він зобов’язаний негайно припинити використання Сайту. Якщо Користувач продовжує використовувати Сайт після внесення змін до цього Договору, він вважається таким, що погодився повністю та безумовно зі змінами, внесеними Виконавцем до цього Договору.</p>\r\n<p>8.4. До правовідносин, які виникають з цього Договору застосовуються положення чинного законодавства України, без введення в дію колізійних норм.</p>\r\n<p>8.5. У випадку виникнення спорів між Сторонами, вони вирішують їх шляхом переговорів. У випадку, якщо спір не вдалося врегулювати шляхом переговорів, Сторони передають його на вирішення відповідному суду України із дотриманням норм чинного процесуального законодавства України.</p>'),
(49, 'en_US', 'Paid services', '<p>Taking advantage of premium services offered by our website you can dramatically improve the efficiency of your ads. Evaluate the unique possibility offered by our website only - after the posting on the website you can duplicate it FREE in the mass audience Kiev newspaper <strong><a href="http://stolyca.com.ua">«Stolitsa»</a></strong>  with a circulation of 300 000 copies. The service is provided automatically after the posting on our website with the status "ExPRESS".</p>\r\n<p>While posting the ad (as well as in the special service "Premium Services" on your account) you can choose any premium status for your ads. They can be activated by clicking on the buttons "ExPRESS", "Raise to Top," "HighLIGHT".</p>\r\n<p><strong> </strong><strong>ExPRESS</strong></p>\r\n<p>This status provides the publication of your ad on the home page. In addition, EXLUSIVELY duplicates the ad in the next issue of the mass audience Kiev newspaper "Stolitsa" with 300 000 copies circulation. Publication on the website and in the PRESS provides maximum ad performance.</p>\r\n<p><strong>Important! </strong>The size of the ads published for free in the newspaper "Stolitsa" must not exceed 250 characters with spaces, title – 30 characters. 1 photo 18x18 mm may be published in the ad. Ads that exceed this standard size will not be published. Photos that do not match the size can be proportionally modified. Ads and photos that contradict the <strong><a href="http://porukam.kiev.ua/index.php?page=page&amp;id=48">User Agreement</a></strong> (see "Terms of use" section) will not be published.</p>\r\n<p>The publication of the ad that excesses the specified size is to be discussed with the<strong> <a href="http://stolyca.com.ua/%D0%BA%D0%BE%D0%BD%D1%82%D0%B0%D0%BA%D1%82%D1%8B/">Advertising Department of the newspaper "Stolitsa"</a>.</strong></p>\r\n<p>Duration of the service: 7 days.<br /> Service price: 100 UAH.</p>\r\n<p><strong>Raise</strong> <strong>to</strong> <strong>Top</strong></p>\r\n<p>This option moves your ad up in the list and makes it priority viewing by the website users. By placing an ad in the Top you’ll get much MORE VIEWS and successful business contacts!</p>\r\n<p>Duration of the service: 7 days.<br /> Service price: 20 UAH.</p>\r\n<p><strong>HighLIGHT</strong></p>\r\n<p>This option visually HighLIGHTS your ad among others and thereby ATTRACTS extra ATTENTION of the website users. Bright yellow color according to the psychology of color perception contributes to successful sales.</p>\r\n<p>Duration of the service: 7 days.<br /> Service price: 10 UAH.</p>\r\n<p><strong><em>Note!</em></strong></p>\r\n<p>Classified ads free duplication in mass audience Kiev newspaper "Stolitsa" increases the efficiency of your ad in several times. This newspaper with the circulation of 300 000 copies is distributed free of charge in Kiev at the subway stations, busy intersections, sports and fitness clubs, shopping and business centers, pharmacy chains, restaurants. The newspaper does not depend on the retail, the entire print run 100% gets into the readers hands.</p>\r\n<p><strong>Important! </strong>The size of the ads published for free in the newspaper "Stolitsa", must not exceed 250 characters with spaces, title – 30 characters. 1 photo 18x18 mm may be published in the ad. Ads that exceed this standard size will not be published. Photos that do not match the size can be proportionally modified. Ads and photos that contradict the <strong><a href="http://porukam.kiev.ua/index.php?page=page&amp;id=48">User Agreement</a></strong> (see "Terms of use" section) will not be published.</p>\r\n<p>The publication of ads that excess the specified size is to be discussed with the <strong><a href="http://stolyca.com.ua/%D0%BA%D0%BE%D0%BD%D1%82%D0%B0%D0%BA%D1%82%D1%8B/">Advertising Department of the newspaper "Stolitsa"</a>.</strong></p>');
INSERT INTO `oc_t_pages_description` (`fk_i_pages_id`, `fk_c_locale_code`, `s_title`, `s_text`) VALUES
(49, 'ru_RU', 'Платные сервисы', '<p>Воспользовавшись премиум услугами, предлагаемыми нашим сайтом, Вы можете резко повысить эффективность Вашого объявления, Оцените уникальную, предлагаемую только нашим сайтом, возможность после подачи объявления на сайте, БЕСПЛАТНО продублировать его в массовой бесплатной киевской газете «<strong><a title="Перейти на сайт газеты «Столица»" href="#">Столица</a></strong>» с тиражом 300 000 экз. Услуга предоставляется автоматически, после подачи объявления на нашем сайте со статусом «ЭксПРЕСС».</p>\r\n<p>При публикации объявления (а также в специальном сервисе «Премиум услуги» Вашего аккаунта), Вы можете выбрать любой из нескольких премиум-статусов для Ваших объявлений. Они активируются нажатием на кнопки «ЭксПресс», «Поднять в ТОП», «Выделить Цветом».</p>\r\n<p><span style="text-decoration: underline;"><strong>ЭксПРЕСС</strong></span></p>\r\n<p>ЭксПРЕСС – этот статус обеспечивает публикацию Вашего объявления на главной странице сайта. Кроме того, ЭКСКЛЮЗИВНО дублирует объявление в ближайшем выпуске массовой киевской газеты «Столица» с тиражом 300 000 экз. Публикация на сайте и в ПРЕССЕ обеспечивает максимальную эффективность объявления.</p>\r\n<p><strong>Важно!</strong> Объем объявления, бесплатно публикуемого в газете «Столица», не должен превышать 250 знаков с пробелами, заголовка – 30 знаков. С объявлением может быть опубликовано 1 фото 18Х18 мм. Объявления, превышающие этот стандарт, не публикуются. Фото, не соответствующее формату, может быть пропорционально отредактировано. Объявления и фото, противоречащие <strong><a href="http://porukam.kiev.ua/index.php?page=page&amp;id=48">Пользовательскому соглашению</a></strong> (см. раздел «Условия использования сайта») не публикуются.</p>\r\n<p>Условия публикации объявлений, превышающих указанный объем, обсуждаются <strong>с <a href="http://stolyca.com.ua/%D0%BA%D0%BE%D0%BD%D1%82%D0%B0%D0%BA%D1%82%D1%8B/">рекламной службой</a></strong><a href="http://stolyca.com.ua/%D0%BA%D0%BE%D0%BD%D1%82%D0%B0%D0%BA%D1%82%D1%8B/"> <strong>газеты «Столица»</strong></a>.</p>\r\n<p>Срок действия услуги: 7 дней.</p>\r\n<p>Цена услуги: 100 ГРН.</p>\r\n<p><span style="text-decoration: underline;"><strong>Поднять в ТОП</strong></span></p>\r\n<p>Поднять в ТОП – эта опция перемещает Ваше объявление вверх по списку и делает его просмотр пользователями сайта первоочередным. Разместив объявление в ТОПе, Вы получите значительно БОЛЬШЕ ПРОСМОТРОВ и успешных коммерческих контактов!</p>\r\n<p>Срок действия услуги: 7 дней.</p>\r\n<p>Цена услуги: 20 ГРН.</p>\r\n<p><span style="text-decoration: underline;"><strong>Выделить ЦВЕТОМ</strong></span></p>\r\n<p>Выделение ЦВЕТОМ – эта опция визуально выделяет Ваше объявление среди прочих, и за счет этого ПРИВЛЕКАЕТ к нему дополнительное ВНИМАНИЕ пользователей сайта. Яркий желтый цвет, в соответствии с психологией восприятия цвета, способствует успешным продажам.</p>\r\n<p>Срок действия услуги: 7 дней.</p>\r\n<p>Цена услуги: 10 ГРН.</p>\r\n<p><span style="text-decoration: underline;"><strong>Обратите внимание!</strong></span></p>\r\n<p>Бесплатное дублирование объявления в массовой киевской газете «Столица» увеличивает эффективность Вашого объявления в несколько раз. Эта газета тиражом 300 000 экз. бесплатно распространяется в Киеве на станциях метро, оживленных перекрестках, в спортивных и фитнес-клубах, торговых и деловых центрах, аптечных сетях, ресторанах. Газета не зависит от реализации в рознице, весь тираж на 100% попадает в руки читателей.</p>\r\n<p><strong>Важно!</strong> Объем объявления, бесплатно публикуемого в газете «Столица», не должен превышать 250 знаков с пробелами, заголовка – 30 знаков. С объявлением может быть опубликовано 1 фото 18Х18 мм. Объявления, превышающие этот стандарт, не публикуются. Фото, не соответствующее формату, может быть пропорционально отредактировано. Объявления и фото, противоречащие <strong><a href="http://porukam.kiev.ua/index.php?page=page&amp;id=48">Пользовательскому соглашению</a></strong> (см. раздел «Условия использования сайта») не публикуются.</p>\r\n<p>Условия публикации объявлений, превышающих указанный объем, обсуждаются с<a href="http://stolyca.com.ua/%D0%BA%D0%BE%D0%BD%D1%82%D0%B0%D0%BA%D1%82%D1%8B/"><strong> рекламной службой</strong> <strong>газеты «Столица»</strong></a>.</p>'),
(49, 'uk_UK', 'Платні сервіси', '<p>Скориставшись преміум-послугами, що пропонує наш сайт, Ви можете різко підвищити ефективність Вашого оголошення. Оцініть унікальну, запропоновану тільки нашим сайтом, можливість після подачі оголошення на сайті БЕЗКОШТОВНО продублювати його в масовій безкоштовній київській газеті «Столиця» (http://stolyca.com.ua) з тиражем 300 000 прим. Послуга надається автоматично, після подачі оголошення на нашому сайті зі статусом «ЕксПРЕС».</p>\r\n<p>При публікації оголошення (а також в спеціальному сервісі «Преміум послуги» Вашого аккаунта) Ви можете вибрати будь-який з кількох преміум-статусів для Ваших оголошень. Вони активуються натисканням на кнопки «ЕксПРЕС», «Підняти в ТОП», «Виділити КОЛЬОРОМ».</p>\r\n<p><strong>ЕксПРЕС</strong></p>\r\n<p>ЕксПРЕС – цей статус забезпечує публікацію Вашого оголошення на головній сторінці сайту. Крім того, ЕКСКЛЮЗИВНО дублює оголошення в найближчому випуску масової київської газети «Столиця» з тиражем 300 000 прим. Публікація на сайті і в ПРЕСІ забезпечує максимальну ефективність оголошення.</p>\r\n<p><strong>Важливо!</strong> Обсяг оголошення, що безкоштовно публікується в газеті «Столиця», не повинен перевищувати 250 знаків з пробілами, заголовка – 30 знаків. З оголошенням може бути опубліковано 1 фото 18х18 мм. Оголошення, що перевищують цей стандарт, не публікуються. Фото, яке не відповідає формату, може бути пропорційно змінено. Оголошення та фото, що суперечать <strong><a href="http://porukam.kiev.ua/index.php?page=page&amp;id=48">Угоді з користувачем</a></strong> (див. розділ «Умови використання сайту») не публікуються.</p>\r\n<p>Умови публікації оголошень, що перевищують зазначений обсяг, обговорюються з <a href="http://stolyca.com.ua/%D0%BA%D0%BE%D0%BD%D1%82%D0%B0%D0%BA%D1%82%D1%8B/"><strong>рекламною службою газети «Столиця»</strong></a><strong>.</strong></p>\r\n<p>Термін дії послуги: 7 днів.</p>\r\n<p>Ціна послуги: 100 ГРН.</p>\r\n<p><strong>Підняти в ТОП</strong></p>\r\n<p>Підняти в ТОП – ця опція переміщує Ваше оголошення вверх по списку і робить його перегляд користувачами сайту першочерговим. Розмістивши оголошення в ТОПі, Ви отримаєте значно БІЛЬШЕ ПЕРЕГЛЯДІВ і успішних комерційних контактів!</p>\r\n<p>Термін дії послуги: 7 днів.</p>\r\n<p>Ціна послуги: 20 ГРН.</p>\r\n<p><strong>Виділити КОЛЬОРОМ</strong></p>\r\n<p>Виділення КОЛЬОРОМ – ця опція візуально виділяє Ваше оголошення серед інших і за рахунок цього ПРИВЕРТАЄ до нього додаткову УВАГУ користувачів сайту. Яскравий жовтий колір, відповідно до психології сприйняття кольору, сприяє успішним продажам. Термін дії послуги: 7 днів.</p>\r\n<p>Ціна послуги: 10 ГРН.</p>\r\n<p><strong><em>Зверніть увагу!</em></strong></p>\r\n<p>Безкоштовне дублювання оголошення в масовій київській газеті «Столиця» збільшує ефективність Вашого оголошення в декілька разів. Ця газета тиражем 300 000 прим. безкоштовно розповсюджується в Києві на станціях метро, ​​ перехрестях, в спортивних і фітнес-клубах, торгових і ділових центрах, аптечних мережах, ресторанах. Газета не залежить від реалізації в роздрібній торгівлі, весь тираж на 100% потрапляє в руки читачів.</p>\r\n<p><strong>Важливо!</strong> Обсяг оголошення, що безкоштовно публікується в газеті «Столиця», не повинен перевищувати 250 знаків з пробілами, заголовка – 30 знаків. З оголошенням може бути опубліковано 1 фото 18х18 мм. Оголошення, що перевищують цей стандарт, не публікуються. Фото, яке не відповідає формату, може бути пропорційно змінено. Оголошення та фото, що суперечать<strong> <a href="http://porukam.kiev.ua/index.php?page=page&amp;id=48">Угоді з користувачем</a></strong> (див. Розділ «Умови використання сайту») не публікуються.</p>\r\n<p>Умови публікації оголошень, що перевищують зазначений обсяг, обговорюються з <strong><a href="http://stolyca.com.ua/%D0%BA%D0%BE%D0%BD%D1%82%D0%B0%D0%BA%D1%82%D1%8B/">рекламною службою газети «Столиця»</a>.</strong></p>'),
(50, 'en_US', 'Safety regulations', '<p><strong>The National Police in Kiev informs about a significant increase in crime in the country and in the capital.</strong></p>\r\n<p>Note that criminals can use our website for the sale of substandard, counterfeit, damaged or counterfeit goods. Or using the inexperience, gullibility of the seller/buyer they can try to lure the money for non-existent goods or service or engage in other fraudulent schemes. To avoid this follow the rules:</p>\r\n<p><strong>1). Protect access to your credit card.</strong></p>\r\n<p>The criminals often try to get secret information about your credit card. Using a variety of made-up stories they can try to find out the confirmation code that comes to your phone when you log into the online banking system. Keep in mind that the ultimate goal of the scams is to get full access to your bank account and withdraw funds from it. Do not believe those who say that he/she can not transfer money until you inform about the secret code (cvv) indicated on the back of your bank card. Requests about the type of your credit card, expiration date, available credit limit, account balance should alert you. If the buyer asks you to tell the SMS code you’ve received so that the buyer could do the payment then you should know that you are dealing with a scammer.</p>\r\n<p><em>The only information the buyer may need is the number of your bank card – 16 numbers written on the front side.</em></p>\r\n<p><strong>2). Do not agree to make a prepayment.</strong></p>\r\n<p>Under various pretexts (e.g., referring to the absence in the city, the need for presales preparation, etc.) the seller can inform you that he will do a reservation after getting a certain payment. Some even offer as a guarantee to send a scanned copy of the passport (obviously fake).</p>\r\n<p><em>Note that after receiving the prepayment the scammers will disappear with your money and will no longer answer the phone!</em></p>\r\n<p><strong>3). Do not call to suspicious phone numbers.</strong></p>\r\n<p>Sometimes after a phone call to an unknown number you may find out that you’ve lost a considerable sum of money from the phone account. To avoid this do not call "short" numbers or numbers with "atypical" subscriber code. Small goods prices designed to lure the subscriber should cause doubt.</p>\r\n<p><em>The safest thing is using the means of communication provided by our website – e-mail and online-messenger.</em></p>\r\n<p><strong>4). Avoid unreliable proposals to send you the goods with cash on delivery.</strong></p>\r\n<p>Otherwise instead of the order you can find in sending quite other items. For example instead of the original branded smart phone you can get a Chinese forgery. Unfair seller can even keep in touch. And for example he can say that the ad does not say anything about the original product. Since the product specifications meet formally declared the seller cannot be blamed or punished. Do not buy goods if you are not sure in their quality! Take goods "by yourself" and check the specifications. Meet with the buyer or seller only in a crowded and well known place. Ask them to show the ID card before inviting home. Carefully check banknotes – they may be counterfeit.</p>\r\n<p><em>This refers not only to the purchase of manufactured goods, but also to the animals purchase. Do not trust the breeders who promise to transfer purebred puppy from another city, if you do not want to become the owner of the mongrel. Do not agree to accept the animal "as a gift", if the seller wants a "symbolic amount" – you’ll lose your money and will not get a pet.</em></p>\r\n<p><strong>5). Please do not transfer money using payment terminals without making sure about the goods quality.</strong></p>\r\n<p>Fraudsters use the fact that people do not understand well the particular qualities of working with the payment terminals. For example they ask to transfer money because the courier who delivers the goods does not have authority to receive the payment. Note: there is no guarantee that money transferred to the scam’s account can be withdrawn by you in case of non-receipt of the goods or receiving the goods of inadequate quality.</p>\r\n<p><em>Transfer payment only after you get your purchase and check its quality.</em></p>\r\n<p><strong>6). Do not get into contact with the website users whose ads are full of errors and have incomplete description of different goods/services.</strong></p>\r\n<p>As a rule, such ads are not worth attention. Conscientious sellers do not neglect exact descriptions of the goods or services; do not indicate strange nicknames (including digital) or mobile phone of a distant country.</p>\r\n<p> <em> Do not buy goods without detailed discussing the quality and features. To avoid disappointment it is important to find out everything: the life of the product, the scuffs presence, chips and cracks, packaging, availability of necessary documents: receipts, warranty cards, etc. Second-hand goods can not be returned! It is advisable to check the serviceability of the goods at the place of purchase.</em></p>\r\n<p><strong> </strong><strong>7). Beware of the contacts with sellers offering a ridiculously low price for their goods.</strong></p>\r\n<p>For example there is a known scheme when the car sellers supposedly located abroad provide plausible documents by e-mail – car photos, scans data sheets, etc. – and offer to transfer the money for the car through an intermediary company.</p>\r\n<p><em>To confirm the deception it is enough to inform the seller that in a few days you will be in the country where the seller or the car is located.</em></p>\r\n<p><em>Keep in mind that the low prices for real estate are often no more than a trick of realtors which allows them to get your phone number for further advertising messages.</em></p>\r\n<p><strong>8). Protect yourself while buying or selling.</strong></p>\r\n<p>Our site allows you to keep contact information about the seller as well as the details of the correspondence. Keep up to the end of the transaction documents confirming the payment and delivery of goods – they can be useful in case of problems.</p>\r\n<p><em>All your doubts signalize about the necessity to check once again the condition of the goods, the communication channel, the presence of the necessary documents, etc. In case of problems please contact our</em> <a href="http://porukam.kiev.ua/index.php?page=page&amp;id=49"><em><strong>Customer Service</strong></em>.</a></p>\r\n<p><strong>Attention!</strong></p>\r\n<p>Our site does not make outgoing calls, it does not send SMS and it does not need additional conditions for ads activation (except those that payment systems connected to the website provide).</p>\r\n<p>If you get SMS with a request to send the code to a short phone number to unlock the profile or to activate the ad on the website or an SMS from a short number with the question about the ad – ignore them.</p>\r\n<p>Do not react to the calls and SMS with the information that you have won any prize. Our employees do not make such calls and mailings.</p>\r\n<p> Website users can take part in other users’ ads moderating if they are past due, they are spam, they are placed in the category that does not match the content of the ad, they are repeated or they are offensive. To do this, click on the icon depicting a megaphone on the section "Seller’s info" and select the type of claim.</p>\r\n<p> </p>'),
(50, 'ru_RU', 'Правила безопасности', ''),
(50, 'uk_UK', 'Правила безпеки', '<p><strong>Національна поліція Києва інформує про значне зростання злочинності в країні і столиці.</strong></p>\r\n<p>Прийміть до уваги, що злочинці можуть використовувати наш сайт для продажу некондиційного, контрафактного, зіпсованого або підробленого товару. Або, скориставшись недосвідченістю, довірливістю продавця/покупця спробувати виманити гроші за неіснуючий товар або послугу, залучити до іншої шахрайської схеми. Щоб уникнути цього, дотримуйтесь наступних правил.</p>\r\n<p><strong>1). Охороняйте доступ до своєї банківської картки.</strong></p>\r\n<p>Часто метою злочинців є секретна інформація про Вашу банківську карту. Використовуючи різні вигадані історії, у Вас можуть спробувати вивідати код підтвердження, який приходить на Ваш телефон при вході в систему онлайн-банкінгу. Врахуйте, що кінцева мета шахраїв – отримати повний доступ до Вашого банківського рахунку і зняти з нього кошти. Не вірте тим, хто стверджує, що не може перевести Вам кошти, поки Ви не повідомите секретний код (cvv), зазначений на звороті Вашої банківської карти. Прохання уточнити вид Вашої картки, термін її дії, наявність кредитного ліміту, залишок на рахунку – повинні Вас насторожити. Якщо Вам прийшла SMS з кодом, який просить назвати покупець, щоб його платіж пройшов, зазначте: Ви маєте справу з шахраєм.</p>\r\n<p><em> Єдина інформація, яка може дійсно бути потрібна від Вас покупцеві – це номер вашої банківської карти: 16 цифр, написаних на її лицьовій стороні.</em></p>\r\n<p><strong>2). Не погоджуйтеся вносити передоплату.</strong></p>\r\n<p>Під різними приводами (наприклад, посилаючись на відсутність у місті, необхідність передпродажної підготовки та інш.) продавець, який розмістив оголошення на сайті, може поінформувати Вас, що готовий забронювати товар після внесення певної передоплати. Деякі навіть пропонують в якості гарантії вислати скановану копію свого паспорта (зрозуміло, підроблену).</p>\r\n<p><em> Врахуйте, що після отримання передоплати, шахраї зникнуть разом з Вашими грошима і перестануть відповідати на телефонні дзвінки!</em></p>\r\n<p><strong>3). Не дзвоніть на підозрілі номери.</strong></p>\r\n<p>Іноді після дзвінка на незнайомий номер, можна виявити, що з Вашого рахунку списана чимала сума. Щоб уникнути цього, не дзвоніть на «короткі» номери або номери з «нетиповим» кодом абонента. Підозру повинна викликати невелика ціна товару, покликана заманити «абонента».</p>\r\n<p><em> Найбільш надійно – скористатися видами зв''язку, що надаються нашим сайтом. Тобто е-mail та online-месенджером.</em></p>\r\n<p><strong>4). Відмовтеся від ненадійних пропозицій відправити Вам товар після оплати.</strong></p>\r\n<p>В іншому випадку, замість замовленого, Ви можете виявити в посилці зовсім інший товар. Наприклад, замість оригінального фірмового смартфона – китайську підробку. Недобросовісний продавець може навіть не зникнути зі зв''язку. А, наприклад, заявити, що в вашій рекламі нічого не сказано про оригінальний товар. Оскільки технічні характеристики виробів формально відповідають заявленим, з продавця нічого не візьмеш. Купуйте тільки ті товари, в якості яких упевнені! Забирайте товар «самовивозом» і перевіряйте його характеристики на місці. Зустрічайтеся з покупцем або продавцем тільки в людному і добре знайомому Вам місці. Попросіть їх показати посвідчення особи, перш ніж запросити додому. Уважно перевіряйте 100-200-500 гривневі купюри – вони можуть бути підробленими.</p>\r\n<p><em>Це відноситься не тільки до покупки промтоварів, а й до придбання тварин. Не довіряйте заводчикам, які обіцяють передати з іншого міста породистого щеняти, якщо не хочете стати власником дворняжки. Не погоджуйтеся приймати тварину «в подарунок», якщо за н</em><em>e</em><em>ї все ж просять «символічну суму» – позбудетеся грошей і не отримаєте тварини.</em></p>\r\n<ol start="5">\r\n<li><strong> Не переводьте гроші за допомогою терміналів оплати, не переконавшись у якості товару.</strong></li>\r\n</ol>\r\n<p>Шахраї користуються тим, що люди погано орієнтуються в тонкощах роботи з терміналами зарахування коштів. Наприклад, просять перерахувати гроші, мотивуючи це тим, що кур''єр, який доставляє товар, не має повноважень для прийняття оплати. Врахуйте: немає жодних гарантій, що внесені на рахунок шахраїв гроші можуть бути Вами відкликані в разі неотримання товару, або отримання товару неналежної якості.</p>\r\n<p><em> Здійснюйте оплату тільки після того, як отримаєте свою покупку і перевірите її якість.</em></p>\r\n<ol start="6">\r\n<li><strong> Не вступайте в контакт з користувачами сайту, чиї оголошення рясніють помилками і відрізняються неповним описом товару/послуги.</strong></li>\r\n</ol>\r\n<p>Як правило, такі оголошення не варті уваги. Добросовісний продавець не нехтує точним описом товару або послуги, не вказує дивні ніки (в тому числі цифрові) або телефон далекої країни.</p>\r\n<p><em>Не купуйте товар, не обговоривши детально його якість і особливості. Щоб уникнути розчарування, важливо з''ясувати все: термін експлуатації товару, наявність на ньому відколів і тріщин, комплектацію, доступність необхідних документів – чеків, гарантійних талонів і т.д. Адже б/у товар не підлягає поверненню! Бажано перевірити справність товару на місці покупки.</em></p>\r\n<ol start="7">\r\n<li><strong> Уникайте зв''язуватися з продавцями, що вказують занадто низьку ціну на свій товар.</strong></li>\r\n</ol>\r\n<p>Наприклад, відома схема, коли продавці автомобілів, які нібито знаходяться закордоном, надають по е-mail правдоподібні документи – фотографії автомобіля, скани техпаспорта та iнш. – i пропонують перевести гроші за машину через посередницьку фірму.</p>\r\n<p><em> Щоб упевнитися в обмані, досить написати продавцеві, що через кілька днів Ви будете в тій країні, де знаходиться він або автомобіль.</em></p>\r\n<p><em> Врахуйте, що низькі ціни на об''єкти нерухомості – часто не більше ніж виверт ріелторів, що дозволяє їм отримати Ваш номер телефону для подальших рекламних розсилок.</em></p>\r\n<ol start="8">\r\n<li><strong> Підстраховуйтесь, купуючи або продаючи товари.</strong></li>\r\n</ol>\r\n<p>Наш сайт дозволяє зберігати контактну інформацію про продавця, а також деталі листування з ним. Зберігайте до кінця угоди документи, що підтверджують оплату і доставку товару – вони можуть виявитися корисними в разі виникнення проблем.</p>\r\n<p><em> Будь-які Ваші сумніви сигналізують про необхідність ще раз перевірити стан товару, канал зв''язку, наявність необхідних документів та інш. У разі виникнення проблем зв''яжіться з нашою <strong><a href="http://porukam.kiev.ua/index.php?page=contact">Службою підтримки</a>.</strong></em></p>\r\n<p><strong>Увага!</strong></p>\r\n<p><em> Наш сайт не здійснює вихідних дзвінків, не розсилає SMS і не вимагає для активації оголошення додаткових умов (крім тих, що передбачені підключеними до сайту платіжними системами).</em></p>\r\n<p><em> Якщо Вам прийде SMS-повідомлення з проханням відправити код на короткий номер для розблокування профілю або активації оголошення на сайті, або SMS з короткого номера з питанням по оголошенню, – ігноруйте їх.</em></p>\r\n<p><em> Не реагуйте також на дзвінки і SMS-повідомлення про те, що Ви, нібито, виграли якийсь приз. Наші співробітники не здійснюють таких дзвінків і розсилок.</em></p>\r\n<p><em>Користувачі сайту можуть взяти участь в модеруванні оголошень інших користувачів сайту, якщо вони прострочені, є спамом, розміщені в рубриці, що не відповідає змісту оголошення, повторюються, є образливими. Для цього необхідно клікнути на іконку, що зображує мегафон над розділом «Інформація про автора», і обрати вид претензії.</em></p>'),
(51, 'en_US', 'Help and Feedback', '<p>In case of problems while using the website, or to make comments and suggestions please <strong><a href="http://porukam.kiev.ua/index.php?page=contact">contact us</a></strong>.</p>'),
(51, 'ru_RU', 'Помощь и обратная связь', '<p><u></u>Чтобы высказать замечания и пожелания, а также в случае возникновения проблем с использованием сайта,  <strong><a href="http://porukam.kiev.ua/index.php?page=contact">свяжитесь с нами</a>.</strong></p>\r\n<p> </p>'),
(51, 'uk_UK', 'Допомога і зворотний зв''язок', '<p>Щоб висловити зауваження та побажання, а також в разі виникнення проблем з використанням сайту, <strong><a href="http://porukam.kiev.ua/index.php?page=contact">зв’яжіться з нами</a>.</strong></p>'),
(52, 'en_US', 'Advertising on the website', '<p>Discuss the conditions of website advertising with our Advertising Director:</p>\r\n<p>Natalia Lantseva</p>\r\n<p><a href="mailto:lanceva@stolyca.com.ua">lanceva@stolyca.com.ua</a></p>\r\n<p><strong>0(44) 498-08-34</strong>.</p>'),
(52, 'ru_RU', 'Реклама на сайте', '<p>Обсудите условия рекламного размещения на сайте с нашим директором по рекламе:</p>\r\n<p>Наталья Ланцева, <a href="mailto:lanceva@stolyca.com.ua">lanceva@stolyca.com.ua</a>,</p>\r\n<p><strong>0(44) 498-08-34</strong>.</p>'),
(52, 'uk_UK', 'Реклама на сайті', '<p>Обговоріть умови рекламного розміщення на сайті з нашим директором з реклами:</p>\r\n<p>Наталя Ланцева, <a href="mailto:lanceva@stolyca.com.ua">lanceva@stolyca.com.ua</a></p>\r\n<p><strong>0 (44) 498-08-34</strong>.</p>'),
(53, 'en_US', 'Privacy Policy', '<p><strong>1. General Provisions</strong></p>\r\n<p style="padding-left: 30px;">1.1. This Privacy Policy (hereinafter - the Policy) defines the requirements for the processing and protection of personal data of the Users collected by the Contractor in the course of providing services due to the <a href="http://porukam.kiev.ua/index.php?page=page&amp;id=48">Terms of Website Use</a>.</p>\r\n<p style="padding-left: 30px;">1.2. All terms in this Policy are used within the meaning defined by the <a href="http://porukam.kiev.ua/index.php?page=page&amp;id=48"><u>Terms of Website Use</u>,</a> the current Ukrainian legislation and business customs.</p>\r\n<p style="padding-left: 30px;">1.3. The owner of the personal data that have been received from persons under the account registration and collected during the use of the Website is an individual entrepreneur Yuri Vishnevsky.</p>\r\n<p style="padding-left: 30px;">1.4. Before registering on the Website the User is obliged to get acquainted with the provisions of the Policy and to give his unequivocal consent to the processing of personal data specified in paragraph 2.1 of the Policy.</p>\r\n<p style="padding-left: 30px;">1.5. User’s consent to the processing of the personal data is provided in electronic form by putting a mark next to the appropriate item when registering on the Website.</p>\r\n<p style="padding-left: 30px;">The User has no right to receive Services and (or) Paid Services if he/she does not agree with the terms of the Policy.</p>\r\n<p style="padding-left: 30px;">If a person does not fully or partially agree with the Policy the Contractor asks him/her to leave the Website.</p>\r\n<p><strong>2. Data collection</strong></p>\r\n<p style="padding-left: 30px;">2.1. Information about the User collected by the Contractor will include:</p>\r\n<p style="padding-left: 60px;">2.1.1. Information received from the User, in particular:</p>\r\n<p style="padding-left: 90px;">2.1.1.1. the name of the person or the name of the legal entity;</p>\r\n<p style="padding-left: 90px;">2.1.1.2. location or residence;</p>\r\n<p style="padding-left: 90px;">2.1.1.3. phone number;</p>\r\n<p style="padding-left: 90px;">2.1.1.4. E-mail address;</p>\r\n<p style="padding-left: 90px;">2.1.1.5. a photo;</p>\r\n<p style="padding-left: 90px;">2.1.1.6. details of the payment card.</p>\r\n<p style="padding-left: 60px;">2.1.2. Information collected while using the services, in particular:</p>\r\n<p style="padding-left: 90px;">2.1.2.1. cookies;</p>\r\n<p style="padding-left: 90px;">2.1.2.2. User''s IP-address;</p>\r\n<p style="padding-left: 90px;">2.1.2.3. User’s behavior on the Website.</p>\r\n<p style="padding-left: 30px;">2.2. All the information about the User which is processed by the Contractor is confidential.</p>\r\n<p style="padding-left: 30px;">2.3. The Contractor has no right to collect the User’s personal data, except those specified in paragraph 2.1. Politicians.</p>\r\n<p><strong>3. The purpose of collecting personal data</strong></p>\r\n<p style="padding-left: 30px;">3.1. The Contractor collects the information - name, phone number and E-mail address of the User - for the person identification, creation and management of User accounts, access to the services and (or) paid services.</p>\r\n<p style="padding-left: 30px;">3.2. The Contractor collects the information - E-mail address and phone number - for the exchange of information between the Contractor and the User, including for the provision of services and (or) paid services, user services and for the authorized marketing communications providing through any available communication channels.</p>\r\n<p style="padding-left: 30px;">3.3. The Contractor collects data - files cookies, user’s IP-address, user’s behavior on the Website - to adapt the advertising offered on the Website or services of third parties, as well as monitoring the overall and individual Users’ activity.</p>\r\n<p style="padding-left: 30px;">3.4. The Contractor can store the information collected and received on the Website as long as necessary to fulfill the business objectives defined by paragraph 3 of the Policy.</p>\r\n<p style="padding-left: 30px;">3.5. Information that is collected by the Contractor is used to implement the <a href="http://porukam.kiev.ua/index.php?page=page&amp;id=48">Terms of Website Use</a> as a contract concluded between the Contractor and the User.</p>\r\n<p><strong>4. Users'' rights</strong></p>\r\n<p style="padding-left: 30px;">4.1. Non-property rights for the User''s personal data are inalienable and inviolable. The User has all the rights under Article 8 of the Law of Ukraine "On Protection of Personal Data" and other legislative acts or the contract.</p>\r\n<p style="padding-left: 30px;">4.2. The User has the right to make a reasoned demand to the Contractor to prohibit processing of the personal data (parts) and (or) to change in composition/content. Such a requirement is considered by the Contractor within 10 days of receipt.</p>\r\n<p style="padding-left: 30px;">The requirement of prohibition for the processing of personal data should contain User’s surname, name and patronymic, his place of residence, an indication of communication means with the User (including phone number and E-mail address), specific personal data and legal grounds for prohibiting their further processing by the Contractor.</p>\r\n<p style="padding-left: 30px;">The User, referring to the unreliability of his personal data, will be obliged to provide as the proof of this fact issued in his name documents containing accurate information about the person.</p>\r\n<p style="padding-left: 30px;">4.3. If as a result of the consideration of such a requirement it is found that the User''s personal data (parts) are processed illegally, the Contractor stops processing the User''s personal data (parts) and informs the User about it.</p>\r\n<p style="padding-left: 30px;">4.4. If as a result of the consideration of such a requirement it is found that the User''s personal data (parts) are invalid, the Contractor stops processing the User''s personal data (parts) and changes its structure/content and informs the User about it.</p>\r\n<p style="padding-left: 30px;">4.5. Requirements to prohibit processing of personal data are not to be satisfied, especially when posted ads by User are active (available for viewing by other users), if it is necessary to use the personal data of the User to provide services for him/her under the <a href="http://porukam.kiev.ua/index.php?page=page&amp;id=48">Terms of Website Use</a>, or to maintain the business relationship between the Contractor and third parties, to whom the personal data of the User was transferred.</p>\r\n<p style="padding-left: 30px;">4.6. If the requirement can not be satisfied or the content of the requirement does not meet the provisions of paragraph 4.2 of the Policy, the User is given a reasoned response about the absence of the grounds for its satisfaction.</p>\r\n<p style="padding-left: 30px;">4.7. The User has the right to withdraw the consent for the processing of personal data without giving reasons, if the only basis for the personal data processing is the consent of the subject of personal data.</p>\r\n<p style="padding-left: 30px;">From the date of revocation of the consent the Contractor is obliged to stop the processing of personal data.</p>\r\n<p style="padding-left: 30px;">The requirement to withdraw the consent for the processing of personal data should contain the surname, name and patronymic of the User, the address of his/her place of residence, an indication of the ways of communication with the User (including phone number and E-mail address), specific personal data that caused the withdrawal of the consent for the Contractor’s processing.</p>\r\n<p style="padding-left: 30px;">4.8. The requirements made in writing are to be addressed to: 04211, Kiev, P.O. Box 80, or by E-mail: wish_vish@list.ru</p>\r\n<p><strong>5. Transfer of personal data to third parties</strong></p>\r\n<p style="padding-left: 30px;">5.1. The Contractor does not transfer personal data to third parties, except as provided by the legislation of Ukraine or this Policy.</p>\r\n<p style="padding-left: 30px;">5.2. The User agrees to the dissemination of his personal data for the Contractor could get services including making payments (payment processing), publication of ads in the newspaper, advertising services.</p>\r\n<p style="padding-left: 30px;">5.3. The Contractor transfers personal information to affiliated persons, other authorized persons for processing the information on behalf of and under the conditions of the Contractor that are consistent with the Policy and other requirements of the law.</p>\r\n<p style="padding-left: 30px;">5.4. Implementation of the requirements of established regime of personal data protection is provided by the Contractor.</p>\r\n<p style="padding-left: 30px;">5.5. Dissemination of personal data without the User''s consent can be allowed in cases specified by the current legislation of Ukraine and only in the interests of national security, economic welfare and human rights, in particular, reasonably requested by state authorities eligible to apply and receive such data by court decisions.</p>\r\n<p style="padding-left: 30px;">5.6. The Contractor reserves the right to provide depersonalized information to all users and partners, including publishers, advertisers and associated services of third parties.</p>\r\n<p><strong>6. Protection of confidential information</strong></p>\r\n<p style="padding-left: 30px;">6.1. All the information that is processed by the Contractor is protected by special organizational measures and technical means in order to prevent its accidental loss or destruction, illegal processing, including unlawful destruction or access to the personal data.</p>\r\n<p style="padding-left: 30px;">6.2. Each of the Contractor''s employees uses the access only to those User’s personal data (parts) which are necessary for the execution of their professional or work duties.</p>\r\n<p style="padding-left: 30px;">6.3. Removal and destruction of personal data is to be done in a way excluding the possibility of further recovery.</p>\r\n<p><strong>N.B.                                                                                    </strong></p>\r\n<p><a href="#">Privacy Policy</a> was written in the Ukrainian language (Ukraine). If any translation of the Privacy Policy contradicts its Ukrainian version, preference shall be given to the Ukrainian text.</p>');
INSERT INTO `oc_t_pages_description` (`fk_i_pages_id`, `fk_c_locale_code`, `s_title`, `s_text`) VALUES
(53, 'ru_RU', 'Политика конфиденциальности', '<p><strong>1. Общие положения</strong></p>\r\n<p style="padding-left: 30px;">1.1. Настоящая Политика конфиденциальности (далее – Политика) определяет требования к обработке и защите персональных данных Пользователей, которые собираются Исполнителем в процессе оказания услуг, предусмотренных <a href="http://porukam.kiev.ua/index.php?page=page&amp;id=48">Условиями использования сайта</a><u>.</u></p>\r\n<p style="padding-left: 30px;">1.2. Все термины, содержащиеся в этой Политике, используются в значении, определенном <a href="http://porukam.kiev.ua/index.php?page=page&amp;id=48">Условиями использования сайта</a>, действующим законодательством Украины и обычаями делового оборота.</p>\r\n<p style="padding-left: 30px;">1.3. Владельцем персональных данных, которые были получены от лиц при регистрации аккаунта и собраны в ходе пользования ими сайтом, является физическое лицо-предприниматель Вишневский Юрий Анатольевич.</p>\r\n<p style="padding-left: 30px;">1.4. Перед регистрацией на Сайте Пользователь обязан ознакомиться с положениями Политики и дать свое однозначное согласие на обработку персональных данных, указанных в пункте 2.1 Политики.</p>\r\n<p style="padding-left: 30px;">1.5. Согласие пользователя на обработку его персональных данных предоставляется в электронной форме, путем проставления отметки напротив соответствующего пункта при регистрации на Сайте.</p>\r\n<p style="padding-left: 30px;">Пользователь не имеет права получать Услуги и (или) Платные услуги, если он не согласен с условиями Политики.</p>\r\n<p style="padding-left: 30px;">Если лицо полностью или частично не согласно с Политикой, Исполнитель просит его оставить сайт.</p>\r\n<p><strong>2. С</strong><strong>обираемая</strong><strong> информация</strong></p>\r\n<p style="padding-left: 30px;">2.1. К информации о пользователе, которая собирается Исполнителем, относится:</p>\r\n<p style="padding-left: 60px;">2.1.1. Информация, полученная от пользователя, в частности:</p>\r\n<p style="padding-left: 90px;">2.1.1.1. имя физического лица или наименование юридического лица;</p>\r\n<p style="padding-left: 90px;">2.1.1.2. место нахождения или жительства;</p>\r\n<p style="padding-left: 90px;">2.1.1.3. номер телефона;</p>\r\n<p style="padding-left: 90px;">2.1.1.4. электронная почта;</p>\r\n<p style="padding-left: 90px;">2.1.1.5. фото;</p>\r\n<p style="padding-left: 90px;">2.1.1.6. реквизиты платежной карты.</p>\r\n<p style="padding-left: 60px;">2.1.2. Информация, полученная при использовании сервисов, в частности:</p>\r\n<p style="padding-left: 90px;">2.1.2.1. файлы сookies;</p>\r\n<p style="padding-left: 90px;">2.1.2.2. IP-адрес пользователя;</p>\r\n<p style="padding-left: 90px;">2.1.2.3. поведение пользователя на Сайте.</p>\r\n<p style="padding-left: 30px;">2.2. Вся информация о пользователе, которая обрабатывается Исполнителем, является конфиденциальной.</p>\r\n<p style="padding-left: 30px;">2.3. Исполнитель не имеет права собирать персональные данные пользователя, кроме тех, которые указаны в пункте 2.1. Политики.</p>\r\n<p><strong>3. Цель обработки персональных данных</strong></p>\r\n<p style="padding-left: 30px;">3.1. Исполнитель собирает информацию – имя, номер телефона и электронную почту пользователя – для идентификации личности, создания и управления учетными записями пользователей, обеспечения доступа к получению услуг и (или) платных услуг.</p>\r\n<p style="padding-left: 30px;">3.2. Исполнитель собирает информацию – адрес электронной почты пользователя и номер его телефона – для обмена информацией между Исполнителем и Пользователем, в том числе по вопросам предоставления услуг и (или) платных услуг, обслуживания пользователя или проведения разрешенных маркетинговых коммуникаций через любые доступные каналы связи.</p>\r\n<p style="padding-left: 30px;">3.3. Исполнитель собирает информацию – файлы сookies, IP-адрес пользователя, поведения пользователя на Сайте – для адаптации рекламы, предлагаемой на Сайте или сервисах третьих лиц, а также контроля общей и индивидуальной активности Пользователей.</p>\r\n<p style="padding-left: 30px;">3.4. Исполнитель может хранить информацию, собранную и полученную на своем Сайте столько, сколько нужно для выполнения деловых целей, определенных разделом 3 Политики.</p>\r\n<p style="padding-left: 30px;">3.5. Информация, которая собирается Исполнителем, используются им с целью выполнения <a href="http://porukam.kiev.ua/index.php?page=page&amp;id=48"><u>Услови</u><u>й</u><u> использования сайта</u></a> как договора, заключенного между Исполнителем и Пользователем.</p>\r\n<p><strong>4. Права Пользователей</strong></p>\r\n<p style="padding-left: 30px;">4.1. Личные неимущественные права на персональные данные Пользователя являются неотъемлемыми и незыблемыми. Пользователь имеет все права, предусмотренные статьей 8 Закона Украины «О защите персональных данных» и другими законодательными актами или договором.</p>\r\n<p style="padding-left: 30px;">4.2. Пользователь вправе предъявлять мотивированное требование Исполнителю о запрете обработки своих персональных данных (их части) и (или) изменения их состава/содержания. Такое требование рассматривается Исполнителем в течение 10 дней с момента получения.</p>\r\n<p style="padding-left: 30px;">Требование о запрете обработки персональных данных должно содержать фамилию, имя и отчество пользователя, его место жительства, указание средств связи с Пользователем (включая номер телефона и адрес электронной почты), конкретные персональные данные и законные основания для запрета их дальнейшей обработки Исполнителем.</p>\r\n<p style="padding-left: 30px;">Пользователь, ссылаясь на недостоверность его персональных данных, обязан в подтверждение данного обстоятельства предоставить выданные на его имя документы, содержащие достоверные сведения о личности.</p>\r\n<p style="padding-left: 30px;">4.3. Если по результатам рассмотрения такого требования обнаружится, что персональные данные пользователя (их часть) обрабатываются незаконно, Исполнитель прекращает обработку персональных данных пользователя (их части) и информирует об этом Пользователя.</p>\r\n<p style="padding-left: 30px;">4.4. Если по результатам рассмотрения такого требования обнаружено, что персональные данные Пользователя (их часть) являются недостоверными, Исполнитель прекращает обработку персональных данных Пользователя (или их части), меняет их состав/содержание и информирует об этом пользователя.</p>\r\n<p style="padding-left: 30px;">4.5. Требования о запрете обработки персональных данных не подлежат удовлетворению, в частности, когда размещенное пользователем объявление является активным (доступным для просмотра другими пользователями), в случае необходимости использования персональных данных пользователя для предоставления ему услуг, предусмотренных <a href="http://porukam.kiev.ua/index.php?page=page&amp;id=48">Условиями использования сайта</a>, или поддержания деловых отношений между Исполнителем и третьими лицами, которым переданы персональные данные пользователя.</p>\r\n<p style="padding-left: 30px;">4.6. В случае если требование не подлежит удовлетворению или содержание требования не соответствует положениям пункта 4.2 Политики, Пользователю предоставляется мотивированный ответ об отсутствии оснований для ее удовлетворения.</p>\r\n<p style="padding-left: 30px;">4.7. Пользователь имеет право отозвать согласие на обработку персональных данных без указания мотивов, в случае если единственным основанием для обработки является согласие субъекта персональных данных.</p>\r\n<p style="padding-left: 30px;">С момента отзыва согласия Исполнитель обязан прекратить обработку персональных данных.</p>\r\n<p style="padding-left: 30px;">Требование отозвать согласие на обработку персональных данных должно содержать фамилию, имя и отчество Пользователя, адрес его места жительства, указание средств связи с Пользователем (включая номер его телефона и адрес электронной почты), конкретные персональные данные, вызвавшие отзыв согласия их обработки Исполнителем.</p>\r\n<p style="padding-left: 30px;">4.8. Требования направляются в письменной форме по адресу: 04211, Киев, а / я 80, или на электронный адрес: wish_vish@list.ru.</p>\r\n<p><strong>5. Передача персональных данных третьим лицам</strong></p>\r\n<p style="padding-left: 30px;">5.1. Исполнитель не передает персональные данные третьим лицам, за исключением случаев, предусмотренных законодательством Украины или настоящей Политикой.</p>\r\n<p style="padding-left: 30px;">5.2. Пользователь дает согласие на распространение своих персональных данных для получения Исполнителем услуг, включая проведение (обработку) платежей, публикацию объявлений в газете, предоставление рекламных услуг.</p>\r\n<p style="padding-left: 30px;">5.3. Исполнитель передает персональные данные аффилированным лицам, другим доверенным лицам для обработки информации по поручению и на условиях Исполнителя, которые соответствуют Политике и другими требованиями законодательства.</p>\r\n<p style="padding-left: 30px;">5.4. Выполнение требований установленного режима защиты персональных данных обеспечивает Исполнитель.</p>\r\n<p style="padding-left: 30px;">5.5. Распространение персональных данных без согласия пользователя, допускается в случаях, определенных действующим законодательством Украины, и только в интересах национальной безопасности, экономического благосостояния и прав человека, в частности, по обоснованным запросам государственных органов, имеющих право подавать заявки и получать такие данные, решениям суда.</p>\r\n<p style="padding-left: 30px;">5.6. Исполнитель оставляет за собой право предоставлять обезличенные данные всем пользователям и партнерам, включая издателей, рекламодателей и связанные сервисы третьих лиц.</p>\r\n<p><strong>6. Защита конфиденциальной информации</strong></p>\r\n<p style="padding-left: 30px;">6.1. Вся информация, которая обрабатывается Исполнителем, защищена специальными организационными мероприятиями и техническими средствами с целью предотвращения ее  случайной потери или уничтожения, незаконной обработки, в том числе незаконного уничтожения или доступа к персональным данным.</p>\r\n<p style="padding-left: 30px;">6.2. Каждый из работников Исполнителя пользуется доступом только к тем персональным данным (их части) Пользователей, которые необходимы ему в связи с исполнением своих профессиональных (служебных) или трудовых обязанностей.</p>\r\n<p style="padding-left: 30px;">6.3. Удаление и уничтожение персональных данных осуществляется способом, исключающим дальнейшую возможность их восстановления.</p>\r\n<p><strong>N</strong><strong>.</strong><strong>B</strong><strong>.</strong></p>\r\n<p><a href="#">Политика конфиденциальности</a> была составлена на украинском языке (Украина). Если какой-либо перевод Политики конфиденциальности  вступает в противоречие с его украинской версией, то приоритетное значение сохраняется за версией на украинском языке.</p>'),
(53, 'uk_UK', 'Політика конфіденційності', '<p><strong>1.Загальні положення </strong></p>\r\n<p style="padding-left: 30px;">1.1. Ця Політика конфіденційності (далі – Політика) визначає вимоги до обробки та захисту персональних даних Користувачів, які збираються Виконавцем в процесі надання послуг, передбачених <a href="http://porukam.kiev.ua/index.php?page=page&amp;id=48">Умовами використання сайту.</a></p>\r\n<p style="padding-left: 30px;">1.2. Усі терміни, що містяться у цій Політиці вживаються у значені, наданому їм <a href="http://porukam.kiev.ua/index.php?page=page&amp;id=48">Умовами використання сайту</a>, чинним законодавством України та звичаями ділового обороту.</p>\r\n<p style="padding-left: 30px;">1.3. Володільцем отриманих під час реєстрації на Сайті та користування ним персональних даних є фізична особа-підприємець Вишневський Юрій Анатолійович.</p>\r\n<p style="padding-left: 30px;">1.4. Перед реєстрацією на Сайті Користувач зобов’язаний ознайомитись з положеннями Політики та надати свою однозначну згоду на обробку персональних даних, зазначених у пункті 2.1 Політики.</p>\r\n<p style="padding-left: 30px;">1.5. Згода Користувача на обробку його персональних даних надається в електронній формі, шляхом проставлення відмітки (позначки) напроти відповідного пункту під час реєстрації на Сайті.</p>\r\n<p style="padding-left: 30px;">Користувач не має права отримувати Послуги та (або) Платні послуги, якщо він не згоден із умовами Політики.</p>\r\n<p style="padding-left: 30px;">Якщо особа повністю або частково не погоджується з цією Політикою, Виконавець просить її залишити сайт.</p>\r\n<p><strong> 2. Інформація, що збирається</strong></p>\r\n<p style="padding-left: 30px;">2.1. До інформації про Користувача, яка збирається Виконавцем, відноситься:</p>\r\n<p style="padding-left: 60px;">2.1.1. Інформація, отримана від Користувача, зокрема:</p>\r\n<p style="padding-left: 90px;">2.1.1.1. ім’я фізичної особи або найменування юридичної особи;</p>\r\n<p style="padding-left: 90px;">2.1.1.2. місце знаходження або проживання;</p>\r\n<p style="padding-left: 90px;">2.1.1.3. номер телефону;</p>\r\n<p style="padding-left: 90px;">2.1.1.4. електрона пошту;</p>\r\n<p style="padding-left: 90px;">2.1.1.5. фото;</p>\r\n<p style="padding-left: 90px;">2.1.1.6. реквізити платіжної карти.</p>\r\n<p style="padding-left: 60px;">2.1.2. Інформація отримана під час користування сервісами, зокрема:</p>\r\n<p style="padding-left: 90px;">2.1.2.1. файли сookies;</p>\r\n<p style="padding-left: 90px;">2.1.2.2. IP-адреса Користувача;</p>\r\n<p style="padding-left: 90px;">2.1.2.3. поведінка Користувача на Сайті.</p>\r\n<p style="padding-left: 30px;">2.3. Уся інформація про Користувача, яка обробляється Виконавцем, є конфіденційною.</p>\r\n<ol>\r\n<li>Виконавець не має права збирати персональні данні Користувача, окрім тих, що зазначені у пункті 2.1 Політики.</li>\r\n</ol>\r\n<p><strong>3. Мета обробки персональних даних</strong></p>\r\n<p style="padding-left: 30px;">3.1. Виконавець збирає інформацію про ім’я, номер телефону та електронну пошту Користувача для ідентифікації особи, створення і управління Обліковими записами користувачів, забезпечення доступу до отримання послуг та (або) платних послуг.</p>\r\n<p style="padding-left: 30px;">3.2 Виконавець збирає інформацію про електронну пошту Користувача та номер телефону для обміну інформацією між Виконавцем та Користувачем, в тому числі з питань надання послуг та (або) платних послуг, обслуговування Користувача або проведення дозволених маркетингових комунікацій через будь-які доступні канали зв''язку.</p>\r\n<p style="padding-left: 30px;">3.3 Виконавець збирає інформацію про файли сookies, IP-адресу Користувача, поведінку Користувача на Сайті для адаптації реклами, що пропонується на Сайті або сервісах третіх осіб, та контролю загальної і індивідуальної активності Користувачів.</p>\r\n<p style="padding-left: 30px;">3.4 Виконавець може зберігати інформацію зібрану і отриману на своєму Сайті стільки, скільки буде потрібно для виконання ділових цілей, визначених розділом 3 Політики.</p>\r\n<p style="padding-left: 30px;">3.5. Інформація, яка збирається Виконавцем, використовуються ним з метою виконання <a href="http://porukam.kiev.ua/index.php?page=page&amp;id=48">Умов використання сайту</a> як договору, укладеного між Виконавцем та Користувачем.</p>\r\n<p> <strong>4. Права Користувачів </strong></p>\r\n<p style="padding-left: 30px;">4.1 Особисті немайнові права на персональні дані Користувача є невід''ємними і непорушними. Користувач має усі права, передбачені статтею 8 Закону України «Про захист персональних даних» та іншими законодавчими актами або договором.</p>\r\n<p style="padding-left: 30px;">4.2 Користувач має право пред’являти вмотивовану вимогу Виконавцю щодо заборони обробки своїх персональних даних (їх частини) та (або) зміни їх складу/змісту. Така вимога розглядається Виконавцем впродовж 10 днів з моменту отримання.</p>\r\n<p style="padding-left: 30px;">Вимога щодо заборони обробки персональних даних повинна містити прізвище, власне ім’я та по батькові Користувача, його місце проживання, засоби зв’язку із Користувачем (номер телефону та електронну пошту), конкретні персональні дані та законні підстави для заборони їх подальшої обробки Виконавцем.</p>\r\n<p style="padding-left: 30px;">Користувач, посилаючись на недостовірність його персональних даних, зобов’язаний на підтвердження даної обставини надати видані на його ім''я документи, які містять достовірні відомості про особу.</p>\r\n<p style="padding-left: 30px;">4.3. Якщо за результатами розгляду такої вимоги виявлено, що персональні дані Користувача (їх частина) обробляються незаконно, Виконавець припиняє обробку персональних даних Користувача (їх частини) та інформує про це Користувача.</p>\r\n<p style="padding-left: 30px;">4.4. Якщо за результатами розгляду такої вимоги виявлено, що персональні дані Користувача (їх частина) є недостовірними, Виконавець припиняє обробку персональних даних Користувача (чи їх частини), змінює їх склад/зміст та інформує про це Користувача.</p>\r\n<p style="padding-left: 30px;">4.5. Вимоги щодо заборони обробки персональних даних не підлягають задоволенню, зокрема, у випадку, коли розміщене Користувачем оголошення є активним (доступним для перегляду іншими користувачами), необхідності використання персональних даних Користувача для надання йому послуг, передбачених <a href="http://porukam.kiev.ua/index.php?page=page&amp;id=48">Умовами використання сайту</a>, або підтримки ділових відносин між Виконавцем та третіми особами, яким передані персональні дані Користувача.</p>\r\n<p style="padding-left: 30px;">4.6. У разі якщо вимога не підлягає задоволенню або зміст вимоги не відповідає положенням пункту 4.2 Політики, Користувачу надається мотивована відповідь щодо відсутності підстав для її задоволення.</p>\r\n<p style="padding-left: 30px;">4.7. Користувач має право відкликати згоду на обробку персональних даних без зазначення мотивів, у разі якщо єдиною підставою для обробки є згода суб’єкта персональних даних.</p>\r\n<p style="padding-left: 30px;">З моменту відкликання згоди Виконавець зобов’язаний припинити обробку персональних даних.</p>\r\n<p style="padding-left: 30px;">Вимога відкликати згоду на обробку персональних даних повинна містити прізвище, власне ім’я та по батькові Користувача, його місце проживання, засоби зв’язку із Користувачем (номер телефону та адресу електронної пошти), конкретні персональні дані щодо яких відкликається згода на обробку Виконавцем.</p>\r\n<p style="padding-left: 30px;">4.8. Вимоги надсилаються у письмовій формі на адресу: 04211, Київ, а/я 80, або електронній через електронну пошту: wish_vish@list.ru.</p>\r\n<p><strong> </strong><strong>5. Передача персональних даних третім особам</strong></p>\r\n<p style="padding-left: 30px;">5.1 Виконавець не передає персональні данні третім особам, за винятком випадків, передбачених законодавством України або цією Політикою.</p>\r\n<p style="padding-left: 30px;">5.2 Користувач надає згоду на поширення своїх персональних даних для отримання Виконавцем послуг, зокрема проведення (обробки) платежів, публікації оголошень у газеті, надання рекламних послуг.</p>\r\n<p style="padding-left: 30px;">5.3. Виконавець передає персональні данні афілійованим особам, іншим довіреним особам для обробки інформації за дорученням і на умовах Виконавця, що відповідають Політиці і іншими вимогами законодавства.</p>\r\n<p style="padding-left: 30px;">5.4. Виконання вимог встановленого режиму захисту персональних даних забезпечує Виконавець.</p>\r\n<p style="padding-left: 30px;">5.5. Поширення персональних даних без згоди Користувача, допускається у випадках, визначених чинним законодавством України, і лише в інтересах національної безпеки, економічного добробуту та прав людини, зокрема, за обґрунтованими запитами державних органів, що мають право подавати заявки та отримувати такі дані, рішенням суду.</p>\r\n<p style="padding-left: 30px;">5.6. Виконавець залишає за собою право надавати знеособлені дані всім Користувачам і партнерам, включаючи видавців, рекламодавців і пов''язані сервіси третіх осіб.</p>\r\n<p> <strong>6. Захист конфіденційної інформації</strong></p>\r\n<p style="padding-left: 30px;">6.1 Вся інформація, яка обробляється Виконавцем, захищена спеціальними організаційними заходами та технічними засобами з метою запобігання випадкових втрат або знищення, незаконної обробки, у тому числі незаконного знищення чи доступу до персональних даних.</p>\r\n<p style="padding-left: 30px;">6.2. Кожен із працівників Виконавця користується доступом лише до тих персональних даних (їх частини) Користувачів, які необхідні йому у зв’язку з виконанням своїх професійних чи службових або трудових обов’язків.</p>\r\n<p style="padding-left: 30px;">6.3. Видалення та знищення персональних даних здійснюється у спосіб, що виключає подальшу можливість їх поновлення.</p>');

-- --------------------------------------------------------

--
-- Структура таблиці `oc_t_plugin_category`
--

CREATE TABLE IF NOT EXISTS `oc_t_plugin_category` (
  `s_plugin_name` varchar(40) NOT NULL,
  `fk_i_category_id` int(10) unsigned NOT NULL,
  KEY `fk_i_category_id` (`fk_i_category_id`)
) ENGINE=InnoDB DEFAULT CHARSET=utf8;

-- --------------------------------------------------------

--
-- Структура таблиці `oc_t_preference`
--

CREATE TABLE IF NOT EXISTS `oc_t_preference` (
  `s_section` varchar(40) NOT NULL,
  `s_name` varchar(40) NOT NULL,
  `s_value` longtext NOT NULL,
  `e_type` enum('STRING','INTEGER','BOOLEAN') NOT NULL,
  UNIQUE KEY `s_section` (`s_section`,`s_name`)
) ENGINE=InnoDB DEFAULT CHARSET=utf8;

--
-- Дамп даних таблиці `oc_t_preference`
--

INSERT INTO `oc_t_preference` (`s_section`, `s_name`, `s_value`, `e_type`) VALUES
('bender', 'defaultLocationShowAs', 'dropdown', 'STRING'),
('bender', 'defaultShowAs@all', 'list', 'STRING'),
('bender', 'donation', '0', 'STRING'),
('bender', 'footer_link', '1', 'STRING'),
('bender', 'keyword_placeholder', 'ie. PHP Programmer', 'STRING'),
('bender', 'version', '314', 'STRING'),
('bender_theme', 'defaultShowAs@all', 'list', 'STRING'),
('bender_theme', 'donation', '0', 'STRING'),
('bender_theme', 'footer_link', '1', 'STRING'),
('bender_theme', 'keyword_placeholder', '', 'STRING'),
('bender_theme', 'version', '1.0.1', 'STRING'),
('cookie', 'accept', '1', 'BOOLEAN'),
('cookie', 'analytics_id', '', 'STRING'),
('cookie', 'analytics_msg', 'We use cookies, just to track visits to our website, we store no personal details.', 'STRING'),
('cookie', 'decline', '0', 'BOOLEAN'),
('cookie', 'domain', '', 'STRING'),
('cookie', 'non_analytics_msg', 'By using this site you agree to <a href="{{cookiePolicyLink}}">use of cookies</a> to enhance your experience.', 'STRING'),
('cookie', 'policy_link', 'http://porukam.kiev.ua/', 'STRING'),
('cookie', 'reset', '0', 'BOOLEAN'),
('cookie', 'what_are_link', 'http://www.allaboutcookies.org/', 'STRING'),
('facebook_connect', 'fbc_appId', '846390205507199', 'STRING'),
('facebook_connect', 'fbc_secret', '6b92bf2a4271cd5df688e91b7fd6648d', 'STRING'),
('modern_admin_theme', 'compact_mode', '0', 'STRING'),
('osclass', 'active_plugins', 'a:14:{i:1;s:25:"cookie_language/index.php";i:3;s:26:"google_analytics/index.php";i:5;s:25:"profile_picture/index.php";i:9;s:21:"google_maps/index.php";i:10;s:13:"rbc/index.php";i:11;s:23:"multicurrency/index.php";i:12;s:24:"favorite_items/index.php";i:16;s:18:"print_ad/index.php";i:17;s:19:"scrolltop/index.php";i:19;s:17:"cookies/index.php";i:20;s:19:"ghost_fix/index.php";i:22;s:21:"related_ads/index.php";i:23;s:28:"madhouse_messenger/index.php";i:24;s:26:"preResize_images/index.php";}', 'STRING'),
('osclass', 'admin_language', 'en_US', 'STRING'),
('osclass', 'admin_theme', 'modern', 'STRING'),
('osclass', 'akismetKey', '1956863d2520', 'STRING'),
('osclass', 'allowedExt', 'png,gif,jpg,jpeg', 'STRING'),
('osclass', 'allow_report_osclass', '1', 'BOOLEAN'),
('osclass', 'auto_cron', '1', 'STRING'),
('osclass', 'auto_update', 'branch', 'STRING'),
('osclass', 'comments_per_page', '10', 'STRING'),
('osclass', 'contactEmail', 'main@design-plus.kiev.ua', 'STRING'),
('osclass', 'contact_attachment', '0', 'STRING'),
('osclass', 'csrf_name', 'CSRF1983176511', 'STRING'),
('osclass', 'currency', 'UAH', 'STRING'),
('osclass', 'dateFormat', 'd/m/Y', 'STRING'),
('osclass', 'defaultOrderField@search', 'dt_pub_date', 'STRING'),
('osclass', 'defaultOrderType@search', '1', 'BOOLEAN'),
('osclass', 'defaultResultsPerPage@search', '12', 'STRING'),
('osclass', 'defaultShowAs@search', 'list', 'STRING'),
('osclass', 'description_character_length', '5000', 'STRING'),
('osclass', 'dimNormal', '640x480', 'STRING'),
('osclass', 'dimPreview', '480x340', 'STRING'),
('osclass', 'dimThumbnail', '240x200', 'STRING'),
('osclass', 'enabled_comments', '1', 'STRING'),
('osclass', 'enabled_recaptcha_items', '0', 'STRING'),
('osclass', 'enabled_users', '1', 'BOOLEAN'),
('osclass', 'enabled_user_registration', '1', 'BOOLEAN'),
('osclass', 'enabled_user_validation', '1', 'BOOLEAN'),
('osclass', 'enableField#f_price@items', '1', 'STRING'),
('osclass', 'enableField#images@items', '1', 'STRING'),
('osclass', 'force_aspect_image', '0', 'STRING'),
('osclass', 'force_jpeg', '1', 'STRING'),
('osclass', 'installed_plugins', 'a:17:{i:0;s:21:"google_maps/index.php";i:1;s:26:"google_analytics/index.php";i:2;s:25:"cookie_language/index.php";i:3;s:17:"cookies/index.php";i:4;s:18:"facebook/index.php";i:5;s:23:"multicurrency/index.php";i:6;s:24:"favorite_items/index.php";i:8;s:16:"slider/index.php";i:9;s:18:"print_ad/index.php";i:10;s:25:"profile_picture/index.php";i:11;s:16:"qrcode/index.php";i:12;s:21:"related_ads/index.php";i:13;s:19:"scrolltop/index.php";i:15;s:19:"ghost_fix/index.php";i:16;s:13:"rbc/index.php";i:17;s:28:"madhouse_messenger/index.php";i:18;s:26:"preResize_images/index.php";}', 'STRING'),
('osclass', 'items_wait_time', '0', 'STRING'),
('osclass', 'item_attachment', '0', 'STRING'),
('osclass', 'keep_original_image', '1', 'STRING'),
('osclass', 'language', 'ru_RU', 'STRING'),
('osclass', 'languages_downloaded', '["en_US","ru_RU","uk_UK"]', 'STRING'),
('osclass', 'languages_last_version_check', '1486031931', 'STRING'),
('osclass', 'languages_to_update', '[]', 'STRING'),
('osclass', 'languages_update_count', '0', 'STRING'),
('osclass', 'last_version_check', '1486091915', 'STRING'),
('osclass', 'location_todo', '599', 'STRING'),
('osclass', 'logged_user_item_validation', '1', 'STRING'),
('osclass', 'mailserver_auth', '0', 'STRING'),
('osclass', 'mailserver_host', 'localhost', 'STRING'),
('osclass', 'mailserver_mail_from', 'PORUKAM', 'STRING'),
('osclass', 'mailserver_name_from', 'По рукам!', 'STRING'),
('osclass', 'mailserver_password', '', 'STRING'),
('osclass', 'mailserver_pop', '0', 'STRING'),
('osclass', 'mailserver_port', '', 'STRING'),
('osclass', 'mailserver_ssl', '', 'STRING'),
('osclass', 'mailserver_type', 'custom', 'STRING'),
('osclass', 'mailserver_username', '', 'STRING'),
('osclass', 'marketAllowExternalSources', '0', 'STRING'),
('osclass', 'marketAPIConnect', 'gvAhAIX7XsqSeMyLCW2NRjMXgWb945he', 'STRING'),
('osclass', 'marketCategories', '{"0":{"value":"135","label":"Apps","categories":[]},"languages":{"value":"98","label":"Languages","categories":[]},"themes":{"value":"96","label":"Themes","categories":[{"value":"102","label":"General","categories":[]},{"value":"100","label":"Jobs","categories":[]},{"value":"101","label":"Real estate","categories":[]},{"value":"99","label":"Automotive","categories":[]}]},"plugins":{"value":"97","label":"Plugins","categories":[{"value":"103","label":"Ad management","categories":[]},{"value":"132","label":"Appearance","categories":[]},{"value":"105","label":"Analytics","categories":[]},{"value":"130","label":"Attributes","categories":[]},{"value":"106","label":"Counters","categories":[]},{"value":"107","label":"Cloud tools","categories":[]},{"value":"109","label":"Customer support","categories":[]},{"value":"110","label":"DB tools","categories":[]},{"value":"111","label":"Date \\/ Time","categories":[]},{"value":"112","label":"E-mail","categories":[]},{"value":"114","label":"Image galleries \\/ sliders","categories":[]},{"value":"115","label":"Maps","categories":[]},{"value":"116","label":"Mobile","categories":[]},{"value":"117","label":"Messaging","categories":[]},{"value":"131","label":"Monetize","categories":[]},{"value":"119","label":"Reviews &amp; Ratings","categories":[]},{"value":"134","label":"Search tools","categories":[]},{"value":"120","label":"Site recommendation","categories":[]},{"value":"121","label":"User Management","categories":[]},{"value":"122","label":"Payments","categories":[]},{"value":"124","label":"Text processing \\/ WYSIWYG Editors","categories":[]},{"value":"125","label":"Video \\/ Audio","categories":[]},{"value":"126","label":"Social Networks","categories":[]},{"value":"127","label":"SEO","categories":[]},{"value":"133","label":"Security","categories":[]},{"value":"128","label":"Miscellaneous","categories":[]}]}}', 'STRING'),
('osclass', 'marketDataUpdate', '1485427272', 'STRING'),
('osclass', 'marketURL', 'http://market.osclass.org/api/v2/', 'STRING'),
('osclass', 'maxLatestItems@home', '12', 'STRING'),
('osclass', 'maxResultsPerPage@search', '50', 'INTEGER'),
('osclass', 'maxSizeKb', '4000', 'STRING'),
('osclass', 'moderate_comments', '-1', 'STRING'),
('osclass', 'moderate_items', '-1', 'STRING'),
('osclass', 'mod_rewrite_loaded', '0', 'STRING'),
('osclass', 'notify_contact_friends', '1', 'STRING'),
('osclass', 'notify_contact_item', '1', 'STRING'),
('osclass', 'notify_new_comment', '1', 'STRING'),
('osclass', 'notify_new_comment_user', '1', 'STRING'),
('osclass', 'notify_new_item', '1', 'STRING'),
('osclass', 'notify_new_user', '1', 'BOOLEAN'),
('osclass', 'numImages@items', '24', 'STRING'),
('osclass', 'num_rss_items', '50', 'STRING'),
('osclass', 'osclass_installed', '1', 'BOOLEAN'),
('osclass', 'pageDesc', 'Сайт объявлений с функцией «Turbo»', 'STRING'),
('osclass', 'pageTitle', 'По рукам! – Сайт объявлений', 'STRING'),
('osclass', 'ping_search_engines', '1', 'BOOLEAN'),
('osclass', 'plugins_downloaded', '["cookie-language","cookies","favorite-items-plugin","ghostbuster","http:\\/\\/www.osclass.org\\/files\\/plugins\\/google_analytics\\/update.php","http:\\/\\/www.osclass.org\\/files\\/plugins\\/google_maps\\/update.php","madhouse-messenger","multicurrency","pre-resize-images","","","robokassa_2","","","facebook-connect","http:\\/\\/www.osclass.org\\/files\\/plugins","qrcode","list-seller-items"]', 'STRING'),
('osclass', 'plugins_last_version_check', '1486031937', 'STRING'),
('osclass', 'plugins_to_update', '["favorite-items-plugin","madhouse-messenger","pre-resize-images"]', 'STRING'),
('osclass', 'plugins_update_count', '3', 'STRING'),
('osclass', 'purge_latest_searches', '1000', 'STRING'),
('osclass', 'recaptchaPrivKey', '', 'STRING'),
('osclass', 'recaptchaPubKey', '', 'STRING'),
('osclass', 'reg_user_can_contact', '0', 'STRING'),
('osclass', 'reg_user_post', '0', 'STRING'),
('osclass', 'reg_user_post_comments', '0', 'STRING'),
('osclass', 'rewriteEnabled', '0', 'STRING'),
('osclass', 'rewrite_cat_url', '{CATEGORY_ID}', 'STRING'),
('osclass', 'rewrite_contact', 'contact', 'STRING'),
('osclass', 'rewrite_feed', 'feed', 'STRING'),
('osclass', 'rewrite_item_activate', 'item/activate', 'STRING'),
('osclass', 'rewrite_item_contact', 'item/contact', 'STRING'),
('osclass', 'rewrite_item_delete', 'item/delete', 'STRING'),
('osclass', 'rewrite_item_edit', 'item/edit', 'STRING'),
('osclass', 'rewrite_item_mark', 'item/mark', 'STRING'),
('osclass', 'rewrite_item_new', 'item/new', 'STRING'),
('osclass', 'rewrite_item_resource_delete', 'resource/delete', 'STRING'),
('osclass', 'rewrite_item_send_friend', 'item/send-friend', 'STRING'),
('osclass', 'rewrite_item_url', '{CATEGORIES}/{ITEM_TITLE}_i{ITEM_ID}', 'STRING'),
('osclass', 'rewrite_language', 'language', 'STRING'),
('osclass', 'rewrite_page_url', '{ITEM_ID}-p{PAGE_ID}', 'STRING'),
('osclass', 'rewrite_rules', 'a:43:{s:11:"^contact/?$";s:22:"index.php?page=contact";s:8:"^feed/?$";s:31:"index.php?page=search&sFeed=rss";s:13:"^feed/(.+)/?$";s:30:"index.php?page=search&sFeed=$1";s:18:"^language/(.*?)/?$";s:33:"index.php?page=language&locale=$1";s:8:"^search$";s:21:"index.php?page=search";s:13:"^search/(.*)$";s:32:"index.php?page=search&sParams=$1";s:28:"^item/mark/(.*?)/([0-9]+)/?$";s:43:"index.php?page=item&action=mark&as=$1&id=$2";s:29:"^item/send-friend/([0-9]+)/?$";s:44:"index.php?page=item&action=send_friend&id=$1";s:25:"^item/contact/([0-9]+)/?$";s:40:"index.php?page=item&action=contact&id=$1";s:12:"^item/new/?$";s:35:"index.php?page=item&action=item_add";s:21:"^item/new/([0-9]+)/?$";s:44:"index.php?page=item&action=item_add&catId=$1";s:32:"^item/activate/([0-9]+)/(.*?)/?$";s:51:"index.php?page=item&action=activate&id=$1&secret=$2";s:28:"^item/edit/([0-9]+)/(.*?)/?$";s:52:"index.php?page=item&action=item_edit&id=$1&secret=$2";s:30:"^item/delete/([0-9]+)/(.*?)/?$";s:54:"index.php?page=item&action=item_delete&id=$1&secret=$2";s:59:"^resource/delete/([0-9]+)/([0-9]+)/([0-9A-Za-z]+)/?(.*?)/?$";s:73:"index.php?page=item&action=deleteResource&id=$1&item=$2&code=$3&secret=$4";s:65:"^([a-z]{2})_([A-Z]{2})/.*/.*_i([0-9]+)\\?comments-page=([0-9al]*)$";s:53:"index.php?page=item&id=$3&lang=$1_$2&comments-page=$4";s:43:"^.*/.*_i([0-9]+)\\?comments-page=([0-9al]*)$";s:42:"index.php?page=item&id=$1&comments-page=$2";s:39:"^([a-z]{2})_([A-Z]{2})/.*/.*_i([0-9]+)$";s:36:"index.php?page=item&id=$3&lang=$1_$2";s:17:"^.*/.*_i([0-9]+)$";s:25:"index.php?page=item&id=$1";s:14:"^user/login/?$";s:20:"index.php?page=login";s:18:"^user/dashboard/?$";s:36:"index.php?page=user&action=dashboard";s:15:"^user/logout/?$";s:33:"index.php?page=main&action=logout";s:17:"^user/register/?$";s:39:"index.php?page=register&action=register";s:32:"^user/activate/([0-9]+)/(.*?)/?$";s:53:"index.php?page=register&action=validate&id=$1&code=$2";s:44:"^alert/confirm/([0-9]+)/([a-zA-Z0-9]+)/(.+)$";s:66:"index.php?page=user&action=activate_alert&id=$1&email=$3&secret=$2";s:16:"^user/profile/?$";s:34:"index.php?page=user&action=profile";s:25:"^user/profile/([0-9]+)/?$";s:44:"index.php?page=user&action=pub_profile&id=$1";s:21:"^user/profile/(.+)/?$";s:50:"index.php?page=user&action=pub_profile&username=$1";s:14:"^user/items/?$";s:32:"index.php?page=user&action=items";s:15:"^user/alerts/?$";s:33:"index.php?page=user&action=alerts";s:16:"^user/recover/?$";s:35:"index.php?page=login&action=recover";s:29:"^user/forgot/([0-9]+)/(.*)/?$";s:52:"index.php?page=login&action=forgot&userId=$1&code=$2";s:19:"^password/change/?$";s:42:"index.php?page=user&action=change_password";s:16:"^email/change/?$";s:39:"index.php?page=user&action=change_email";s:19:"^username/change/?$";s:42:"index.php?page=user&action=change_username";s:32:"^email/confirm/([0-9]+)/(.*?)/?$";s:65:"index.php?page=user&action=change_email_confirm&userId=$1&code=$2";s:23:"^{ITEM_ID}-p([0-9]+)/?$";s:25:"index.php?page=page&id=$1";s:45:"^([a-z]{2})_([A-Z]{2})/{ITEM_ID}-p([0-9]+)/?$";s:36:"index.php?page=page&lang=$1_$2&id=$3";s:16:"^(.+?)\\.php(.*)$";s:8:"$1.php$2";s:19:"^([0-9]+)/([0-9]+)$";s:43:"index.php?page=search&sCategory=$1&iPage=$2";s:12:"^([0-9]+)/?$";s:34:"index.php?page=search&sCategory=$1";s:15:"^(.+)/([0-9]+)$";s:30:"index.php?page=search&iPage=$2";s:6:"^(.+)$";s:21:"index.php?page=search";}', 'STRING'),
('osclass', 'rewrite_search_category', 'category', 'STRING'),
('osclass', 'rewrite_search_city', 'city', 'STRING'),
('osclass', 'rewrite_search_city_area', 'cityarea', 'STRING'),
('osclass', 'rewrite_search_country', 'country', 'STRING'),
('osclass', 'rewrite_search_pattern', 'pattern', 'STRING'),
('osclass', 'rewrite_search_region', 'region', 'STRING'),
('osclass', 'rewrite_search_url', 'search', 'STRING'),
('osclass', 'rewrite_search_user', 'user', 'STRING'),
('osclass', 'rewrite_user_activate', 'user/activate', 'STRING'),
('osclass', 'rewrite_user_activate_alert', 'alert/confirm', 'STRING'),
('osclass', 'rewrite_user_alerts', 'user/alerts', 'STRING'),
('osclass', 'rewrite_user_change_email', 'email/change', 'STRING'),
('osclass', 'rewrite_user_change_email_confirm', 'email/confirm', 'STRING'),
('osclass', 'rewrite_user_change_password', 'password/change', 'STRING'),
('osclass', 'rewrite_user_change_username', 'username/change', 'STRING'),
('osclass', 'rewrite_user_dashboard', 'user/dashboard', 'STRING'),
('osclass', 'rewrite_user_forgot', 'user/forgot', 'STRING'),
('osclass', 'rewrite_user_items', 'user/items', 'STRING'),
('osclass', 'rewrite_user_login', 'user/login', 'STRING'),
('osclass', 'rewrite_user_logout', 'user/logout', 'STRING'),
('osclass', 'rewrite_user_profile', 'user/profile', 'STRING'),
('osclass', 'rewrite_user_recover', 'user/recover', 'STRING'),
('osclass', 'rewrite_user_register', 'user/register', 'STRING'),
('osclass', 'save_latest_searches', '0', 'BOOLEAN'),
('osclass', 'selectable_parent_categories', '1', 'STRING'),
('osclass', 'seo_url_search_prefix', '', 'STRING'),
('osclass', 'subdomain_host', 'porukam.kiev.ua', 'STRING'),
('osclass', 'subdomain_type', '', 'STRING'),
('osclass', 'theme', 'zara', 'STRING'),
('osclass', 'themes_downloaded', '["zara-theme-full-responsive","spain-ibero-theme","bender"]', 'STRING'),
('osclass', 'themes_last_version_check', '1486031933', 'STRING'),
('osclass', 'themes_to_update', '["zara"]', 'STRING'),
('osclass', 'themes_update_count', '1', 'STRING'),
('osclass', 'timeFormat', 'H:i', 'STRING'),
('osclass', 'timezone', 'Europe/Kiev', 'STRING'),
('osclass', 'title_character_length', '100', 'STRING'),
('osclass', 'update_core_json', '{"version":"371","url":"http:\\/\\/static.osclass.org\\/download\\/osclass.3.7.1.zip","s_name":"3.7.1"}', 'STRING'),
('osclass', 'username_blacklist', 'admin,user', 'STRING'),
('osclass', 'use_imagick', '1', 'STRING'),
('osclass', 'version', '361', 'INTEGER'),
('osclass', 'warn_expiration', '0', 'STRING'),
('osclass', 'watermark_image', '/var/www/porukam/porukam.kiev.ua/oc-content/uploads/watermark.png', 'STRING'),
('osclass', 'watermark_place', 'br', 'STRING'),
('osclass', 'watermark_text', '', 'STRING'),
('osclass', 'watermark_text_color', '', 'STRING'),
('osclass', 'weekStart', '1', 'STRING'),
('plugin-fi', 'fi_max_per_list', '24', 'INTEGER'),
('plugin-fi', 'fi_per_page', '8', 'INTEGER'),
('plugin-fi', 'fi_quick_message', '1', 'INTEGER'),
('plugin-ghost', 'ghost_admin_toolbar_count', '0', 'INTEGER'),
('plugin-google_analytics', 'google_analytics_id', '', 'STRING'),
('plugin_madhouse_messenger', 'autolinker_new_window', 'true', 'STRING'),
('plugin_madhouse_messenger', 'autolinker_strip_prefix', 'false', 'STRING'),
('plugin_madhouse_messenger', 'autolinker_truncate_length', '30', 'STRING'),
('plugin_madhouse_messenger', 'automessage_item_deleted', '0', 'STRING'),
('plugin_madhouse_messenger', 'automessage_item_spammed', '0', 'STRING'),
('plugin_madhouse_messenger', 'automessage_newer_days', '30', 'STRING'),
('plugin_madhouse_messenger', 'base_url', 'messenger', 'STRING'),
('plugin_madhouse_messenger', 'default_status', '0', 'STRING'),
('plugin_madhouse_messenger', 'display_usermenu_link', '1', 'STRING'),
('plugin_madhouse_messenger', 'email_admin_on_block_user', '1', 'STRING'),
('plugin_madhouse_messenger', 'email_excerpt_length', '45', 'STRING'),
('plugin_madhouse_messenger', 'email_excerpt_oneline', '0', 'STRING'),
('plugin_madhouse_messenger', 'enable_autolinker', '1', 'STRING'),
('plugin_madhouse_messenger', 'enable_block_user', '1', 'STRING'),
('plugin_madhouse_messenger', 'enable_mark_as_unread', '1', 'STRING'),
('plugin_madhouse_messenger', 'enable_message_template', '0', 'STRING'),
('plugin_madhouse_messenger', 'enable_notifications', '1', 'STRING'),
('plugin_madhouse_messenger', 'enable_reminders', '1', 'STRING'),
('plugin_madhouse_messenger', 'enable_status', '1', 'STRING'),
('plugin_madhouse_messenger', 'moderation_user', '', 'STRING'),
('plugin_madhouse_messenger', 'notify_everytime', '1', 'STRING'),
('plugin_madhouse_messenger', 'reminder_every', '1000', 'STRING'),
('plugin_madhouse_messenger', 'reminder_every_days', '2', 'STRING'),
('plugin_madhouse_messenger', 'status_for_owner_only', '1', 'STRING'),
('plugin_madhouse_messenger', 'stop_notify_after', '1000', 'STRING'),
('plugin_madhouse_messenger', 'stop_reminder_after', '8', 'STRING'),
('plugin_madhouse_messenger', 'upgrading_versions', '["1.40.0"]', 'STRING'),
('plugin_madhouse_messenger', 'version', '1.50.0', 'STRING'),
('preResize_images', 'maxPixels', '2048', 'INTEGER'),
('qrcode', 'code_size', '5', 'INTEGER'),
('qrcode', 'upload_path', '/var/www/porukam/porukam.kiev.ua/oc-content/uploads/qrcode/', 'STRING'),
('qrcode', 'upload_url', 'http://porukam.kiev.ua/oc-content/uploads/qrcode/', 'STRING'),
('rbc', 'allow_after', '1', 'BOOLEAN'),
('rbc', 'allow_high', '1', 'BOOLEAN'),
('rbc', 'allow_move', '1', 'BOOLEAN'),
('rbc', 'allow_premium', '1', 'BOOLEAN'),
('rbc', 'but_high', '1', 'BOOLEAN'),
('rbc', 'but_premium', '1', 'BOOLEAN'),
('rbc', 'but_top', '1', 'BOOLEAN'),
('rbc', 'color_days', '7', 'INTEGER'),
('rbc', 'currency', 'UAH', 'STRING'),
('rbc', 'default_color_cost', '10', 'STRING'),
('rbc', 'default_premium_cost', '100', 'STRING'),
('rbc', 'default_publish_cost', '1.0', 'STRING'),
('rbc', 'default_top_cost', '20', 'STRING'),
('rbc', 'mrhlogin', 'qweerrr', 'STRING'),
('rbc', 'mrhpass1', '2016tolok', 'STRING'),
('rbc', 'mrhpass2', '2016tolok', 'STRING'),
('rbc', 'pack_price_1', '10', 'STRING'),
('rbc', 'pack_price_2', '20', 'STRING'),
('rbc', 'pack_price_3', '100', 'STRING'),
('rbc', 'pay_per_post', '0', 'BOOLEAN'),
('rbc', 'premium_days', '7', 'INTEGER'),
('rbc', 'rbc_email', '', 'STRING'),
('rbc', 'version', '321', 'INTEGER'),
('related_ads', 'related_autoembed', '0', 'INTEGER'),
('related_ads', 'related_css', '1', 'INTEGER'),
('related_ads', 'related_picOnly', '0', 'INTEGER'),
('related_ads', 'related_ra_numads', '4', 'INTEGER'),
('related_ads', 'related_version', '2.0.0', 'STRING'),
('Slider', 'auto', '1', 'BOOLEAN'),
('Slider', 'backgroundcolor', '#FFFFFF', 'STRING'),
('Slider', 'bordercolor', '#FFFFFF', 'STRING'),
('Slider', 'borderwidth', '10', 'STRING'),
('Slider', 'caption', '0', 'BOOLEAN'),
('Slider', 'height', '340', 'STRING'),
('Slider', 'link', '1', 'BOOLEAN'),
('Slider', 'navigation', '1', 'BOOLEAN'),
('Slider', 'openin', '1', 'BOOLEAN'),
('Slider', 'pager', '0', 'BOOLEAN'),
('Slider', 'shadowcolor', 'transparent', 'STRING'),
('Slider', 'speed', '200', 'STRING'),
('Slider', 'width', '555', 'STRING'),
('spain_ibero', 'region_maps', '{"10":"1","36":"1","30":"1","26":"1"}', 'STRING'),
('spain_ibero_theme', 'defaultShowAs@all', 'list', 'STRING'),
('spain_ibero_theme', 'donation', '0', 'STRING'),
('spain_ibero_theme', 'footer_link', '1', 'STRING'),
('spain_ibero_theme', 'keyword_placeholder', 'Bucando algo?', 'STRING'),
('spain_ibero_theme', 'version', '1.0.6', 'STRING'),
('zara_theme', 'banner_home', '', 'STRING'),
('zara_theme', 'banner_item', '', 'STRING'),
('zara_theme', 'banner_search', '<h4> Генеральный партнер проекта:</br> газета «Столица»</h4>\r\n</br>\r\n<a href="http://stolyca.com.ua" rel="nofollow" target="_blank"> <img src="/oc-content/uploads/img/stolyca_2.jpg" width="100%" title="Информационная поддержка: газеты «Столица. Здоровье и спорт», «Столица. Жизнь города»"  /> </a>', 'STRING'),
('zara_theme', 'cat_icons', '0', 'STRING'),
('zara_theme', 'date_format', 'd-m', 'STRING'),
('zara_theme', 'default_logo', '0', 'STRING'),
('zara_theme', 'def_cur', 'ГРН', 'STRING'),
('zara_theme', 'def_view', '0', 'STRING'),
('zara_theme', 'donation', '0', 'STRING'),
('zara_theme', 'drop_cat', '1', 'STRING'),
('zara_theme', 'enable_partner', '1', 'STRING'),
('zara_theme', 'footer_link', '0', 'STRING'),
('zara_theme', 'format_cur', '1', 'STRING'),
('zara_theme', 'format_sep', ' ', 'STRING'),
('zara_theme', 'home_location', '1', 'STRING'),
('zara_theme', 'image_upload', '1', 'STRING'),
('zara_theme', 'item_pager', '1', 'STRING'),
('zara_theme', 'latest_category', '', 'STRING'),
('zara_theme', 'latest_picture', '0', 'STRING'),
('zara_theme', 'latest_premium', '1', 'STRING'),
('zara_theme', 'latest_random', '1', 'STRING'),
('zara_theme', 'phone', '', 'STRING'),
('zara_theme', 'theme_adsense', '0', 'STRING'),
('zara_theme', 'version', '1.0.8', 'STRING'),
('zara_theme', 'website_name', 'porukam.kiev.ua', 'STRING');

-- --------------------------------------------------------

--
-- Структура таблиці `oc_t_profile_picture`
--

CREATE TABLE IF NOT EXISTS `oc_t_profile_picture` (
  `id` int(10) unsigned NOT NULL AUTO_INCREMENT,
  `user_id` int(10) DEFAULT NULL,
  `pic_ext` varchar(10) DEFAULT NULL,
  PRIMARY KEY (`id`)
) ENGINE=InnoDB  DEFAULT CHARSET=utf8 AUTO_INCREMENT=12 ;

--
-- Дамп даних таблиці `oc_t_profile_picture`
--

INSERT INTO `oc_t_profile_picture` (`id`, `user_id`, `pic_ext`) VALUES
(1, 5, '.jpg'),
(8, 1, '.jpg'),
(9, 7, '.jpg'),
(10, 2, '.jpg'),
(11, 21, '.JPG');

-- --------------------------------------------------------

--
-- Структура таблиці `oc_t_rbc_log`
--

CREATE TABLE IF NOT EXISTS `oc_t_rbc_log` (
  `pk_i_id` int(11) NOT NULL AUTO_INCREMENT,
  `s_concept` varchar(200) NOT NULL,
  `dt_date` datetime NOT NULL,
  `f_outsum` int(20) DEFAULT NULL,
  `s_currency_code` varchar(3) DEFAULT NULL,
  `fk_i_user_id` int(11) DEFAULT NULL,
  `fk_i_item_id` int(11) DEFAULT NULL,
  `s_source` varchar(10) NOT NULL,
  `i_product_type` varchar(15) NOT NULL,
  PRIMARY KEY (`pk_i_id`)
) ENGINE=InnoDB  DEFAULT CHARSET=utf8 AUTO_INCREMENT=21 ;

--
-- Дамп даних таблиці `oc_t_rbc_log`
--

INSERT INTO `oc_t_rbc_log` (`pk_i_id`, `s_concept`, `dt_date`, `f_outsum`, `s_currency_code`, `fk_i_user_id`, `fk_i_item_id`, `s_source`, `i_product_type`) VALUES
(1, 'Добавить бонус для пользователя (2)', '2016-03-10 11:50:01', 1000000, 'UAH', 2, 0, 'Bonus', 'Bonus'),
(4, 'wallet_20160310122040', '2016-03-10 12:20:40', 1, 'UAH', 2, 2, 'WALLET', 'Highlighted'),
(5, 'wallet_20160317175953', '2016-03-17 17:59:53', 10, 'UAH', 2, 2, 'WALLET', 'Premium'),
(6, 'wallet_20160323135244', '2016-03-23 13:52:44', 10, 'UAH', 2, 26, 'WALLET', 'Premium'),
(7, 'wallet_20160324171904', '2016-03-24 17:19:04', 10, 'UAH', 2, 26, 'WALLET', 'Highlighted'),
(8, 'wallet_20160324173856', '2016-03-24 17:38:56', 1, 'UAH', 2, 26, 'WALLET', 'Top'),
(9, 'wallet_20160324174124', '2016-03-24 17:41:24', 1, 'UAH', 2, 26, 'WALLET', 'Top'),
(10, 'wallet_20160324181940', '2016-03-24 18:19:40', 1, 'UAH', 2, 2, 'WALLET', 'Top'),
(11, 'wallet_20160324182112', '2016-03-24 18:21:12', 1, 'UAH', 2, 2, 'WALLET', 'Top'),
(12, 'wallet_20160324191159', '2016-03-24 19:11:59', 10, 'UAH', 2, 2, 'WALLET', 'Highlighted'),
(13, 'wallet_20160324191225', '2016-03-24 19:12:25', 1, 'UAH', 2, 2, 'WALLET', 'Top'),
(14, 'wallet_20160324191247', '2016-03-24 19:12:47', 100, 'UAH', 2, 2, 'WALLET', 'Premium'),
(15, 'wallet_20160331132639', '2016-03-31 13:26:39', 1, 'UAH', 2, 26, 'WALLET', 'Top'),
(16, 'wallet_20160506090126', '2016-05-06 09:01:26', 100, 'UAH', 2, 2, 'WALLET', 'Premium'),
(17, 'wallet_20160506104607', '2016-05-06 10:46:07', 10, 'UAH', 2, 26, 'WALLET', 'Highlighted'),
(18, 'wallet_20160506105958', '2016-05-06 10:59:58', 100, 'UAH', 2, 26, 'WALLET', 'Premium'),
(19, 'wallet_20160506110110', '2016-05-06 11:01:10', 10, 'UAH', 2, 2, 'WALLET', 'Top'),
(20, 'wallet_20160905151521', '2016-09-05 15:15:21', 100, 'UAH', 2, 60, 'WALLET', 'Premium');

-- --------------------------------------------------------

--
-- Структура таблиці `oc_t_rbc_premium`
--

CREATE TABLE IF NOT EXISTS `oc_t_rbc_premium` (
  `fk_i_item_id` int(10) unsigned NOT NULL,
  `dt_date` datetime NOT NULL,
  `s_keyword` varchar(250) DEFAULT NULL,
  `fk_i_payment_id` int(11) NOT NULL,
  PRIMARY KEY (`fk_i_item_id`),
  KEY `fk_i_payment_id` (`fk_i_payment_id`)
) ENGINE=InnoDB DEFAULT CHARSET=utf8;

-- --------------------------------------------------------

--
-- Структура таблиці `oc_t_rbc_prices`
--

CREATE TABLE IF NOT EXISTS `oc_t_rbc_prices` (
  `fk_i_category_id` int(10) unsigned NOT NULL,
  `f_top_cost` float DEFAULT NULL,
  `f_color_cost` float DEFAULT NULL,
  `f_premium_cost` float DEFAULT NULL,
  `f_publish_cost` float DEFAULT NULL,
  PRIMARY KEY (`fk_i_category_id`)
) ENGINE=InnoDB DEFAULT CHARSET=utf8;

-- --------------------------------------------------------

--
-- Структура таблиці `oc_t_rbc_publish`
--

CREATE TABLE IF NOT EXISTS `oc_t_rbc_publish` (
  `fk_i_item_id` int(10) unsigned NOT NULL,
  `dt_date` datetime NOT NULL,
  `b_paid` tinyint(1) NOT NULL DEFAULT '0',
  `s_keyword` varchar(250) DEFAULT NULL,
  `fk_i_payment_id` int(11) DEFAULT NULL,
  PRIMARY KEY (`fk_i_item_id`)
) ENGINE=InnoDB DEFAULT CHARSET=utf8;

-- --------------------------------------------------------

--
-- Структура таблиці `oc_t_rbc_wallet`
--

CREATE TABLE IF NOT EXISTS `oc_t_rbc_wallet` (
  `fk_i_user_id` int(10) unsigned NOT NULL,
  `f_outsum` int(20) DEFAULT NULL,
  PRIMARY KEY (`fk_i_user_id`)
) ENGINE=InnoDB DEFAULT CHARSET=utf8;

--
-- Дамп даних таблиці `oc_t_rbc_wallet`
--

INSERT INTO `oc_t_rbc_wallet` (`fk_i_user_id`, `f_outsum`) VALUES
(2, 999522);

-- --------------------------------------------------------

--
-- Структура таблиці `oc_t_region`
--

CREATE TABLE IF NOT EXISTS `oc_t_region` (
  `pk_i_id` int(10) unsigned NOT NULL AUTO_INCREMENT,
  `fk_c_country_code` char(2) NOT NULL,
  `s_name` varchar(60) NOT NULL,
  `s_slug` varchar(60) NOT NULL DEFAULT '',
  `b_active` tinyint(1) NOT NULL DEFAULT '1',
  PRIMARY KEY (`pk_i_id`),
  KEY `fk_c_country_code` (`fk_c_country_code`),
  KEY `idx_s_name` (`s_name`),
  KEY `idx_s_slug` (`s_slug`)
) ENGINE=InnoDB  DEFAULT CHARSET=utf8 AUTO_INCREMENT=26 ;

--
-- Дамп даних таблиці `oc_t_region`
--

INSERT INTO `oc_t_region` (`pk_i_id`, `fk_c_country_code`, `s_name`, `s_slug`, `b_active`) VALUES
(1, 'UA', 'Киевская', 'kyiv_oblast', 1),
(2, 'UA', 'Житомирская', 'zhitomir_obl', 1),
(3, 'UA', 'Полтавская', 'poltavska_obl', 1),
(4, 'UA', 'Сумская', 'sumska_obl', 1),
(5, 'UA', 'Львовская', 'lvivska_obl', 1),
(6, 'UA', 'Ивано-Франковская', 'ivano_frank_obl', 1),
(7, 'UA', 'Черкасская', 'cherkaskay', 1),
(8, 'UA', 'Винницкая', '%d0%92%d0%b8%d0%bd%d0%bd%d0%b8%d1%86%d0%ba%d0%b0%d1%8f', 1),
(9, 'UA', 'Днепровская', 'd094d0bdd0b5d0bfd180d0bed0bfd0b5d182d180', 1),
(10, 'UA', 'Донецкая', '%d0%94%d0%be%d0%bd%d0%b5%d1%86%d0%ba%d0%b0%d1%8f', 1),
(11, 'UA', 'Запорожская', '%d0%97%d0%b0%d0%bf%d0%be%d1%80%d0%be%d0%b6%d1%81%d0%ba%d0%b0', 1),
(12, 'UA', 'Кропивницкая', 'd09ad0b8d180d0bed0b2d0bed0b3d180d0b0d0b4', 1),
(13, 'UA', 'Луганская', 'luganska_obl', 1),
(14, 'UA', 'Волынская', 'd09bd183d186d0ba', 1),
(15, 'UA', 'Одесская', '%d0%9e%d0%b4%d0%b5%d1%81%d1%81%d0%ba%d0%b0%d1%8f', 1),
(16, 'UA', 'Черниговская', '%d0%a7%d0%b5%d1%80%d0%bd%d0%b8%d0%b3%d0%be%d0%b2%d1%81%d0%ba', 1),
(17, 'UA', 'Харьковская', '%d0%a5%d0%b0%d1%80%d1%8c%d0%ba%d0%be%d0%b2%d1%81%d0%ba%d0%b0', 1),
(18, 'UA', 'Херсонская', '%d0%a5%d0%b5%d1%80%d1%81%d0%be%d0%bd%d1%81%d0%ba%d0%b0%d1%8f', 1),
(19, 'UA', 'АР Крым', '%d0%90%d0%a0-%d0%9a%d1%80%d1%8b%d0%bc', 1),
(20, 'UA', 'Николаевская', '%d0%9d%d0%b8%d0%ba%d0%be%d0%bb%d0%b0%d0%b5%d0%b2%d1%81%d0%ba', 1),
(21, 'UA', 'Хмельницкая', '%d0%a5%d0%bc%d0%b5%d0%bb%d1%8c%d0%bd%d0%b8%d1%86%d0%ba%d0%b0', 1),
(22, 'UA', 'Ровенская', '%d0%a0%d0%be%d0%b2%d0%b5%d0%bd%d1%81%d0%ba%d0%b0%d1%8f', 1),
(23, 'UA', 'Тернопольская', '%d0%a2%d0%b5%d1%80%d0%bd%d0%be%d0%bf%d0%be%d0%bb%d1%8c%d1%81', 1),
(24, 'UA', 'Закарпатская', '%d0%97%d0%b0%d0%ba%d0%b0%d1%80%d0%bf%d0%b0%d1%82%d1%81%d0%ba', 1),
(25, 'UA', 'Черновицкая', '%d0%a7%d0%b5%d1%80%d0%bd%d0%be%d0%b2%d0%b8%d1%86%d0%ba%d0%b0', 1);

-- --------------------------------------------------------

--
-- Структура таблиці `oc_t_region_stats`
--

CREATE TABLE IF NOT EXISTS `oc_t_region_stats` (
  `fk_i_region_id` int(10) unsigned NOT NULL,
  `i_num_items` int(10) unsigned NOT NULL DEFAULT '0',
  PRIMARY KEY (`fk_i_region_id`),
  KEY `idx_num_items` (`i_num_items`)
) ENGINE=InnoDB DEFAULT CHARSET=utf8;

--
-- Дамп даних таблиці `oc_t_region_stats`
--

INSERT INTO `oc_t_region_stats` (`fk_i_region_id`, `i_num_items`) VALUES
(2, 0),
(3, 0),
(4, 0),
(5, 0),
(6, 0),
(7, 0),
(8, 0),
(9, 0),
(10, 0),
(11, 0),
(12, 0),
(13, 0),
(14, 0),
(15, 0),
(16, 0),
(17, 0),
(18, 0),
(19, 0),
(20, 0),
(21, 0),
(22, 0),
(23, 0),
(24, 0),
(25, 0),
(1, 7);

-- --------------------------------------------------------

--
-- Структура таблиці `oc_t_slider`
--

CREATE TABLE IF NOT EXISTS `oc_t_slider` (
  `id` int(10) unsigned NOT NULL AUTO_INCREMENT,
  `uniqname` varchar(100) NOT NULL,
  `imagename` varchar(100) NOT NULL,
  `caption` varchar(300) NOT NULL,
  `link` varchar(100) NOT NULL,
  PRIMARY KEY (`id`)
) ENGINE=InnoDB  DEFAULT CHARSET=utf8 AUTO_INCREMENT=7 ;

--
-- Дамп даних таблиці `oc_t_slider`
--

INSERT INTO `oc_t_slider` (`id`, `uniqname`, `imagename`, `caption`, `link`) VALUES
(5, '5731e240985b6.jpg', 'bigstock-Man-In-Hat-In-A-Hammock-On-A-S-59244518-e1423689518915.jpg', '.. is', 'www.stolyca.com.ua'),
(6, '5731e265be247.jpg', 'kofee233.jpg', 'oo...', 'www.stolyca.com.ua');

-- --------------------------------------------------------

--
-- Структура таблиці `oc_t_user`
--

CREATE TABLE IF NOT EXISTS `oc_t_user` (
  `pk_i_id` int(10) unsigned NOT NULL AUTO_INCREMENT,
  `dt_reg_date` datetime NOT NULL,
  `dt_mod_date` datetime DEFAULT NULL,
  `s_name` varchar(100) NOT NULL,
  `s_username` varchar(100) NOT NULL,
  `s_password` char(60) NOT NULL,
  `s_secret` varchar(40) DEFAULT NULL,
  `s_email` varchar(100) NOT NULL,
  `s_website` varchar(100) DEFAULT NULL,
  `s_phone_land` varchar(45) DEFAULT NULL,
  `s_phone_mobile` varchar(45) DEFAULT NULL,
  `b_enabled` tinyint(1) NOT NULL DEFAULT '1',
  `b_active` tinyint(1) NOT NULL DEFAULT '0',
  `s_pass_code` varchar(100) DEFAULT NULL,
  `s_pass_date` datetime DEFAULT NULL,
  `s_pass_ip` varchar(15) DEFAULT NULL,
  `fk_c_country_code` char(2) DEFAULT NULL,
  `s_country` varchar(40) DEFAULT NULL,
  `s_address` varchar(100) DEFAULT NULL,
  `s_zip` varchar(15) DEFAULT NULL,
  `fk_i_region_id` int(10) unsigned DEFAULT NULL,
  `s_region` varchar(100) DEFAULT NULL,
  `fk_i_city_id` int(10) unsigned DEFAULT NULL,
  `s_city` varchar(100) DEFAULT NULL,
  `fk_i_city_area_id` int(10) unsigned DEFAULT NULL,
  `s_city_area` varchar(200) DEFAULT NULL,
  `d_coord_lat` decimal(10,6) DEFAULT NULL,
  `d_coord_long` decimal(10,6) DEFAULT NULL,
  `b_company` tinyint(1) NOT NULL DEFAULT '0',
  `i_items` int(10) unsigned DEFAULT '0',
  `i_comments` int(10) unsigned DEFAULT '0',
  `dt_access_date` datetime NOT NULL DEFAULT '0000-00-00 00:00:00',
  `s_access_ip` varchar(15) NOT NULL DEFAULT '',
  PRIMARY KEY (`pk_i_id`),
  UNIQUE KEY `s_email` (`s_email`),
  KEY `idx_s_name` (`s_name`(6)),
  KEY `idx_s_username` (`s_username`),
  KEY `fk_c_country_code` (`fk_c_country_code`),
  KEY `fk_i_region_id` (`fk_i_region_id`),
  KEY `fk_i_city_id` (`fk_i_city_id`),
  KEY `fk_i_city_area_id` (`fk_i_city_area_id`)
) ENGINE=InnoDB  DEFAULT CHARSET=utf8 AUTO_INCREMENT=22 ;

--
-- Дамп даних таблиці `oc_t_user`
--

INSERT INTO `oc_t_user` (`pk_i_id`, `dt_reg_date`, `dt_mod_date`, `s_name`, `s_username`, `s_password`, `s_secret`, `s_email`, `s_website`, `s_phone_land`, `s_phone_mobile`, `b_enabled`, `b_active`, `s_pass_code`, `s_pass_date`, `s_pass_ip`, `fk_c_country_code`, `s_country`, `s_address`, `s_zip`, `fk_i_region_id`, `s_region`, `fk_i_city_id`, `s_city`, `fk_i_city_area_id`, `s_city_area`, `d_coord_lat`, `d_coord_long`, `b_company`, `i_items`, `i_comments`, `dt_access_date`, `s_access_ip`) VALUES
(1, '2016-02-25 15:03:37', '2016-06-10 19:43:14', 'Юрий', '1', '$2y$15$0Btqo2N7Jqfi1uz3CVvjD.g9F8fdPxw7oNwJRftjxx2SVIEX.1XwO', 'pYRCF5ws', 'vish_vish@list.ru', 'http://www.stolyca.com.ua', '', '0508464840', 1, 1, 'OprBkZK0SdbnWI3MAsg7EQJl6xtsBb', '2016-03-09 14:25:33', '82.144.205.45', NULL, 'Украина', 'Автозаводская, 10', '', 1, 'Киевская', 1, 'Киев', NULL, '', NULL, NULL, 0, 2, 3, '2017-01-27 17:28:06', '82.144.205.45'),
(2, '2016-02-26 11:29:09', '2016-04-29 22:26:05', 'Василий Шуйский', '2', '$2y$15$AeQqZ/ItxYSINQrRdLbjSOYRJimyEShuBBVVf/FPVt8LNXuYXSN6u', 'rB4dpdg8', 'main@design-plus.kiev.ua', '', '', '0674587658', 1, 1, 'Umpxj1YiN2AsyIYbgieBmQXlID3D0VludPWIbSEtCTiZ3Ug1wj', '1970-01-01 03:00:00', '82.144.205.45', NULL, 'Ukraine', '', '', 1, 'Киевская', 1, 'Киев', NULL, '', NULL, NULL, 0, 1, 4, '2016-12-01 21:11:56', '31.43.131.21'),
(3, '2016-03-04 18:40:59', '2016-03-04 18:50:18', 'Александр', '3', '$2y$15$SRwJnDgcVBYYzNTft22uuuWCLQvAbyreyFkutYTpFisfbabvUa4B6', 'kr4S78jo', 'webadmin@stolyca.com.ua', 'http://porukam.kiev.ua/', '', '068 350 98 86', 1, 1, NULL, NULL, NULL, NULL, 'Ukraine', '', '', 2, 'Житомирська область', 2, 'Житомир', NULL, '', NULL, NULL, 0, 0, 0, '2016-03-04 18:46:25', '82.144.205.45'),
(4, '2016-03-11 12:47:16', '2016-03-16 16:15:53', 'Юрий Второй', '4', '$2y$15$jMHEPRvzKqyz6REb5IhAneJcmBjgHs8e4nyrkWzKjMavZ4bbivJgS', 'QC0tAnhe', 'prestobambina@mail.ru', '', '', '0508464840', 1, 1, '9hSU2W3W2xE3YJrdtmr9NaN3l7cgff', '2016-03-12 11:17:48', '176.37.131.50', NULL, 'Ukraine', '', '', NULL, '', NULL, '', NULL, '', NULL, NULL, 0, 0, 0, '2017-01-25 19:01:35', '82.144.205.45'),
(5, '2016-03-12 14:25:53', '2016-04-01 16:26:35', 'Alexander Knabikas', '5', '$2y$15$S.tP2nr0/mU9fh4dO9dSmOtrgCsOR6xvniOSXQPFcbS1B.VQ35v1m', '02FXfPnn', 'kshar@stolyca.com.ua', 'http://www.stolyca.com.ua', '', '098 432 675 2', 1, 1, NULL, NULL, NULL, NULL, 'Ukraine', 'Межигірська, 28', '', 1, 'Киевская область', 1, 'Киев', NULL, '', NULL, NULL, 0, 0, 0, '2016-04-01 17:30:22', '82.144.205.45'),
(6, '2016-03-12 19:47:23', '2016-03-12 20:08:54', 'Иван Иванович', '6', '$2y$15$sdZ.eTmoSRurcMOh1El9IOdlSiCGJAxxVymZ2//gF5BanUmFAqOAG', 'jF0zLHqK', 'anjemay@stolyca.com.ua', 'http://budindustria.kiev.ua/', '502-48-08', '(044) 502-48-08', 1, 1, NULL, NULL, NULL, NULL, 'Ukraine', 'Віскозна, 3', '', 1, 'Київська область', 1, 'Київ', NULL, '', NULL, NULL, 1, 1, 0, '2016-03-12 23:34:15', '31.43.131.21'),
(7, '2016-03-22 16:14:52', NULL, 'Елена', '7', '$2y$15$C6kio/b.0hJUoy99tiWE4OndrcGbYcvfznyETg4v1XvHt0rOKMh5O', 'Qg2zEg2V', 'lbox@ukr.net', '', '', '', 1, 1, NULL, NULL, NULL, NULL, '', '', '', NULL, '', NULL, '', NULL, '', NULL, NULL, 0, 1, 0, '2016-12-23 16:38:09', '82.144.205.45'),
(8, '2016-03-22 19:15:35', NULL, 'Turbo', '8', '$2y$15$d.7YXneEehtS6ZdMV3kvzO0oHsd.ZBG.vCFc0LI1cnh3KhGV2RO3q', 'duq4NKoJ', 'rtrtryt@mail.ru', '', '', '', 1, 1, NULL, NULL, NULL, NULL, '', '', '', NULL, '', NULL, '', NULL, '', NULL, NULL, 0, 0, 0, '0000-00-00 00:00:00', ''),
(9, '2016-04-07 17:50:49', NULL, 'Natalia', '9', '$2y$15$MXdHQ/5qTOKZ1KJXTWl55uQqx6FGSd7X9wKaoCgphl.2PhU/VWRB6', 'RZsGbHk4', 'lanceva@stolyca.com.ua', '', '', '066 453-09-19', 1, 1, NULL, NULL, NULL, NULL, '', '', '', NULL, '', NULL, '', NULL, '', NULL, NULL, 0, 0, 0, '2016-05-20 14:30:09', '82.144.205.45'),
(10, '2016-04-20 04:02:42', '2016-05-13 23:32:48', 'Mykola', '10', '$2y$15$UOq7si0Boumqv5GjFuzDLuswTck.r8zulJg0AahptrTaBZXyuZPM6', 'm6HqnxAY', 'mikola.tolok@gmail.com', '', '', '213123213', 1, 1, 'vBAIc5Eb1ZSPjsKVb5snD6L8FPzcECTiqrGlKNO7SIwp7Hus5v', '1970-01-01 03:00:00', '31.43.131.21', NULL, 'Украина', '', '', NULL, '', NULL, '', NULL, '', NULL, NULL, 0, 0, 0, '2016-11-23 22:42:28', '31.43.131.21'),
(11, '2016-08-01 01:24:09', NULL, 'JosephineLa', '11', '$2y$15$PvxAxACD8xNBz9Q8itJdsOsX6EbwKCVivyhwVG1a67Qy9CYLV3bb.', 'b4yeVGEI', 'josephine.lamble@seohalal.com', '', '', '01.33.72.87.87', 1, 0, NULL, NULL, NULL, NULL, '', '', '', NULL, '', NULL, '', NULL, '', NULL, NULL, 0, 0, 0, '0000-00-00 00:00:00', ''),
(12, '2016-08-27 12:08:15', NULL, 'KishaNtb800', '12', '$2y$15$j9LNcZJD11kNEJAM1wVlk.2d4upeWhbckMcp66zbOT83T8DlArZmu', 'pEyhvFXu', 'mirna.juares@ozost.com', '', '', '0323 2018090', 1, 0, NULL, NULL, NULL, NULL, '', '', '', NULL, '', NULL, '', NULL, '', NULL, NULL, 0, 0, 0, '0000-00-00 00:00:00', ''),
(13, '2016-08-28 06:46:43', NULL, 'NganArden75', '13', '$2y$15$4PXPTinPzb0j/O.DBhre2e4GxsNvmBm7niaaDMUYiocXXXxKOqqaK', 'pg131HVZ', 'patricio@centroblogger.com.ar', '', '', '03.04.28.04.44', 1, 1, NULL, NULL, NULL, NULL, '', '', '', NULL, '', NULL, '', NULL, '', NULL, NULL, 0, 0, 0, '2016-08-29 02:21:08', '93.118.77.62'),
(14, '2016-08-30 09:19:46', NULL, 'RussellCush', '14', '$2y$15$mqmpufZxq.Qh2JpI6BMtoeMbAFBQ3N4r3AhbV7JcqgTML5estAT42', 'xElKzoD4', 'marlyn@e.mylittlepony.website', '', '', '0355 0391403', 1, 1, NULL, NULL, NULL, NULL, '', '', '', NULL, '', NULL, '', NULL, '', NULL, NULL, 0, 0, 0, '2016-08-30 09:59:41', '104.144.163.158'),
(15, '2016-11-09 17:15:05', NULL, 'Pol', '15', '$2y$15$sQKhq6bwtrpYIoB9EdkCXeTyhZWb8foGIXE.gp0NQDsHCQQWCaw8C', 'VQ7FodKj', 'chitumbuwa@yahoo.com', '', '', '0508464840', 1, 0, NULL, NULL, NULL, NULL, '', '', '', NULL, '', NULL, '', NULL, '', NULL, NULL, 0, 0, 0, '0000-00-00 00:00:00', ''),
(16, '2016-11-27 19:01:08', NULL, 'Катя', '16', '$2y$15$h6n.jt6UK67WeG.O70ifSuZY02R8mEN3EHFJ2K9MPWnwcTWy6mm1m', 'b1c7Sr4w', 'katya_515@mail.ru', '', '', '', 1, 1, NULL, NULL, NULL, NULL, '', '', '', NULL, '', NULL, '', NULL, '', NULL, NULL, 0, 0, 0, '2016-12-01 18:24:01', '92.60.189.153'),
(17, '2016-11-29 18:02:27', NULL, 'ivan', '17', '$2y$15$b/HiX0XepRKz1mRuseqxnO3SEqLui8Qsp993NxaLTX5HP83h7M1b6', 'leS36eLQ', 'awite@ukr.net', '', '', '097 2122907', 1, 1, NULL, NULL, NULL, NULL, '', '', '', NULL, '', NULL, '', NULL, '', NULL, NULL, 0, 0, 1, '2016-11-29 18:02:52', '82.144.205.45'),
(18, '2016-12-02 16:17:09', NULL, 'Наталія', '18', '$2y$15$6pRtuILAY/tT4LqsiwXPxuz7dI2lAtjUEzZa9X3FfB60KMMbOKqQy', 'd7549RnI', 'pure_poinson95@mail.ru', '', '', '0936245269', 1, 0, NULL, NULL, NULL, NULL, '', '', '', NULL, '', NULL, '', NULL, '', NULL, NULL, 0, 0, 0, '0000-00-00 00:00:00', ''),
(19, '2016-12-05 12:09:45', NULL, 'Юрист', '19', '$2y$15$tPVwRL5cNmcI9KF0CLwQCe8S08NZHOxFoPBiXTopKoO1/JycxRNly', 'klf7NBql', 'sanya-09@ukr.net', '', '', '', 1, 1, NULL, NULL, NULL, NULL, '', '', '', NULL, '', NULL, '', NULL, '', NULL, NULL, 0, 0, 0, '2016-12-05 18:13:42', '92.60.189.153'),
(20, '2017-01-18 14:35:17', NULL, 'PoppyLoar66', '20', '$2y$15$p4b2VIJn5ngrSL90EbD9d.HUFmGrmHR2wTnHOOMPFzM0lqh9sSvWq', 'D7P6NzzA', 'poppy-loar@e-swojswiat.pl', '', '', '070 8845 0524', 1, 1, NULL, NULL, NULL, NULL, '', '', '', NULL, '', NULL, '', NULL, '', NULL, NULL, 0, 0, 0, '2017-01-18 15:21:01', '178.19.110.242'),
(21, '2017-01-27 14:11:48', NULL, 'Дмитрий', '21', '$2y$15$H.nS3ouC3FuiLVHHauR6i.X3tM6vSaUPClQid9q.qKVfgMfh61dSy', 'Cor3KCoU', 'barashdm@gmail.com', '', '', '0993283537', 1, 1, NULL, NULL, NULL, NULL, '', '', '', NULL, '', NULL, '', NULL, '', NULL, NULL, 0, 2, 0, '2017-01-27 14:19:55', '82.144.205.45');

-- --------------------------------------------------------

--
-- Структура таблиці `oc_t_user_description`
--

CREATE TABLE IF NOT EXISTS `oc_t_user_description` (
  `fk_i_user_id` int(10) unsigned NOT NULL,
  `fk_c_locale_code` char(5) NOT NULL,
  `s_info` text,
  PRIMARY KEY (`fk_i_user_id`,`fk_c_locale_code`),
  KEY `fk_c_locale_code` (`fk_c_locale_code`)
) ENGINE=InnoDB DEFAULT CHARSET=utf8;

--
-- Дамп даних таблиці `oc_t_user_description`
--

INSERT INTO `oc_t_user_description` (`fk_i_user_id`, `fk_c_locale_code`, `s_info`) VALUES
(1, 'en_US', 'Хороший парень'),
(1, 'ru_RU', 'Хороший парнеь'),
(1, 'uk_UK', ''),
(2, 'en_US', ''),
(2, 'ru_RU', ''),
(2, 'uk_UK', ''),
(3, 'en_US', ''),
(3, 'ru_RU', ''),
(3, 'uk_UK', ''),
(4, 'en_US', ''),
(4, 'ru_RU', ''),
(4, 'uk_UK', ''),
(5, 'en_US', ''),
(5, 'ru_RU', ''),
(5, 'uk_UK', ''),
(6, 'en_US', ''),
(6, 'ru_RU', ''),
(6, 'uk_UK', ''),
(10, 'en_US', ''),
(10, 'ru_RU', ''),
(10, 'uk_UK', '');

-- --------------------------------------------------------

--
-- Структура таблиці `oc_t_user_email_tmp`
--

CREATE TABLE IF NOT EXISTS `oc_t_user_email_tmp` (
  `fk_i_user_id` int(10) unsigned NOT NULL,
  `s_new_email` varchar(100) NOT NULL,
  `dt_date` datetime NOT NULL,
  PRIMARY KEY (`fk_i_user_id`)
) ENGINE=InnoDB DEFAULT CHARSET=utf8;

-- --------------------------------------------------------

--
-- Структура таблиці `oc_t_widget`
--

CREATE TABLE IF NOT EXISTS `oc_t_widget` (
  `pk_i_id` int(10) unsigned NOT NULL AUTO_INCREMENT,
  `s_description` varchar(40) NOT NULL,
  `s_location` varchar(40) NOT NULL,
  `e_kind` enum('TEXT','HTML') NOT NULL,
  `s_content` mediumtext NOT NULL,
  PRIMARY KEY (`pk_i_id`)
) ENGINE=InnoDB DEFAULT CHARSET=utf8 AUTO_INCREMENT=1 ;

--
-- Обмеження зовнішнього ключа збережених таблиць
--

--
-- Обмеження зовнішнього ключа таблиці `oc_t_category`
--
ALTER TABLE `oc_t_category`
  ADD CONSTRAINT `oc_t_category_ibfk_1` FOREIGN KEY (`fk_i_parent_id`) REFERENCES `oc_t_category` (`pk_i_id`);

--
-- Обмеження зовнішнього ключа таблиці `oc_t_category_description`
--
ALTER TABLE `oc_t_category_description`
  ADD CONSTRAINT `oc_t_category_description_ibfk_1` FOREIGN KEY (`fk_i_category_id`) REFERENCES `oc_t_category` (`pk_i_id`),
  ADD CONSTRAINT `oc_t_category_description_ibfk_2` FOREIGN KEY (`fk_c_locale_code`) REFERENCES `oc_t_locale` (`pk_c_code`);

--
-- Обмеження зовнішнього ключа таблиці `oc_t_category_stats`
--
ALTER TABLE `oc_t_category_stats`
  ADD CONSTRAINT `oc_t_category_stats_ibfk_1` FOREIGN KEY (`fk_i_category_id`) REFERENCES `oc_t_category` (`pk_i_id`);

--
-- Обмеження зовнішнього ключа таблиці `oc_t_city`
--
ALTER TABLE `oc_t_city`
  ADD CONSTRAINT `oc_t_city_ibfk_1` FOREIGN KEY (`fk_i_region_id`) REFERENCES `oc_t_region` (`pk_i_id`),
  ADD CONSTRAINT `oc_t_city_ibfk_2` FOREIGN KEY (`fk_c_country_code`) REFERENCES `oc_t_country` (`pk_c_code`);

--
-- Обмеження зовнішнього ключа таблиці `oc_t_city_area`
--
ALTER TABLE `oc_t_city_area`
  ADD CONSTRAINT `oc_t_city_area_ibfk_1` FOREIGN KEY (`fk_i_city_id`) REFERENCES `oc_t_city` (`pk_i_id`);

--
-- Обмеження зовнішнього ключа таблиці `oc_t_city_stats`
--
ALTER TABLE `oc_t_city_stats`
  ADD CONSTRAINT `oc_t_city_stats_ibfk_1` FOREIGN KEY (`fk_i_city_id`) REFERENCES `oc_t_city` (`pk_i_id`);

--
-- Обмеження зовнішнього ключа таблиці `oc_t_country_stats`
--
ALTER TABLE `oc_t_country_stats`
  ADD CONSTRAINT `oc_t_country_stats_ibfk_1` FOREIGN KEY (`fk_c_country_code`) REFERENCES `oc_t_country` (`pk_c_code`);

--
-- Обмеження зовнішнього ключа таблиці `oc_t_facebook_connect`
--
ALTER TABLE `oc_t_facebook_connect`
  ADD CONSTRAINT `oc_t_facebook_connect_ibfk_1` FOREIGN KEY (`fk_i_user_id`) REFERENCES `oc_t_user` (`pk_i_id`);

--
-- Обмеження зовнішнього ключа таблиці `oc_t_favorite_items`
--
ALTER TABLE `oc_t_favorite_items`
  ADD CONSTRAINT `oc_t_favorite_items_ibfk_1` FOREIGN KEY (`list_id`) REFERENCES `oc_t_favorite_list` (`list_id`) ON DELETE CASCADE ON UPDATE CASCADE,
  ADD CONSTRAINT `oc_t_favorite_items_ibfk_2` FOREIGN KEY (`item_id`) REFERENCES `oc_t_item` (`pk_i_id`) ON DELETE CASCADE ON UPDATE CASCADE;

--
-- Обмеження зовнішнього ключа таблиці `oc_t_item`
--
ALTER TABLE `oc_t_item`
  ADD CONSTRAINT `oc_t_item_ibfk_1` FOREIGN KEY (`fk_i_user_id`) REFERENCES `oc_t_user` (`pk_i_id`),
  ADD CONSTRAINT `oc_t_item_ibfk_2` FOREIGN KEY (`fk_i_category_id`) REFERENCES `oc_t_category` (`pk_i_id`),
  ADD CONSTRAINT `oc_t_item_ibfk_3` FOREIGN KEY (`fk_c_currency_code`) REFERENCES `oc_t_currency` (`pk_c_code`);

--
-- Обмеження зовнішнього ключа таблиці `oc_t_item_comment`
--
ALTER TABLE `oc_t_item_comment`
  ADD CONSTRAINT `oc_t_item_comment_ibfk_1` FOREIGN KEY (`fk_i_item_id`) REFERENCES `oc_t_item` (`pk_i_id`),
  ADD CONSTRAINT `oc_t_item_comment_ibfk_2` FOREIGN KEY (`fk_i_user_id`) REFERENCES `oc_t_user` (`pk_i_id`);

--
-- Обмеження зовнішнього ключа таблиці `oc_t_item_location`
--
ALTER TABLE `oc_t_item_location`
  ADD CONSTRAINT `oc_t_item_location_ibfk_1` FOREIGN KEY (`fk_i_item_id`) REFERENCES `oc_t_item` (`pk_i_id`),
  ADD CONSTRAINT `oc_t_item_location_ibfk_2` FOREIGN KEY (`fk_c_country_code`) REFERENCES `oc_t_country` (`pk_c_code`),
  ADD CONSTRAINT `oc_t_item_location_ibfk_3` FOREIGN KEY (`fk_i_region_id`) REFERENCES `oc_t_region` (`pk_i_id`),
  ADD CONSTRAINT `oc_t_item_location_ibfk_4` FOREIGN KEY (`fk_i_city_id`) REFERENCES `oc_t_city` (`pk_i_id`),
  ADD CONSTRAINT `oc_t_item_location_ibfk_5` FOREIGN KEY (`fk_i_city_area_id`) REFERENCES `oc_t_city_area` (`pk_i_id`);

--
-- Обмеження зовнішнього ключа таблиці `oc_t_item_meta`
--
ALTER TABLE `oc_t_item_meta`
  ADD CONSTRAINT `oc_t_item_meta_ibfk_1` FOREIGN KEY (`fk_i_item_id`) REFERENCES `oc_t_item` (`pk_i_id`),
  ADD CONSTRAINT `oc_t_item_meta_ibfk_2` FOREIGN KEY (`fk_i_field_id`) REFERENCES `oc_t_meta_fields` (`pk_i_id`);

--
-- Обмеження зовнішнього ключа таблиці `oc_t_item_resource`
--
ALTER TABLE `oc_t_item_resource`
  ADD CONSTRAINT `oc_t_item_resource_ibfk_1` FOREIGN KEY (`fk_i_item_id`) REFERENCES `oc_t_item` (`pk_i_id`);

--
-- Обмеження зовнішнього ключа таблиці `oc_t_item_stats`
--
ALTER TABLE `oc_t_item_stats`
  ADD CONSTRAINT `oc_t_item_stats_ibfk_1` FOREIGN KEY (`fk_i_item_id`) REFERENCES `oc_t_item` (`pk_i_id`);

--
-- Обмеження зовнішнього ключа таблиці `oc_t_keywords`
--
ALTER TABLE `oc_t_keywords`
  ADD CONSTRAINT `oc_t_keywords_ibfk_1` FOREIGN KEY (`fk_i_category_id`) REFERENCES `oc_t_category` (`pk_i_id`),
  ADD CONSTRAINT `oc_t_keywords_ibfk_2` FOREIGN KEY (`fk_i_city_id`) REFERENCES `oc_t_city` (`pk_i_id`),
  ADD CONSTRAINT `oc_t_keywords_ibfk_3` FOREIGN KEY (`fk_c_locale_code`) REFERENCES `oc_t_locale` (`pk_c_code`);

--
-- Обмеження зовнішнього ключа таблиці `oc_t_meta_categories`
--
ALTER TABLE `oc_t_meta_categories`
  ADD CONSTRAINT `oc_t_meta_categories_ibfk_1` FOREIGN KEY (`fk_i_category_id`) REFERENCES `oc_t_category` (`pk_i_id`),
  ADD CONSTRAINT `oc_t_meta_categories_ibfk_2` FOREIGN KEY (`fk_i_field_id`) REFERENCES `oc_t_meta_fields` (`pk_i_id`);

--
-- Обмеження зовнішнього ключа таблиці `oc_t_mmessenger_events_description`
--
ALTER TABLE `oc_t_mmessenger_events_description`
  ADD CONSTRAINT `fk_oc_t_mmessenger_events_desc` FOREIGN KEY (`fk_i_event_id`) REFERENCES `oc_t_mmessenger_events` (`id`) ON DELETE CASCADE ON UPDATE CASCADE,
  ADD CONSTRAINT `fk_oc_t_mmessenger_events_locale` FOREIGN KEY (`fk_c_locale_code`) REFERENCES `oc_t_locale` (`pk_c_code`);

--
-- Обмеження зовнішнього ключа таблиці `oc_t_mmessenger_labels`
--
ALTER TABLE `oc_t_mmessenger_labels`
  ADD CONSTRAINT `fk_oc_t_mmessenger_labels` FOREIGN KEY (`fk_i_parent_id`) REFERENCES `oc_t_mmessenger_labels` (`pk_i_id`) ON DELETE CASCADE ON UPDATE CASCADE;

--
-- Обмеження зовнішнього ключа таблиці `oc_t_mmessenger_labels_description`
--
ALTER TABLE `oc_t_mmessenger_labels_description`
  ADD CONSTRAINT `fk_oc_t_mmessenger_labels_locale` FOREIGN KEY (`fk_c_locale_code`) REFERENCES `oc_t_locale` (`pk_c_code`),
  ADD CONSTRAINT `fk_oc_t_mmessenger_labels_title` FOREIGN KEY (`fk_i_label_id`) REFERENCES `oc_t_mmessenger_labels` (`pk_i_id`) ON DELETE CASCADE ON UPDATE CASCADE;

--
-- Обмеження зовнішнього ключа таблиці `oc_t_mmessenger_message`
--
ALTER TABLE `oc_t_mmessenger_message`
  ADD CONSTRAINT `fk_oc_t_mmessenger_message_events` FOREIGN KEY (`event_id`) REFERENCES `oc_t_mmessenger_events` (`id`) ON DELETE CASCADE ON UPDATE CASCADE,
  ADD CONSTRAINT `fk_oc_t_mmessenger_message_root` FOREIGN KEY (`root_id`) REFERENCES `oc_t_mmessenger_message` (`id`) ON DELETE CASCADE ON UPDATE CASCADE,
  ADD CONSTRAINT `fk_oc_t_mmessenger_message_status` FOREIGN KEY (`status_id`) REFERENCES `oc_t_mmessenger_status` (`id`) ON DELETE SET NULL ON UPDATE CASCADE;

--
-- Обмеження зовнішнього ключа таблиці `oc_t_mmessenger_message_labels`
--
ALTER TABLE `oc_t_mmessenger_message_labels`
  ADD CONSTRAINT `fk_oc_t_mmessenger_message_labels_label` FOREIGN KEY (`fk_i_label_id`) REFERENCES `oc_t_mmessenger_labels` (`pk_i_id`) ON DELETE CASCADE ON UPDATE CASCADE,
  ADD CONSTRAINT `fk_oc_t_mmessenger_message_labels_message` FOREIGN KEY (`fk_i_message_id`) REFERENCES `oc_t_mmessenger_message` (`id`) ON DELETE CASCADE ON UPDATE CASCADE;

--
-- Обмеження зовнішнього ключа таблиці `oc_t_mmessenger_recipients`
--
ALTER TABLE `oc_t_mmessenger_recipients`
  ADD CONSTRAINT `fk_oc_t_mmessenger_recipients_message` FOREIGN KEY (`message_id`) REFERENCES `oc_t_mmessenger_message` (`id`) ON DELETE CASCADE ON UPDATE CASCADE;

--
-- Обмеження зовнішнього ключа таблиці `oc_t_mmessenger_status_description`
--
ALTER TABLE `oc_t_mmessenger_status_description`
  ADD CONSTRAINT `fk_oc_t_mmessenger_status_desc` FOREIGN KEY (`fk_i_status_id`) REFERENCES `oc_t_mmessenger_status` (`id`) ON DELETE CASCADE ON UPDATE CASCADE,
  ADD CONSTRAINT `fk_oc_t_mmessenger_status_locale` FOREIGN KEY (`fk_c_locale_code`) REFERENCES `oc_t_locale` (`pk_c_code`);

--
-- Обмеження зовнішнього ключа таблиці `oc_t_pages_description`
--
ALTER TABLE `oc_t_pages_description`
  ADD CONSTRAINT `oc_t_pages_description_ibfk_1` FOREIGN KEY (`fk_i_pages_id`) REFERENCES `oc_t_pages` (`pk_i_id`),
  ADD CONSTRAINT `oc_t_pages_description_ibfk_2` FOREIGN KEY (`fk_c_locale_code`) REFERENCES `oc_t_locale` (`pk_c_code`);

--
-- Обмеження зовнішнього ключа таблиці `oc_t_plugin_category`
--
ALTER TABLE `oc_t_plugin_category`
  ADD CONSTRAINT `oc_t_plugin_category_ibfk_1` FOREIGN KEY (`fk_i_category_id`) REFERENCES `oc_t_category` (`pk_i_id`);

--
-- Обмеження зовнішнього ключа таблиці `oc_t_rbc_premium`
--
ALTER TABLE `oc_t_rbc_premium`
  ADD CONSTRAINT `oc_t_rbc_premium_ibfk_1` FOREIGN KEY (`fk_i_item_id`) REFERENCES `oc_t_item` (`pk_i_id`),
  ADD CONSTRAINT `oc_t_rbc_premium_ibfk_2` FOREIGN KEY (`fk_i_payment_id`) REFERENCES `oc_t_rbc_log` (`pk_i_id`);

--
-- Обмеження зовнішнього ключа таблиці `oc_t_rbc_prices`
--
ALTER TABLE `oc_t_rbc_prices`
  ADD CONSTRAINT `oc_t_rbc_prices_ibfk_1` FOREIGN KEY (`fk_i_category_id`) REFERENCES `oc_t_category` (`pk_i_id`);

--
-- Обмеження зовнішнього ключа таблиці `oc_t_rbc_publish`
--
ALTER TABLE `oc_t_rbc_publish`
  ADD CONSTRAINT `oc_t_rbc_publish_ibfk_1` FOREIGN KEY (`fk_i_item_id`) REFERENCES `oc_t_item` (`pk_i_id`);

--
-- Обмеження зовнішнього ключа таблиці `oc_t_rbc_wallet`
--
ALTER TABLE `oc_t_rbc_wallet`
  ADD CONSTRAINT `oc_t_rbc_wallet_ibfk_1` FOREIGN KEY (`fk_i_user_id`) REFERENCES `oc_t_user` (`pk_i_id`);

--
-- Обмеження зовнішнього ключа таблиці `oc_t_region`
--
ALTER TABLE `oc_t_region`
  ADD CONSTRAINT `oc_t_region_ibfk_1` FOREIGN KEY (`fk_c_country_code`) REFERENCES `oc_t_country` (`pk_c_code`);

--
-- Обмеження зовнішнього ключа таблиці `oc_t_region_stats`
--
ALTER TABLE `oc_t_region_stats`
  ADD CONSTRAINT `oc_t_region_stats_ibfk_1` FOREIGN KEY (`fk_i_region_id`) REFERENCES `oc_t_region` (`pk_i_id`);

--
-- Обмеження зовнішнього ключа таблиці `oc_t_user`
--
ALTER TABLE `oc_t_user`
  ADD CONSTRAINT `oc_t_user_ibfk_1` FOREIGN KEY (`fk_c_country_code`) REFERENCES `oc_t_country` (`pk_c_code`),
  ADD CONSTRAINT `oc_t_user_ibfk_2` FOREIGN KEY (`fk_i_region_id`) REFERENCES `oc_t_region` (`pk_i_id`),
  ADD CONSTRAINT `oc_t_user_ibfk_3` FOREIGN KEY (`fk_i_city_id`) REFERENCES `oc_t_city` (`pk_i_id`),
  ADD CONSTRAINT `oc_t_user_ibfk_4` FOREIGN KEY (`fk_i_city_area_id`) REFERENCES `oc_t_city_area` (`pk_i_id`);

--
-- Обмеження зовнішнього ключа таблиці `oc_t_user_description`
--
ALTER TABLE `oc_t_user_description`
  ADD CONSTRAINT `oc_t_user_description_ibfk_1` FOREIGN KEY (`fk_i_user_id`) REFERENCES `oc_t_user` (`pk_i_id`),
  ADD CONSTRAINT `oc_t_user_description_ibfk_2` FOREIGN KEY (`fk_c_locale_code`) REFERENCES `oc_t_locale` (`pk_c_code`);

--
-- Обмеження зовнішнього ключа таблиці `oc_t_user_email_tmp`
--
ALTER TABLE `oc_t_user_email_tmp`
  ADD CONSTRAINT `oc_t_user_email_tmp_ibfk_1` FOREIGN KEY (`fk_i_user_id`) REFERENCES `oc_t_user` (`pk_i_id`);

/*!40101 SET CHARACTER_SET_CLIENT=@OLD_CHARACTER_SET_CLIENT */;
/*!40101 SET CHARACTER_SET_RESULTS=@OLD_CHARACTER_SET_RESULTS */;
/*!40101 SET COLLATION_CONNECTION=@OLD_COLLATION_CONNECTION */;
